장기요양기관코드,기관유형코드,,,
11111000006,A03,,,
11111000056,A03,,,
11111000060,A03,,,
11111000068,A03,,,
11111000076,A03,,,
11111000078,A03,,,
11111000087,A03,,,
11111000088,A04,,,
11111000135,A03,,,
11114000030,A03,,,
11114000040,A03,,,
11114000043,A04,,,
11117000054,A03,,,
11117000092,A03,,,
11120000010,A03,,,
11120000010,G31,,,
11120000010,G32,,,
11120000010,G33,,,
11120000010,G34,,,
11120000056,A04,,,
11120000065,A03,,,
11120000093,A03,,,
11120000110,A04,,,
11120000126,A04,,,
11120000180,A03,,,
11120000190,A04,,,
11121500005,A03,,,
11121500009,A04,,,
11121500093,A04,,,
11121500095,A04,,,
11121500101,A03,,,
11121500112,A04,,,
11121500118,A03,,,
11121500142,A03,,,
11121500148,A03,,,
11121500196,A04,,,
11121500252,A04,,,
11121500254,A04,,,
11121500260,A04,,,
11121500268,A03,,,
11121500269,A03,,,
11121500271,A04,,,
11121500282,A04,,,
11121500294,A03,,,
11121500303,A04,,,
11123000008,A03,,,
11123000009,A03,,,
11123000022,A03,,,
11123000061,A04,,,
11123000090,A04,,,
11123000113,A03,,,
11123000241,A04,,,
11123000284,A04,,,
11123000285,A04,,,
11123000292,A04,,,
11123000303,A04,,,
11123000307,A04,,,
11123000332,A04,,,
11123000347,A04,,,
11123000371,A04,,,
11123000373,A04,,,
11123000375,A04,,,
11123000376,A04,,,
11123000377,A04,,,
11123000381,A03,,,
11123000383,A03,,,
11123000387,A03,,,
11123000404,A04,,,
11126000011,A03,,,
11126000036,A04,,,
11126000074,A04,,,
11126000111,A03,,,
11126000113,A04,,,
11126000118,A04,,,
11126000162,A03,,,
11126000163,A04,,,
11126000164,A04,,,
11126000218,A04,,,
11126000230,A04,,,
11126000231,A04,,,
11126000232,A04,,,
11126000234,A04,,,
11126000253,A04,,,
11126000254,A04,,,
11126000271,A03,,,
11126000271,G31,,,
11126000271,G32,,,
11126000287,A03,,,
11126000291,A04,,,
11126000292,A04,,,
11126000300,A04,,,
11126000315,A04,,,
11126000316,A04,,,
11126000322,A03,,,
11126000326,A04,,,
11126000333,A04,,,
11126000336,A04,,,
11126000342,A04,,,
11126000361,A04,,,
11126000362,A04,,,
11126000438,A04,,,
11126000442,A03,,,
11126000446,A03,,,
11126000450,A03,,,
11126000468,A03,,,
11126000476,A04,,,
11126000483,A04,,,
11126000487,A04,,,
11126000488,A04,,,
11126000508,A04,,,
11126000509,A04,,,
11126000510,A04,,,
11126000525,A03,,,
11126000530,A04,,,
11126000554,A04,,,
11126000568,A04,,,
11126000590,A04,,,
11126000592,A04,,,
11129000018,A03,,,
11129000020,A03,,,
11129000078,A03,,,
11129000100,A03,,,
11129000104,A03,,,
11129000115,A03,,,
11129000139,A04,,,
11129000149,A03,,,
11129000169,A03,,,
11129000170,A03,,,
11129000216,A03,,,
11129000231,A04,,,
11129000250,A03,,,
11129000273,A04,,,
11129000318,A04,,,
11129000320,A03,,,
11129000330,A03,,,
11129000345,A03,,,
11129000351,A03,,,
11129000365,A03,,,
11129000365,G31,,,
11129000374,A03,,,
11129000376,A04,,,
11129000382,A03,,,
11129000395,A03,,,
11130500001,A03,,,
11130500047,A04,,,
11130500126,A03,,,
11130500169,A04,,,
11130500170,A04,,,
11130500171,A04,,,
11130500172,A03,,,
11130500172,G31,,,
11130500219,A04,,,
11130500220,A04,,,
11130500229,S41,,,
11130500234,A03,,,
11130500246,A03,,,
11130500248,A04,,,
11130500250,A04,,,
11130500273,A04,,,
11130500276,A04,,,
11130500280,A03,,,
11130500290,A03,,,
11130500302,A04,,,
11130500303,A04,,,
11130500307,A04,,,
11130500309,A04,,,
11130500329,A04,,,
11130500341,A04,,,
11130500352,A04,,,
11130500391,A03,,,
11130500395,A04,,,
11130500403,A03,,,
11130500410,A04,,,
11130500411,A04,,,
11130500426,A04,,,
11130500436,A03,,,
11132000003,A03,,,
11132000113,A04,,,
11132000152,A04,,,
11132000156,A03,,,
11132000216,A04,,,
11132000240,A04,,,
11132000257,A03,,,
11132000274,A04,,,
11132000275,A04,,,
11132000281,A03,,,
11132000286,A04,,,
11132000289,A04,,,
11132000295,A04,,,
11132000319,A04,,,
11132000330,A03,,,
11132000333,A04,,,
11132000337,A03,,,
11132000339,A03,,,
11132000340,A04,,,
11132000343,A04,,,
11132000345,A04,,,
11132000346,A04,,,
11132000352,A04,,,
11132000370,A04,,,
11132000380,A04,,,
11132000395,A04,,,
11132000396,A04,,,
11132000401,A03,,,
11132000402,A03,,,
11132000403,A03,,,
11132000404,A03,,,
11132000405,A03,,,
11132000406,A03,,,
11132000412,A04,,,
11132000413,A04,,,
11132000415,A04,,,
11132000416,A03,,,
11132000418,A04,,,
11132000419,A04,,,
11132000426,A04,,,
11132000451,A03,,,
11132000454,A03,,,
11132000463,A04,,,
11132000464,A04,,,
11132000482,A04,,,
11132000483,A04,,,
11132000489,A04,,,
11132000496,A03,,,
11132000517,A03,,,
11132000531,A03,,,
11132000537,A03,,,
11132000553,A03,,,
11135000011,A03,,,
11135000016,A03,,,
11135000020,A03,,,
11135000175,A03,,,
11135000188,A03,,,
11135000223,A03,,,
11135000268,A03,,,
11135000273,A03,,,
11135000292,A04,,,
11135000355,A03,,,
11135000400,A03,,,
11135000407,A04,,,
11135000425,A03,,,
11135000465,A04,,,
11135000487,A04,,,
11135000601,A04,,,
11135000602,A04,,,
11135000603,A04,,,
11135000608,A04,,,
11135000627,A03,,,
11135000630,A04,,,
11135000636,A04,,,
11135000651,A04,,,
11138000003,A03,,,
11138000006,A03,,,
11138000008,A03,,,
11138000031,A04,,,
11138000065,A03,,,
11138000065,G31,,,
11138000065,G32,,,
11138000065,G33,,,
11138000090,A03,,,
11138000093,A03,,,
11138000128,A03,,,
11138000195,A03,,,
11138000216,A03,,,
11138000217,A03,,,
11138000217,M31,,,
11138000224,A03,,,
11138000243,A03,,,
11138000258,A03,,,
11138000280,A04,,,
11138000355,A03,,,
11138000379,A03,,,
11138000397,A03,,,
11138000402,A04,,,
11138000430,A04,,,
11138000431,A04,,,
11138000481,A04,,,
11138000482,A03,,,
11138000482,G31,,,
11141000021,A03,,,
11141000023,A03,,,
11141000073,A03,,,
11141000097,A03,,,
11141000098,A03,,,
11141000133,A04,,,
11141000149,A03,,,
11141000170,S41,,,
11141000210,A03,,,
11141000224,A03,,,
11141000292,A03,,,
11144000012,A03,,,
11144000012,G31,,,
11144000012,G32,,,
11144000012,G33,,,
11144000211,A03,,,
11144000219,A03,,,
11147000005,A03,,,
11147000076,A04,,,
11147000093,A04,,,
11147000121,A03,,,
11147000124,A04,,,
11147000126,A04,,,
11147000136,A03,,,
11147000183,A03,,,
11147000221,A03,,,
11147000294,A04,,,
11147000322,A03,,,
11147000330,A03,,,
11147000330,G31,,,
11147000350,A03,,,
11147000362,A03,,,
11147000366,A03,,,
11147000383,A03,,,
11147000473,A03,,,
11147000539,A03,,,
11150000002,A03,,,
11150000003,A03,,,
11150000004,A03,,,
11150000008,A03,,,
11150000068,A03,,,
11150000154,A03,,,
11150000195,A04,,,
11150000238,A03,,,
11150000249,A03,,,
11150000257,A03,,,
11150000336,A03,,,
11150000339,A03,,,
11150000340,A03,,,
11150000376,A03,,,
11150000391,A03,,,
11150000399,A04,,,
11150000400,A04,,,
11150000401,A04,,,
11150000429,A04,,,
11150000437,A03,,,
11150000468,A03,,,
11150000518,A03,,,
11150000532,A04,,,
11150000554,A04,,,
11150000560,A04,,,
11150000561,A03,,,
11150000568,A03,,,
11150000571,A03,,,
11150000573,A04,,,
11150000582,A04,,,
11150000602,S41,,,
11150000624,A04,,,
11150000625,A03,,,
11153000103,A04,,,
11153000136,A03,,,
11153000208,A03,,,
11153000210,A03,,,
11153000215,A03,,,
11153000234,A03,,,
11153000246,A03,,,
11153000267,A03,,,
11153000320,A04,,,
11153000321,A04,,,
11153000336,A04,,,
11153000356,A03,,,
11153000358,A03,,,
11153000390,A03,,,
11153000424,A03,,,
11154500002,A03,,,
11154500008,A03,,,
11154500029,A03,,,
11154500096,A03,,,
11154500096,G31,,,
11154500096,G32,,,
11154500157,A03,,,
11154500164,A04,,,
11154500170,A03,,,
11154500184,A04,,,
11154500190,A04,,,
11154500200,A03,,,
11154500209,A03,,,
11154500213,A04,,,
11154500241,A03,,,
11154500251,A03,,,
11154500252,A04,,,
11154500253,A04,,,
11154500268,A03,,,
11154500269,A04,,,
11154500283,A03,,,
11154500285,A03,,,
11154500289,A04,,,
11154500301,A03,,,
11154500302,A03,,,
11156000001,A04,,,
11156000018,A03,,,
11156000018,G31,,,
11156000018,G32,,,
11156000023,A03,,,
11156000049,A04,,,
11156000057,A04,,,
11156000148,A04,,,
11156000150,A04,,,
11156000190,A04,,,
11156000191,A04,,,
11156000193,A04,,,
11156000194,A04,,,
11156000213,A04,,,
11156000264,A04,,,
11156000265,A04,,,
11156000266,A04,,,
11156000287,A04,,,
11156000295,A04,,,
11156000296,A04,,,
11156000297,A04,,,
11159000002,A04,,,
11159000004,A03,,,
11159000054,A04,,,
11159000060,A04,,,
11159000110,A03,,,
11159000178,A03,,,
11159000189,A03,,,
11159000214,A04,,,
11159000264,A03,,,
11159000281,A03,,,
11159000289,A03,,,
11162000002,A03,,,
11162000078,A03,,,
11162000099,A03,,,
11162000113,A03,,,
11162000189,A04,,,
11162000193,A03,,,
11162000223,A04,,,
11162000231,A04,,,
11162000250,A04,,,
11162000253,A03,,,
11162000268,A04,,,
11162000269,A04,,,
11162000349,A04,,,
11162000358,A03,,,
11162000367,A04,,,
11162000368,A04,,,
11162000372,A04,,,
11162000386,A04,,,
11162000387,A04,,,
11162000391,A04,,,
11162000393,A04,,,
11162000394,A04,,,
11162000418,A03,,,
11162000422,A03,,,
11162000428,A04,,,
11162000431,A04,,,
11162000437,A04,,,
11162000451,A04,,,
11162000452,A04,,,
11162000466,A03,,,
11165000083,A04,,,
11165000086,A03,,,
11165000098,A03,,,
11165000189,A03,,,
11165000189,G31,,,
11165000218,A03,,,
11168000009,A03,,,
11168000067,A03,,,
11168000082,A03,,,
11168000104,A03,,,
11168000127,S41,,,
11168000175,A03,,,
11168000175,G31,,,
11168000175,G32,,,
11168000180,A04,,,
11168000303,A04,,,
11168000312,A03,,,
11168000332,A03,,,
11171000016,A03,,,
11171000116,A03,,,
11171000123,A03,,,
11171000136,A03,,,
11171000139,A03,,,
11171000141,A04,,,
11171000144,A04,,,
11171000156,A04,,,
11171000172,A04,,,
11171000175,A04,,,
11171000191,A04,,,
11171000216,A03,,,
11171000280,A03,,,
11171000318,A03,,,
11171000318,G31,,,
11171000318,G32,,,
11171000385,A03,,,
11171000408,A04,,,
11171000409,A04,,,
11171000435,A04,,,
11171000436,A04,,,
11171000437,A04,,,
11171000438,A04,,,
11171000442,A04,,,
11171000463,A04,,,
11171000479,A03,,,
11174000123,A04,,,
11174000126,A03,,,
11174000156,A03,,,
11174000191,A03,,,
11174000195,A04,,,
11174000204,A04,,,
11174000208,A03,,,
11174000217,A04,,,
11174000218,A04,,,
11174000222,A04,,,
11174000228,A04,,,
11174000261,A03,,,
11174000290,A03,,,
11174000310,A04,,,
11174000311,A04,,,
11174000335,A04,,,
11174000336,A04,,,
11174000376,A03,,,
11174000386,A03,,,
11174000386,G31,,,
11174000386,G32,,,
11174000401,A03,,,
11174000422,A03,,,
12611000104,A03,,,
12614000008,A03,,,
12614000051,A03,,,
12614000053,A03,,,
12614000068,A03,,,
12617000001,A03,,,
12617000074,A03,,,
12617000090,A04,,,
12620000004,A03,,,
12620000004,M31,,,
12620000004,M32,,,
12620000120,A03,,,
12620000160,A03,,,
12623000001,A03,,,
12623000091,A04,,,
12623000149,A03,,,
12623000176,A03,,,
12623000178,A03,,,
12623000281,A04,,,
12623000294,A03,,,
12623000382,A03,,,
12623000409,A03,,,
12623000458,A03,,,
12626000004,A03,,,
12626000084,A03,,,
12626000106,A04,,,
12626000121,A03,,,
12626000126,A03,,,
12626000167,A03,,,
12626000247,A03,,,
12626000308,A03,,,
12629000004,A03,,,
12629000061,A03,,,
12629000108,A03,,,
12629000165,A04,,,
12632000004,A03,,,
12632000009,A03,,,
12632000018,A03,,,
12632000049,A03,,,
12632000053,A03,,,
12632000098,A03,,,
12632000188,A03,,,
12632000200,A03,,,
12632000210,A03,,,
12632000284,A04,,,
12632000308,A03,,,
12632000332,A03,,,
12632000334,A04,,,
12635000006,A03,,,
12635000008,A03,,,
12635000023,A03,,,
12635000064,A03,,,
12635000064,A04,,,
12635000136,A03,,,
12635000150,A03,,,
12635000221,A04,,,
12635000235,A04,,,
12635000240,A04,,,
12635000323,A03,,,
12638000008,A03,,,
12638000008,G31,,,
12638000008,G32,,,
12638000010,A03,,,
12638000011,A03,,,
12638000086,A03,,,
12638000107,A03,,,
12638000116,A03,,,
12638000118,A03,,,
12638000191,A03,,,
12638000230,A03,,,
12638000231,A03,,,
12638000234,A04,,,
12638000248,A03,,,
12638000253,A03,,,
12641000001,A03,,,
12641000003,A03,,,
12641000003,G31,,,
12641000003,G32,,,
12641000003,G33,,,
12641000003,G34,,,
12641000004,A03,,,
12641000005,A03,,,
12641000006,A03,,,
12641000007,A03,,,
12641000024,A03,,,
12641000037,A03,,,
12644000009,A03,,,
12644000019,A03,,,
12644000021,A03,,,
12644000065,A03,,,
12644000070,A03,,,
12644000074,A03,,,
12647000001,A03,,,
12647000020,A03,,,
12647000046,A04,,,
12647000047,A04,,,
12647000048,A04,,,
12647000137,A04,,,
12647000148,A03,,,
12647000210,A04,,,
12650000004,A03,,,
12650000005,A03,,,
12650000010,A04,,,
12650000013,A03,,,
12650000014,A03,,,
12650000147,A03,,,
12653000043,A03,,,
12653000051,A03,,,
12653000056,A03,,,
12653000078,A03,,,
12653000078,G31,,,
12653000078,G32,,,
12653000078,G33,,,
12653000087,A03,,,
12653000087,A04,,,
12653000088,A03,,,
12653000092,A03,,,
12653000182,A04,,,
12671000003,A03,,,
12671000004,A03,,,
12671000037,A03,,,
12671000062,A03,,,
12671000075,A03,,,
12671000077,A03,,,
12671000086,A03,,,
12671000090,A03,,,
12671000094,A03,,,
12671000100,A03,,,
12671000107,A03,,,
12671000108,A03,,,
12671000117,A03,,,
12671000138,A04,,,
12671000160,A03,,,
12671000207,A04,,,
12671000238,A03,,,
12671000262,A04,,,
12671000270,A03,,,
12671000279,A03,,,
12711000079,A04,,,
12711000091,A04,,,
12711000113,A03,,,
12711000132,A03,,,
12711000154,A03,,,
12714000001,A03,,,
12714000003,A03,,,
12714000008,A03,,,
12714000011,A03,,,
12714000015,A03,,,
12714000051,A03,,,
12714000169,A03,,,
12714000174,A04,,,
12714000183,A03,,,
12714000265,A04,,,
12714000269,A03,,,
12714000295,A03,,,
12714000312,A03,,,
12714000317,A03,,,
12714000318,A03,,,
12714000324,A04,,,
12714000325,A04,,,
12714000363,A03,,,
12714000382,A03,,,
12714000385,A04,,,
12714000386,A04,,,
12714000392,A03,,,
12714000400,A03,,,
12714000409,A03,,,
12714000427,A03,,,
12714000465,A04,,,
12714000476,A03,,,
12714000510,A03,,,
12714000512,A03,,,
12714000539,A03,,,
12714000599,A04,,,
12714000600,A04,,,
12714000602,A04,,,
12714000603,A03,,,
12714000642,A04,,,
12714000643,S41,,,
12714000644,A04,,,
12714000650,A03,,,
12714000666,A04,,,
12714000675,A03,,,
12714000684,A04,,,
12717000001,A03,,,
12717000003,A03,,,
12717000004,A03,,,
12717000032,A03,,,
12717000112,A03,,,
12717000139,A04,,,
12717000140,A04,,,
12717000144,A03,,,
12717000150,A03,,,
12717000227,A04,,,
12717000237,A03,,,
12717000242,A04,,,
12717000250,A03,,,
12717000254,A04,,,
12717000255,A04,,,
12717000268,A04,,,
12717000269,A04,,,
12717000283,A04,,,
12717000344,A03,,,
12717000350,A03,,,
12717000354,A04,,,
12717000355,A04,,,
12717000377,A03,,,
12717000382,A03,,,
12717000386,A03,,,
12717000400,A03,,,
12717000411,A03,,,
12717000427,A04,,,
12717000428,A04,,,
12717000429,A04,,,
12717000434,A03,,,
12720000004,A03,,,
12720000011,A03,,,
12720000052,A03,,,
12720000081,A03,,,
12720000088,A03,,,
12720000090,A03,,,
12720000100,A03,,,
12720000106,A04,,,
12720000125,A03,,,
12720000135,A04,,,
12720000137,A04,,,
12720000138,A04,,,
12720000155,A04,,,
12720000160,A03,,,
12720000174,A04,,,
12720000175,A03,,,
12720000194,A04,,,
12720000199,A04,,,
12720000207,A03,,,
12720000275,A03,,,
12720000277,A04,,,
12720000291,A03,,,
12720000308,A03,,,
12720000312,A04,,,
12720000327,A04,,,
12723000018,A03,,,
12723000106,A03,,,
12723000107,A03,,,
12723000107,G31,,,
12723000107,G32,,,
12723000107,G33,,,
12723000172,A04,,,
12723000177,A03,,,
12723000181,A04,,,
12723000196,A03,,,
12723000216,A04,,,
12723000240,A04,,,
12723000244,A03,,,
12723000245,A04,,,
12723000259,A03,,,
12723000266,A03,,,
12723000277,A04,,,
12723000304,A04,,,
12723000315,A03,,,
12723000317,A04,,,
12723000318,A04,,,
12723000329,A03,,,
12723000346,A03,,,
12723000372,A04,,,
12723000388,A03,,,
12723000404,A04,,,
12723000410,A03,,,
12723000412,A04,,,
12723000413,A04,,,
12723000420,A04,,,
12723000448,A03,,,
12723000466,A03,,,
12723000482,A03,,,
12723000489,A03,,,
12723000491,A04,,,
12723000495,A04,,,
12723000496,A04,,,
12723000507,A04,,,
12723000512,A03,,,
12723000541,A03,,,
12723000542,A04,,,
12723000544,A04,,,
12723000563,A04,,,
12723000565,A03,,,
12723000566,A03,,,
12723000568,A04,,,
12723000569,A04,,,
12723000574,A03,,,
12723000578,A04,,,
12723000580,A04,,,
12723000618,A03,,,
12723000619,A04,,,
12723000631,A04,,,
12723000642,A04,,,
12723000649,A03,,,
12723000667,A03,,,
12723000683,A03,,,
12723000687,A04,,,
12723000688,A03,,,
12723000690,A03,,,
12723000695,A03,,,
12723000708,A03,,,
12723000709,A03,,,
12723000714,A03,,,
12726000007,A03,,,
12726000044,A03,,,
12726000148,A04,,,
12726000150,A03,,,
12726000162,A04,,,
12726000173,A04,,,
12726000180,A03,,,
12726000192,A04,,,
12726000198,A03,,,
12726000270,A03,,,
12726000275,S41,,,
12726000395,A04,,,
12726000400,A03,,,
12726000455,A03,,,
12726000458,A03,,,
12726000459,A03,,,
12726000464,A04,,,
12729000024,A03,,,
12729000040,A03,,,
12729000096,A03,,,
12729000180,A03,,,
12729000197,A04,,,
12729000214,A04,,,
12729000238,A04,,,
12729000250,A03,,,
12729000252,A03,,,
12729000252,G31,,,
12729000252,G32,,,
12729000252,G33,,,
12729000261,A03,,,
12729000298,A04,,,
12729000320,A04,,,
12729000392,A04,,,
12729000403,A04,,,
12729000404,A04,,,
12729000421,A03,,,
12729000428,A03,,,
12729000428,G31,,,
12729000452,A03,,,
12729000486,A04,,,
12729000487,A04,,,
12729000496,A03,,,
12729000542,A03,,,
12729000558,A04,,,
12729000569,A03,,,
12729000579,A04,,,
12729000588,A04,,,
12729000589,A03,,,
12729000610,A03,,,
12729000620,A04,,,
12729000621,A03,,,
12729000621,G31,,,
12729000625,A03,,,
12729000629,A03,,,
12729000652,A03,,,
12729000672,A03,,,
12729000692,A03,,,
12729000711,A04,,,
12729000720,A03,,,
12729000721,A04,,,
12729000722,A04,,,
12729000733,A04,,,
12771000002,A03,,,
12771000006,A03,,,
12771000007,A03,,,
12771000042,A03,,,
12771000052,A03,,,
12771000057,A03,,,
12771000062,A03,,,
12771000070,A03,,,
12771000075,A04,,,
12771000077,A04,,,
12771000086,A03,,,
12771000086,G31,,,
12771000086,G32,,,
12771000088,A04,,,
12771000091,A04,,,
12771000094,A03,,,
12771000102,A04,,,
12771000103,A04,,,
12771000110,A03,,,
12771000127,A03,,,
12771000130,A04,,,
12771000139,A03,,,
12771000144,A04,,,
12771000151,A03,,,
12771000155,A04,,,
12771000156,A04,,,
12771000173,A03,,,
12771000184,A03,,,
12771000190,A03,,,
12771000214,A03,,,
12771000214,G31,,,
12771000216,A03,,,
12771000221,S41,,,
12771000223,A03,,,
12771000225,A03,,,
12771000226,A04,,,
12771000229,A03,,,
12771000240,A04,,,
12771000244,A03,,,
12771000256,A03,,,
12771000265,A03,,,
12771000275,A03,,,
12811000009,A03,,,
12811000029,A03,,,
12811000052,A04,,,
12811000060,A03,,,
12811000076,A03,,,
12811000081,A04,,,
12811000082,A03,,,
12811000083,A03,,,
12811000095,A03,,,
12811000105,A03,,,
12811000112,A03,,,
12811000121,A03,,,
12811000125,A03,,,
12811000134,A03,,,
12811000138,A03,,,
12811000148,A03,,,
12811000152,A03,,,
12811000154,A03,,,
12811000161,A03,,,
12811000167,A03,,,
12811000176,A03,,,
12811000183,A03,,,
12811000189,A03,,,
12811000190,A03,,,
12811000194,A03,,,
12811000200,A03,,,
12811000207,A03,,,
12814000023,A03,,,
12814000024,A03,,,
12814000076,A03,,,
12814000081,A04,,,
12814000082,A04,,,
12814000103,A03,,,
12814000111,A03,,,
12814000114,A03,,,
12817000004,A03,,,
12817000005,A03,,,
12817000044,A03,,,
12817000102,A03,,,
12817000111,A03,,,
12817000153,A03,,,
12817000182,A03,,,
12817000192,A03,,,
12817000210,A03,,,
12817000227,A03,,,
12817000229,A04,,,
12817000231,A03,,,
12817000240,A03,,,
12817000242,A04,,,
12817000267,A04,,,
12817000268,A04,,,
12817000300,A03,,,
12817000302,A03,,,
12817000305,A03,,,
12817000309,A03,,,
12817000331,A03,,,
12817000341,A03,,,
12817000387,A03,,,
12817700408,A03,,,
12817700428,A03,,,
12817700434,A03,,,
12817700443,A03,,,
12817700445,A03,,,
12817700459,A03,,,
12817700475,A03,,,
12817700482,A03,,,
12817700517,A03,,,
12817700523,A03,,,
12817700537,A04,,,
12817700538,A03,,,
12817700543,A03,,,
12817700586,A03,,,
12817700587,A03,,,
12817700590,A03,,,
12817700607,A03,,,
12817700611,A03,,,
12817700624,A03,,,
12817700625,A03,,,
12817700636,A03,,,
12817700640,A03,,,
12817700641,A04,,,
12817700642,A04,,,
12817700652,A03,,,
12817700657,A04,,,
12817700665,A04,,,
12817700675,A03,,,
12817700678,A03,,,
12817700684,A03,,,
12817700685,A03,,,
12818500009,A03,,,
12818500014,A03,,,
12818500023,A03,,,
12818500077,A03,,,
12818500085,A03,,,
12818500094,A04,,,
12818500121,A03,,,
12818500125,A03,,,
12818500126,A04,,,
12818500129,A03,,,
12818500155,A03,,,
12818500161,A03,,,
12818500176,A03,,,
12818500233,A04,,,
12818500234,A03,,,
12818500235,A03,,,
12818500236,A03,,,
12818500248,A03,,,
12818500249,A03,,,
12818500254,A03,,,
12818500259,A03,,,
12818500264,A03,,,
12818500272,A04,,,
12818500278,A03,,,
12818500280,A03,,,
12818500281,A03,,,
12818500286,A03,,,
12818500289,A03,,,
12818500299,A03,,,
12818500303,A03,,,
12818500307,A04,,,
12818500313,A03,,,
12818500315,A03,,,
12818500319,A03,,,
12818500322,A03,,,
12818500328,A04,,,
12820000001,A03,,,
12820000009,A03,,,
12820000018,A03,,,
12820000018,G31,,,
12820000018,G32,,,
12820000073,A04,,,
12820000240,A04,,,
12820000248,A03,,,
12820000273,A03,,,
12820000291,A03,,,
12820000293,A04,,,
12820000319,A04,,,
12820000356,A03,,,
12820000372,A03,,,
12820000374,A03,,,
12820000392,A03,,,
12820000397,A03,,,
12820000411,A03,,,
12820000411,G31,,,
12820000415,A03,,,
12820000419,A04,,,
12820000475,A03,,,
12820000505,A03,,,
12820000524,A04,,,
12820000525,A04,,,
12820000537,A03,,,
12820000542,A03,,,
12820000544,A04,,,
12820000566,A03,,,
12820000573,A03,,,
12820000580,A04,,,
12820000581,S41,,,
12820000583,A03,,,
12820000590,A03,,,
12820000600,A03,,,
12820000603,A03,,,
12820000606,A03,,,
12820000607,A03,,,
12820000612,A03,,,
12820000619,A04,,,
12820000627,A03,,,
12820000631,A03,,,
12820000636,A03,,,
12820000650,A03,,,
12820000652,A03,,,
12820000669,A03,,,
12820000683,A03,,,
12820000691,A03,,,
12820000692,A03,,,
12820000700,A03,,,
12820000714,A03,,,
12820000715,A03,,,
12820000716,A03,,,
12820000723,A03,,,
12820000724,A03,,,
12820000725,A04,,,
12820000728,A04,,,
12820000729,A03,,,
12820000736,A03,,,
12820000738,A03,,,
12820000740,A03,,,
12820000747,A03,,,
12820000754,A03,,,
12820000757,A03,,,
12820000758,A03,,,
12820000763,A03,,,
12820000764,A03,,,
12820000765,A03,,,
12820000768,A03,,,
12820000771,A04,,,
12820000772,A04,,,
12820000776,A03,,,
12820000780,A03,,,
12820000783,A03,,,
12820000793,A03,,,
12820000800,A03,,,
12820000807,A03,,,
12820000808,A03,,,
12820000812,A03,,,
12820000813,A03,,,
12820000814,A03,,,
12820000818,A03,,,
12820000827,A03,,,
12820000830,A03,,,
12820000833,A03,,,
12820000842,A03,,,
12820000843,A03,,,
12820000844,A03,,,
12820000852,A03,,,
12820000855,A03,,,
12820000860,A04,,,
12820000861,A04,,,
12820000863,A03,,,
12820000864,A04,,,
12820000871,A04,,,
12820000872,A03,,,
12820000878,A04,,,
12820000879,A04,,,
12820000882,A03,,,
12820000885,A03,,,
12820000891,A03,,,
12820000897,A03,,,
12820000898,A04,,,
12820000900,A04,,,
12820000904,A03,,,
12820000905,A03,,,
12820000906,A03,,,
12820000909,A04,,,
12820000910,A04,,,
12820000919,A03,,,
12820000925,A03,,,
12820000926,A03,,,
12820000927,A04,,,
12820000929,A04,,,
12820000937,A04,,,
12820000938,A03,,,
12820000952,A03,,,
12820000959,A03,,,
12820000965,A03,,,
12820000969,A03,,,
12820000970,A03,,,
12820000971,A03,,,
12820000975,A03,,,
12823700015,A03,,,
12823700018,A03,,,
12823700033,A03,,,
12823700040,A03,,,
12823700070,A03,,,
12823700129,A03,,,
12823700216,A04,,,
12823700228,A03,,,
12823700241,A03,,,
12823700273,A03,,,
12823700279,A03,,,
12823700283,A03,,,
12823700297,A03,,,
12823700318,A03,,,
12823700336,A03,,,
12823700337,A03,,,
12823700341,A04,,,
12823700347,A03,,,
12823700370,A03,,,
12823700379,A03,,,
12823700446,A03,,,
12823700483,A03,,,
12823700502,A03,,,
12823700520,A03,,,
12823700526,A03,,,
12823700532,A03,,,
12823700532,G31,,,
12823700532,G32,,,
12823700534,A03,,,
12823700536,A03,,,
12823700545,A03,,,
12823700546,A03,,,
12823700548,A03,,,
12823700550,A04,,,
12823700556,A03,,,
12823700558,A03,,,
12823700578,A03,,,
12823700627,A03,,,
12823700640,A04,,,
12823700641,A03,,,
12823700642,A03,,,
12823700643,A03,,,
12823700649,A04,,,
12823700654,A03,,,
12823700665,A04,,,
12823700668,A04,,,
12823700669,A04,,,
12823700674,A03,,,
12823700675,A03,,,
12823700684,A03,,,
12823700684,G31,,,
12823700690,A03,,,
12823700691,A03,,,
12823700692,A03,,,
12823700694,A03,,,
12823700695,A03,,,
12823700697,A03,,,
12823700703,A03,,,
12823700704,A03,,,
12823700705,A03,,,
12823700710,A03,,,
12823700722,A03,,,
12823700726,A03,,,
12823700732,A04,,,
12823700747,A03,,,
12823700748,A03,,,
12823700753,A03,,,
12823700767,A03,,,
12824500003,A03,,,
12824500109,A03,,,
12824500141,A03,,,
12824500153,A03,,,
12824500181,A03,,,
12824500200,A03,,,
12824500202,A04,,,
12824500203,A04,,,
12824500214,A03,,,
12824500221,A03,,,
12824500231,A03,,,
12824500238,A03,,,
12824500264,A03,,,
12824500296,A03,,,
12824500303,A03,,,
12824500312,A03,,,
12824500312,G31,,,
12824500314,A04,,,
12824500339,A03,,,
12824500342,A03,,,
12824500349,A03,,,
12824500359,A03,,,
12824500369,A03,,,
12824500372,A03,,,
12824500374,A03,,,
12824500378,A03,,,
12824500390,A03,,,
12824500410,A03,,,
12824500412,A03,,,
12824500413,A03,,,
12824500421,A03,,,
12824500428,A03,,,
12824500434,A03,,,
12824500440,A04,,,
12824500443,A03,,,
12824500445,A03,,,
12824500447,A03,,,
12824500448,A03,,,
12824500453,A03,,,
12824500464,A03,,,
12824500468,A03,,,
12824500468,G31,,,
12824500472,A03,,,
12824500474,A03,,,
12824500483,A03,,,
12824500485,A03,,,
12824500491,A04,,,
12824500496,A03,,,
12824500507,A03,,,
12824500508,A04,,,
12824500513,A03,,,
12824500514,A04,,,
12824500515,A03,,,
12824500523,A03,,,
12824500529,A03,,,
12824500533,A04,,,
12824500534,A03,,,
12824500539,A03,,,
12824500549,A03,,,
12824500550,A03,,,
12824500558,A03,,,
12824500559,A03,,,
12824500560,A03,,,
12824500561,A03,,,
12824500562,A04,,,
12824500565,A03,,,
12824500577,A04,,,
12824500579,A03,,,
12824500581,A03,,,
12824500582,A04,,,
12826000004,A03,,,
12826000006,A03,,,
12826000008,A03,,,
12826000008,G31,,,
12826000055,A03,,,
12826000083,A03,,,
12826000145,A03,,,
12826000169,S41,,,
12826000238,A03,,,
12826000255,A03,,,
12826000262,A03,,,
12826000264,A03,,,
12826000268,A03,,,
12826000278,A03,,,
12826000298,A03,,,
12826000313,A03,,,
12826000328,A03,,,
12826000330,A03,,,
12826000355,A03,,,
12826000359,A03,,,
12826000362,A03,,,
12826000392,A03,,,
12826000432,A03,,,
12826000439,A03,,,
12826000441,A03,,,
12826000442,A03,,,
12826000463,A03,,,
12826000491,A03,,,
12826000494,A03,,,
12826000500,A03,,,
12826000501,A03,,,
12826000507,A03,,,
12826000508,A03,,,
12826000516,A04,,,
12826000517,A03,,,
12826000518,A03,,,
12826000533,A03,,,
12826000539,A03,,,
12826000545,A03,,,
12826000550,A03,,,
12826000565,A03,,,
12826000565,G31,,,
12826000565,G32,,,
12826000576,A03,,,
12826000579,A03,,,
12826000580,A03,,,
12826000585,A03,,,
12826000586,A03,,,
12826000588,A03,,,
12826000593,A03,,,
12826000595,A03,,,
12826000596,A03,,,
12826000598,A03,,,
12826000606,A03,,,
12826000608,A03,,,
12826000612,A03,,,
12826000626,A03,,,
12826000629,A03,,,
12826000632,A03,,,
12826000636,A03,,,
12826000637,A04,,,
12826000638,A04,,,
12826000639,A03,,,
12826000640,A03,,,
12826000643,A03,,,
12826000645,A03,,,
12826000646,A03,,,
12826000647,A03,,,
12826000651,A03,,,
12826000652,A03,,,
12826000653,A03,,,
12826000665,A03,,,
12826000666,A03,,,
12826000667,A03,,,
12826000668,A03,,,
12826000668,G31,,,
12826000668,G32,,,
12826000668,G33,,,
12826000669,A03,,,
12826000673,A03,,,
12826000674,A03,,,
12826000675,A03,,,
12826000677,A03,,,
12826000683,A03,,,
12826000688,A03,,,
12826000689,A04,,,
12826000690,A03,,,
12826000705,A03,,,
12826000713,A03,,,
12826000714,A03,,,
12826000715,A03,,,
12826000716,A03,,,
12826000725,A03,,,
12826000728,A03,,,
12826000729,A03,,,
12826000730,A03,,,
12826000731,A04,,,
12826000732,A03,,,
12826000734,A03,,,
12826000735,A03,,,
12826000736,A03,,,
12826000738,A03,,,
12826000746,A03,,,
12826000747,A03,,,
12826000753,A03,,,
12826000755,A03,,,
12871000003,A03,,,
12871000005,A03,,,
12871000006,A03,,,
12871000013,A03,,,
12871000025,A03,,,
12871000039,A04,,,
12871000059,A03,,,
12871000061,A03,,,
12871000062,A03,,,
12871000069,A03,,,
12871000076,A03,,,
12871000080,A03,,,
12871000088,A03,,,
12871000099,A04,,,
12871000102,A03,,,
12871000106,A04,,,
12871000111,A04,,,
12871000116,A04,,,
12871000118,A04,,,
12871000119,A03,,,
12871000124,A03,,,
12871000129,A03,,,
12871000134,A03,,,
12871000136,A03,,,
12871000143,A03,,,
12871000155,A03,,,
12871000159,A04,,,
12871000160,A03,,,
12871000164,A03,,,
12871000167,A04,,,
12871000171,A03,,,
12872000009,A03,,,
12872000012,A03,,,
12872000016,A04,,,
12872000018,A04,,,
12872000020,A04,,,
12872000022,A04,,,
12872000024,A04,,,
12911000006,A03,,,
12911000013,A03,,,
12911000022,A03,,,
12911000052,A03,,,
12911000086,A03,,,
12911000096,A04,,,
12911000254,A04,,,
12911000256,A03,,,
12911000270,A03,,,
12911000294,A03,,,
12911000343,A03,,,
12914000001,A03,,,
12914000002,A03,,,
12914000003,A03,,,
12914000009,A03,,,
12914000013,A03,,,
12914000015,A03,,,
12914000018,A03,,,
12914000134,A03,,,
12914000152,A03,,,
12914000251,A03,,,
12914000254,A03,,,
12914000270,A03,,,
12914000284,A03,,,
12914000362,A03,,,
12914000484,A03,,,
12915500004,A03,,,
12915500008,A03,,,
12915500010,A03,,,
12915500024,A03,,,
12915500042,A03,,,
12915500116,A03,,,
12915500124,A03,,,
12915500130,A03,,,
12915500142,A03,,,
12915500177,A03,,,
12915500181,A03,,,
12915500209,A04,,,
12915500272,A03,,,
12915500324,A03,,,
12915500372,A03,,,
12917000009,A03,,,
12917000023,A03,,,
12917000024,A03,,,
12917000122,A03,,,
12917000178,A03,,,
12917000179,A03,,,
12917000206,A03,,,
12917000211,A03,,,
12917000275,A04,,,
12917000294,A03,,,
12917000295,A04,,,
12917000296,A04,,,
12917000299,A04,,,
12917000325,A03,,,
12917000353,A04,,,
12917000371,A04,,,
12917000375,A03,,,
12917000400,A03,,,
12917000453,A03,,,
12917000482,A03,,,
12917000497,A03,,,
12917000499,A03,,,
12917000504,A03,,,
12917000523,A04,,,
12917000530,S41,,,
12917000631,A03,,,
12917000679,A04,,,
12917000694,A03,,,
12917000775,A03,,,
12920000003,A03,,,
12920000003,G31,,,
12920000016,A03,,,
12920000018,A03,,,
12920000019,A03,,,
12920000036,A03,,,
12920000043,A03,,,
12920000086,A03,,,
12920000094,A03,,,
12920000121,A03,,,
12920000122,A03,,,
12920000127,A03,,,
12920000140,A03,,,
12920000145,A03,,,
12920000146,A03,,,
12920000158,A03,,,
12920000159,A04,,,
12920000180,A03,,,
12920000194,A03,,,
12920000204,A03,,,
12920000257,A03,,,
12920000260,A04,,,
12920000394,A03,,,
12920000398,A03,,,
12920000428,A03,,,
12920000430,A03,,,
12920000435,A03,,,
12920000468,A03,,,
12920000472,A03,,,
12920000482,A03,,,
12920000489,A03,,,
12920000498,A03,,,
13011000004,A03,,,
13011000009,A03,,,
13011000009,G31,,,
13011000009,G32,,,
13011000009,G33,,,
13011000009,G34,,,
13011000015,A03,,,
13011000048,A03,,,
13011000120,A04,,,
13011000145,A04,,,
13011000150,A03,,,
13011000184,A03,,,
13011000195,A03,,,
13011000199,A03,,,
13011000202,A03,,,
13011000219,A03,,,
13011000263,A03,,,
13011000265,A03,,,
13011000271,A03,,,
13011000279,A03,,,
13011000283,A04,,,
13011000284,A04,,,
13011000294,A04,,,
13011000298,A03,,,
13011000299,A03,,,
13011000306,A04,,,
13011000315,A03,,,
13011000346,A04,,,
13011000358,A04,,,
13011000367,A04,,,
13011000368,A04,,,
13011000370,A03,,,
13011000376,A03,,,
13011000376,G31,,,
13011000376,G32,,,
13011000376,G33,,,
13011000376,G34,,,
13011000382,A03,,,
13011000384,S41,,,
13011000389,A03,,,
13011000390,A03,,,
13011000395,A03,,,
13011000397,A03,,,
13011000398,A03,,,
13014000003,A03,,,
13014000052,A03,,,
13014000116,A04,,,
13014000190,A03,,,
13014000207,A03,,,
13014000224,A03,,,
13014000236,A03,,,
13014000241,A03,,,
13014000241,G31,,,
13014000246,A03,,,
13014000292,A04,,,
13014000294,A03,,,
13014000414,A03,,,
13014000445,A04,,,
13014000450,A04,,,
13014000509,A03,,,
13014000522,A03,,,
13014000524,A03,,,
13014000526,A04,,,
13014000530,A03,,,
13014000534,A03,,,
13014000541,A03,,,
13014000545,A03,,,
13014000547,A03,,,
13014000559,A03,,,
13014000567,A03,,,
13014000583,A04,,,
13014000585,A04,,,
13014000588,A04,,,
13014000597,A03,,,
13014000624,A04,,,
13017000001,A03,,,
13017000004,A03,,,
13017000018,A03,,,
13017000019,A03,,,
13017000123,A03,,,
13017000163,A03,,,
13017000168,A03,,,
13017000195,A03,,,
13017000201,A04,,,
13017000206,A04,,,
13017000209,A04,,,
13017000213,A03,,,
13017000223,A04,,,
13017000235,A03,,,
13017000250,A03,,,
13017000253,A03,,,
13017000253,G31,,,
13017000263,A03,,,
13017000264,A03,,,
13017000275,A03,,,
13017000290,A03,,,
13017000291,A04,,,
13017000296,A03,,,
13017000330,A03,,,
13017000366,S41,,,
13017000380,A04,,,
13017000381,A04,,,
13017000408,A03,,,
13017000419,A04,,,
13017000448,A03,,,
13017000467,A03,,,
13017000468,A03,,,
13017000490,A04,,,
13017000491,A04,,,
13017000503,A03,,,
13017000519,A04,,,
13017000524,A03,,,
13017000537,A03,,,
13017000540,A04,,,
13017000549,A04,,,
13017000590,A03,,,
13017000598,A03,,,
13017000605,A03,,,
13020000014,A03,,,
13020000078,A03,,,
13020000088,A03,,,
13020000115,A03,,,
13020000124,A03,,,
13020000145,A03,,,
13020000322,A03,,,
13020000327,A03,,,
13020000344,A03,,,
13020000349,A04,,,
13020000350,A04,,,
13020000362,A04,,,
13020000387,A03,,,
13020000395,A03,,,
13020000399,A03,,,
13020000403,A03,,,
13020000407,A03,,,
13020000412,A04,,,
13020000427,A03,,,
13020000436,A03,,,
13020000437,A03,,,
13020000442,A03,,,
13020000451,A03,,,
13020000454,A03,,,
13020000458,A04,,,
13023000017,A03,,,
13023000058,A03,,,
13023000075,A04,,,
13023000106,A03,,,
13023000119,A03,,,
13023000125,A03,,,
13023000129,A03,,,
13023000151,A04,,,
13023000152,A03,,,
13023000184,A03,,,
13023000187,A03,,,
13023000188,A03,,,
13023000197,A04,,,
13023000207,A03,,,
13023000238,A04,,,
13023000244,A03,,,
13023000246,A03,,,
13023000247,A03,,,
13023000254,A03,,,
13023000270,A03,,,
13111000005,A03,,,
13111000007,A03,,,
13111000007,G31,,,
13111000007,G32,,,
13111000008,A03,,,
13111000008,G31,,,
13111000008,G32,,,
13111000009,A03,,,
13111000082,A03,,,
13111000143,A03,,,
13111000147,A04,,,
13111000163,A03,,,
13111000175,A03,,,
13111000178,A03,,,
13111000188,A03,,,
13111000194,A03,,,
13111000200,A03,,,
13111000203,A03,,,
13111000205,A04,,,
13111000212,A04,,,
13114000063,A03,,,
13114000147,A03,,,
13114000155,A03,,,
13114000177,A03,,,
13114000217,A03,,,
13114000234,A04,,,
13114000264,A03,,,
13114000269,A03,,,
13114000273,A03,,,
13114000278,A04,,,
13117000004,A03,,,
13117000004,G31,,,
13117000004,M31,,,
13117000032,A04,,,
13117000038,A03,,,
13120000001,A02,,,
13120000001,A03,,,
13120000014,A03,,,
13120000045,A04,,,
13120000077,A03,,,
13120000102,A04,,,
13120000113,A03,,,
13120000124,A03,,,
13120000124,G31,,,
13120000124,G32,,,
13120000124,G33,,,
13120000124,G34,,,
13120000126,A03,,,
13120000129,A04,,,
13120000138,A04,,,
13171000008,A03,,,
13171000010,A03,,,
13171000011,A03,,,
13171000012,A03,,,
13171000013,A03,,,
13171000014,A03,,,
13171000015,A03,,,
13171000018,A03,,,
13171000019,A04,,,
13171000090,A03,,,
13171000095,A03,,,
13171000106,A04,,,
13171000125,A04,,,
13171000127,A04,,,
13171000128,A04,,,
13171000134,A03,,,
13171000142,S41,,,
13171000167,A03,,,
13171000172,A03,,,
13171000175,A03,,,
13171000176,A03,,,
13171000196,A04,,,
13171000206,A03,,,
13171000227,A03,,,
13171000234,A04,,,
13171000238,A04,,,
13171000244,A03,,,
13171000252,A03,,,
13171000256,A03,,,
13171000263,A04,,,
13611000061,A03,,,
13611000067,A03,,,
13611000087,A03,,,
13611000090,A03,,,
13611000099,A03,,,
13611000103,A04,,,
13611000113,A03,,,
13611000133,A03,,,
13611000142,A04,,,
13611000143,A04,,,
13611000150,A03,,,
13611000160,A03,,,
13611000162,A03,,,
13611000166,A03,,,
13611000167,A03,,,
13611000168,A03,,,
13611000182,A03,,,
13611000182,G31,,,
13611000196,A03,,,
14111000023,A03,,,
14111000024,A03,,,
14111000032,A03,,,
14111000034,A03,,,
14111000037,A04,,,
14111000041,A03,,,
14111000091,A03,,,
14111000128,A03,,,
14111000130,A03,,,
14111000199,A03,,,
14111000229,A04,,,
14111000244,A03,,,
14111000245,A03,,,
14111000252,A03,,,
14111000306,A04,,,
14111000311,A04,,,
14111000323,A03,,,
14111000324,A03,,,
14111000336,A03,,,
14111000344,A03,,,
14111000349,A03,,,
14111000365,A04,,,
14111000368,A03,,,
14111000369,A03,,,
14111000375,A03,,,
14111000382,A03,,,
14111000386,A03,,,
14111000407,A03,,,
14111000409,A04,,,
14111000410,A03,,,
14111000425,A03,,,
14111000428,A04,,,
14111000429,A03,,,
14111000432,A03,,,
14111000434,A03,,,
14111000435,A03,,,
14111000496,A03,,,
14111000500,A03,,,
14111000528,A03,,,
14111000539,A04,,,
14111000595,A03,,,
14111000675,A03,,,
14111000690,A03,,,
14111000709,A03,,,
14111000765,A03,,,
14111000767,A03,,,
14111000771,A03,,,
14111000776,A03,,,
14111000781,A03,,,
14111000789,A03,,,
14111000790,A03,,,
14111000791,A03,,,
14111000796,A03,,,
14111000800,A03,,,
14111000812,A04,,,
14111000823,A04,,,
14111000826,A03,,,
14111000828,A03,,,
14111000830,A03,,,
14111000837,A03,,,
14111000845,A03,,,
14111000851,A03,,,
14111000860,A03,,,
14111000862,A03,,,
14111000883,A03,,,
14111000886,A03,,,
14111000887,A03,,,
14111000890,A04,,,
14111000898,A03,,,
14111000903,A03,,,
14111000914,A03,,,
14111000919,A03,,,
14111000924,A04,,,
14111000925,A03,,,
14111000930,A03,,,
14111000935,A03,,,
14111000937,A03,,,
14111000940,A03,,,
14111000941,A03,,,
14111000945,A03,,,
14111000957,A03,,,
14111000963,A03,,,
14111000966,A03,,,
14111000968,A03,,,
14111000977,A03,,,
14111000989,A03,,,
14111000993,A03,,,
14111000994,A04,,,
14111001003,A03,,,
14111001014,A03,,,
14111001021,A04,,,
14111001022,A04,,,
14111001024,A03,,,
14111001030,A03,,,
14111001042,A03,,,
14111001050,A03,,,
14111001059,A03,,,
14111001070,A04,,,
14111001075,A03,,,
14111001076,A03,,,
14111001080,A03,,,
14111001083,A03,,,
14111001086,A03,,,
14111001093,A03,,,
14111001094,A03,,,
14111001098,A03,,,
14111001101,A03,,,
14111001110,A04,,,
14111001111,A04,,,
14111001115,A03,,,
14113000007,A03,,,
14113000009,A03,,,
14113000024,A03,,,
14113000049,A03,,,
14113000049,G31,,,
14113000051,A03,,,
14113000123,A03,,,
14113000138,A04,,,
14113000139,A04,,,
14113000141,A04,,,
14113000231,A03,,,
14113000234,A03,,,
14113000234,G31,,,
14113000272,A04,,,
14113000284,A03,,,
14113000293,A03,,,
14113000329,A03,,,
14113000329,G31,,,
14113000329,G32,,,
14113000345,A03,,,
14113000374,A03,,,
14113000381,A04,,,
14113000382,A04,,,
14113000458,A03,,,
14113000481,A03,,,
14113000484,A03,,,
14113000485,A03,,,
14113000492,A03,,,
14113000493,A03,,,
14113000500,A03,,,
14113000523,A03,,,
14113000585,A03,,,
14113000633,A03,,,
14113000642,A03,,,
14113000679,A03,,,
14113000697,A03,,,
14113000703,A03,,,
14113000709,A03,,,
14113000713,A03,,,
14113000714,A03,,,
14113000714,G31,,,
14113000723,A03,,,
14113000728,A03,,,
14113000729,A03,,,
14113000795,A04,,,
14113000827,A03,,,
14113000831,A03,,,
14115000007,A04,,,
14115000013,A03,,,
14115000043,A03,,,
14115000224,A03,,,
14115000232,A03,,,
14115000284,A03,,,
14115000289,A03,,,
14115000322,A03,,,
14115000323,A03,,,
14115000324,A03,,,
14115000328,A03,,,
14115000332,A03,,,
14115000343,A03,,,
14115000343,G31,,,
14115000356,A03,,,
14115000357,A04,,,
14115000359,A04,,,
14115000372,A03,,,
14115000391,A03,,,
14115000401,A03,,,
14115000405,A03,,,
14115000422,A03,,,
14115000436,A03,,,
14115000495,A03,,,
14115000514,A03,,,
14115000520,A03,,,
14115000529,A04,,,
14115000537,A03,,,
14115000539,A03,,,
14115000548,A03,,,
14115000556,A04,,,
14115000559,A03,,,
14115000563,A03,,,
14115000566,A03,,,
14115000572,A03,,,
14115000577,A03,,,
14115000578,A03,,,
14115000586,A03,,,
14115000589,A03,,,
14115000592,A03,,,
14115000604,A03,,,
14115000609,A03,,,
14115000611,A04,,,
14115000620,A03,,,
14115000630,A03,,,
14115000633,A03,,,
14115000638,A03,,,
14115000641,A03,,,
14115000643,A04,,,
14115000648,A03,,,
14115000664,A03,,,
14115000676,A03,,,
14115000690,A03,,,
14115000694,A03,,,
14115000695,A03,,,
14115000698,A04,,,
14115000700,A03,,,
14115000708,A03,,,
14115000723,A03,,,
14115000744,A03,,,
14115000749,A03,,,
14115000771,A04,,,
14115000772,A03,,,
14115000774,A04,,,
14115000779,A03,,,
14115000786,A04,,,
14115000788,A03,,,
14115000802,A04,,,
14115000803,A04,,,
14115000816,A04,,,
14115000818,A03,,,
14115000821,A03,,,
14115000828,A03,,,
14115000829,A03,,,
14115000832,A04,,,
14115000834,A04,,,
14115000835,A03,,,
14115000837,A03,,,
14115000858,A04,,,
14115000860,A03,,,
14115000865,A03,,,
14115000870,A03,,,
14115000871,A03,,,
14115000875,A04,,,
14115000876,A03,,,
14115000877,A03,,,
14115000878,A03,,,
14115000880,A03,,,
14115000895,A03,,,
14115000896,A03,,,
14115000897,A03,,,
14115000898,A03,,,
14115000899,A03,,,
14115000924,A03,,,
14115000928,A03,,,
14115000929,A03,,,
14115000931,A04,,,
14115000934,A03,,,
14115000947,A03,,,
14115000953,A03,,,
14115000954,A03,,,
14115000961,A04,,,
14115000962,A04,,,
14115000966,A03,,,
14115000968,A03,,,
14115000968,G31,,,
14115000972,A03,,,
14115000984,A03,,,
14115000987,A04,,,
14115000991,A03,,,
14117000003,A03,,,
14117000056,A03,,,
14117000146,A03,,,
14117000159,A03,,,
14117000182,A03,,,
14117000195,A03,,,
14117000209,A03,,,
14117000211,A03,,,
14117000248,A03,,,
14117000272,A04,,,
14117000275,A03,,,
14117000293,A03,,,
14117000326,A03,,,
14117000341,A03,,,
14117000347,A03,,,
14117000349,A03,,,
14117000363,A03,,,
14117000367,A03,,,
14117000374,A03,,,
14117000398,A03,,,
14117000441,A03,,,
14117000448,A03,,,
14117000452,A03,,,
14117000484,A04,,,
14117000485,A04,,,
14117000486,A04,,,
14117000522,A04,,,
14117000525,A03,,,
14117000529,A04,,,
14117000542,A04,,,
14117000546,A04,,,
14117000547,A04,,,
14117000552,A04,,,
14117000553,A04,,,
14117000557,A04,,,
14117000561,A03,,,
14117000562,A03,,,
14117000571,A04,,,
14117000579,A03,,,
14117000583,A04,,,
14117000590,A04,,,
14117000597,A04,,,
14119000002,A03,,,
14119000021,A03,,,
14119000123,A04,,,
14119000124,A04,,,
14119000138,A03,,,
14119000138,G31,,,
14119000138,G32,,,
14119000229,A04,,,
14119000230,A04,,,
14119000253,A03,,,
14119000326,A03,,,
14119000348,A03,,,
14119000357,A03,,,
14119000359,A04,,,
14119000437,A03,,,
14119000514,A03,,,
14119000537,A04,,,
14119000551,A03,,,
14119000555,A03,,,
14119000576,A03,,,
14119000598,A03,,,
14119000623,A03,,,
14119000629,A03,,,
14119000633,A03,,,
14119000636,A03,,,
14119000660,A03,,,
14119000663,A03,,,
14119000670,A03,,,
14119000699,A03,,,
14119000700,A03,,,
14119000718,A03,,,
14119000724,A03,,,
14119000743,A03,,,
14119000745,A03,,,
14119000749,A03,,,
14119000749,G31,,,
14119000749,G32,,,
14119000754,A03,,,
14119000765,A03,,,
14119000767,A04,,,
14119000775,A03,,,
14119000775,G31,,,
14119000780,A03,,,
14119000783,A03,,,
14119000795,A04,,,
14119000805,A03,,,
14119000810,A03,,,
14119000823,A03,,,
14119000824,A03,,,
14119000831,A03,,,
14119000841,A03,,,
14119000900,A03,,,
14119000904,A03,,,
14119000911,A03,,,
14119000914,A03,,,
14119000920,A03,,,
14119000921,A03,,,
14119000928,A03,,,
14119000954,A04,,,
14119000971,A03,,,
14119000980,A03,,,
14119001002,A03,,,
14119001011,A03,,,
14119001017,A03,,,
14119001033,A04,,,
14119001043,A03,,,
14119001045,A03,,,
14119001046,A03,,,
14119001048,A03,,,
14119001067,A03,,,
14119001076,A03,,,
14119001113,A04,,,
14119001116,A03,,,
14119001123,A04,,,
14119001124,A04,,,
14119001129,A04,,,
14119001130,A04,,,
14119001142,A03,,,
14119001143,A03,,,
14119001145,A03,,,
14119001148,A03,,,
14119001149,A03,,,
14119001149,G31,,,
14119001156,A03,,,
14119001161,A03,,,
14119001168,A04,,,
14119001174,A03,,,
14119001175,A03,,,
14119001181,A03,,,
14119001183,A03,,,
14119001186,A03,,,
14119001187,A03,,,
14119001196,A03,,,
14119001203,A04,,,
14119001208,A03,,,
14119001212,A03,,,
14119001213,A03,,,
14119001229,A04,,,
14119001260,A04,,,
14119001277,A04,,,
14119001289,A03,,,
14119001309,A04,,,
14119001311,A03,,,
14119001312,A03,,,
14119001313,A03,,,
14119001320,A04,,,
14119001324,A03,,,
14119001331,A03,,,
14119001343,A04,,,
14119001344,A03,,,
14119001350,A03,,,
14119001351,A04,,,
14119001352,A04,,,
14119001356,A03,,,
14119001361,A04,,,
14119001368,A03,,,
14119001370,A03,,,
14119001379,A04,,,
14119001382,A04,,,
14119001390,A03,,,
14119001399,A04,,,
14119001400,A03,,,
14119001419,A04,,,
14119001420,A04,,,
14119001421,A04,,,
14119001422,A04,,,
14119001423,A04,,,
14119001431,A03,,,
14119001431,G31,,,
14119001431,G32,,,
14119001431,G33,,,
14119001441,A03,,,
14119001452,A03,,,
14119001452,G31,,,
14119001452,G32,,,
14119001463,A03,,,
14119001464,A04,,,
14119001465,A04,,,
14119001466,A04,,,
14119001467,A04,,,
14119001470,A04,,,
14119001477,A03,,,
14119001478,A03,,,
14119001484,A04,,,
14119001485,A03,,,
14119001491,A04,,,
14119001494,A04,,,
14119001495,A04,,,
14119001498,A04,,,
14119001506,A03,,,
14121000007,A03,,,
14121000039,A03,,,
14121000063,A03,,,
14121000085,A03,,,
14121000116,A03,,,
14121000153,A03,,,
14121000181,A03,,,
14121000182,A03,,,
14121000197,A03,,,
14121000198,A03,,,
14121000217,A03,,,
14121000251,A03,,,
14121000260,A03,,,
14121000279,A04,,,
14122000013,A03,,,
14122000014,A03,,,
14122000022,A03,,,
14122000022,G31,,,
14122000023,A03,,,
14122000024,A03,,,
14122000040,A04,,,
14122000067,A03,,,
14122000114,A03,,,
14122000151,A04,,,
14122000155,A04,,,
14122000165,A03,,,
14122000166,A03,,,
14122000166,G31,,,
14122000179,A03,,,
14122000189,A03,,,
14122000189,G31,,,
14122000189,G32,,,
14122000189,G33,,,
14122000189,G34,,,
14122000189,G35,,,
14122000197,A04,,,
14122000199,A03,,,
14122000205,A03,,,
14122000215,A03,,,
14122000215,G31,,,
14122000215,G32,,,
14122000258,A04,,,
14122000266,A04,,,
14122000267,A03,,,
14122000272,A03,,,
14122000281,A03,,,
14122000286,A03,,,
14122000322,A03,,,
14122000331,A03,,,
14122000335,A03,,,
14122000345,A03,,,
14122000354,A04,,,
14122000358,A04,,,
14122000361,A03,,,
14122000371,A03,,,
14122000394,A03,,,
14122000395,A03,,,
14122000397,A03,,,
14122000414,A03,,,
14122000419,A04,,,
14122000421,A03,,,
14122000424,A03,,,
14122000428,A03,,,
14122000429,A03,,,
14122000430,A03,,,
14122000433,A04,,,
14122000437,A04,,,
14122000439,A03,,,
14122000441,A03,,,
14122000442,A03,,,
14122000450,A03,,,
14122000456,A04,,,
14122000461,A03,,,
14122000465,A03,,,
14122000470,A03,,,
14122000471,A03,,,
14122000472,A04,,,
14122000484,A03,,,
14122000488,A03,,,
14122000494,A03,,,
14122000497,A03,,,
14122000508,A03,,,
14122000512,A03,,,
14125000004,A03,,,
14125000006,A03,,,
14125000008,A03,,,
14125000009,A03,,,
14125000036,A03,,,
14125000064,A03,,,
14125000087,A03,,,
14125000106,A03,,,
14125000113,A03,,,
14125000120,A03,,,
14125000121,A03,,,
14125000145,A04,,,
14125000146,A04,,,
14125000155,A04,,,
14125000157,A03,,,
14125000171,A03,,,
14125000174,A03,,,
14125000180,A04,,,
14125000192,A03,,,
14125000193,A04,,,
14125000197,A03,,,
14125000204,A03,,,
14125000207,A03,,,
14125000211,A03,,,
14125000226,A03,,,
14125000227,A04,,,
14125000233,A03,,,
14125000234,A03,,,
14125000238,A03,,,
14125000244,A03,,,
14125000246,A04,,,
14125000247,A03,,,
14125000248,A04,,,
14125000250,A03,,,
14125000254,A04,,,
14125000265,A03,,,
14125000266,A03,,,
14125000271,A03,,,
14125000283,A03,,,
14127000021,A03,,,
14127000071,A04,,,
14127000341,A03,,,
14127000390,A03,,,
14127000429,A03,,,
14127000432,A03,,,
14127000438,A03,,,
14127000465,A04,,,
14127000470,A04,,,
14127000477,A03,,,
14127000500,A04,,,
14127000501,A04,,,
14127000503,A04,,,
14127000545,A04,,,
14127000558,A03,,,
14127000558,G31,,,
14127000558,G32,,,
14127000574,A03,,,
14127000619,A03,,,
14127000621,A03,,,
14127000625,A03,,,
14127000627,A03,,,
14127000636,A03,,,
14127000638,A04,,,
14127000643,A04,,,
14127000644,A04,,,
14127000652,A03,,,
14127000653,A04,,,
14127000660,A03,,,
14127000667,A03,,,
14127000671,A03,,,
14127000671,G31,,,
14127000671,G32,,,
14127000675,A03,,,
14127000684,A03,,,
14127000687,A04,,,
14127000695,A03,,,
14127000696,A03,,,
14127000700,A04,,,
14127000713,A04,,,
14127000714,A04,,,
14127000720,A03,,,
14127000731,A03,,,
14127000741,A04,,,
14127000742,A03,,,
14127000750,A04,,,
14127000751,A03,,,
14127000752,A03,,,
14127000753,A04,,,
14127000754,A03,,,
14127000757,A03,,,
14127000760,A03,,,
14127000762,A03,,,
14127000765,A03,,,
14127000772,A03,,,
14127000775,A03,,,
14127000784,A03,,,
14127000787,A03,,,
14127000791,A03,,,
14127000796,A04,,,
14127000799,A03,,,
14127000808,A03,,,
14127000816,A03,,,
14127000817,A03,,,
14127000830,A03,,,
14127000832,A04,,,
14127000833,A04,,,
14127000838,A04,,,
14127000847,A04,,,
14127000848,A04,,,
14127000851,A03,,,
14127000851,G31,,,
14127000851,G32,,,
14127000855,A03,,,
14127000858,A03,,,
14127000862,A04,,,
14127000864,A04,,,
14127000877,A03,,,
14127000879,A03,,,
14127000887,A03,,,
14127000903,A03,,,
14127000919,A03,,,
14127000920,A03,,,
14127000923,A03,,,
14127000927,A03,,,
14127000929,A03,,,
14127000931,A03,,,
14127000932,A03,,,
14127000933,A03,,,
14127000933,G31,,,
14127000938,A03,,,
14127000953,A03,,,
14127000954,A03,,,
14127000955,A03,,,
14127000959,A03,,,
14127000960,A03,,,
14127000967,A03,,,
14127000977,A03,,,
14127000982,A03,,,
14127000983,A03,,,
14127000989,A04,,,
14127000993,A03,,,
14127000994,A03,,,
14127000998,A04,,,
14127001001,A03,,,
14127001002,A03,,,
14127001007,A04,,,
14127001014,A04,,,
14127001016,A04,,,
14127001017,A04,,,
14127001020,A04,,,
14127001021,A04,,,
14127001022,A03,,,
14127001024,A03,,,
14127001028,A03,,,
14127001034,A04,,,
14127001037,A03,,,
14127001038,A03,,,
14127001040,A03,,,
14127001041,A03,,,
14127001043,A03,,,
14127001045,A03,,,
14127001047,A03,,,
14127001052,A03,,,
14127001053,S41,,,
14127001056,A04,,,
14127001059,A03,,,
14127001061,A03,,,
14127001063,A03,,,
14127001065,A03,,,
14127001066,A03,,,
14127001068,A03,,,
14127001069,A03,,,
14127001071,A04,,,
14127001074,A03,,,
14127001075,A03,,,
14127001077,A03,,,
14127001083,A04,,,
14127001084,A04,,,
14127001094,A04,,,
14127001095,A03,,,
14127001099,A04,,,
14127001105,A03,,,
14127001111,A04,,,
14127001113,A03,,,
14127001119,A03,,,
14127001134,A03,,,
14127001136,A03,,,
14127001139,A04,,,
14127001141,A04,,,
14127001144,A03,,,
14127001145,A04,,,
14127001148,A03,,,
14127001149,A03,,,
14127001150,A03,,,
14127001151,A03,,,
14128000003,A03,,,
14128000004,A04,,,
14128000005,S41,,,
14128000006,A03,,,
14128000020,A04,,,
14128000037,A03,,,
14128000038,A03,,,
14128000040,A03,,,
14128000143,A04,,,
14128000249,A04,,,
14128000300,A04,,,
14128000306,A04,,,
14128000370,A04,,,
14128000374,A04,,,
14128000391,A03,,,
14128000393,A03,,,
14128000401,A04,,,
14128000420,A03,,,
14128000444,A04,,,
14128000454,A03,,,
14128000463,A03,,,
14128000534,A03,,,
14128000543,A04,,,
14128000546,A03,,,
14128000553,A03,,,
14128000571,A03,,,
14128000585,A03,,,
14128000591,A03,,,
14128000593,A03,,,
14128000611,A03,,,
14128000617,A04,,,
14128000633,A03,,,
14128000639,A03,,,
14128000656,A04,,,
14128000657,A04,,,
14128000666,A03,,,
14128000674,A04,,,
14128000681,A03,,,
14128000686,A03,,,
14128000696,A03,,,
14128000698,A03,,,
14128000699,A03,,,
14128000729,A03,,,
14128000745,A03,,,
14128000747,A03,,,
14128000757,A03,,,
14128000760,A03,,,
14128000763,A04,,,
14128000795,A03,,,
14128000800,A04,,,
14128000806,A03,,,
14128000820,A03,,,
14128000828,A03,,,
14128000833,A03,,,
14128000845,A03,,,
14128000846,A04,,,
14128000875,A03,,,
14128000892,A03,,,
14128000909,A04,,,
14128000910,A03,,,
14128000913,A03,,,
14128000916,A03,,,
14128000919,A03,,,
14128000920,A04,,,
14128000928,A04,,,
14128000948,A03,,,
14128000961,A03,,,
14128000969,A03,,,
14128000972,A03,,,
14128000980,A03,,,
14128000983,A03,,,
14128000998,A03,,,
14128001018,A03,,,
14128001025,A03,,,
14128001039,A03,,,
14128001043,A03,,,
14128001045,A04,,,
14128001047,A04,,,
14128001054,A03,,,
14128001055,A03,,,
14128001057,A03,,,
14128001059,A03,,,
14128001062,A03,,,
14128001068,A03,,,
14128001069,A03,,,
14128001082,A03,,,
14128001084,A03,,,
14128001085,A03,,,
14128001090,A03,,,
14128001095,A03,,,
14128001111,A03,,,
14128001112,A03,,,
14128001120,A03,,,
14128001126,A03,,,
14128001130,A03,,,
14128001137,A03,,,
14128001144,A03,,,
14128001149,A03,,,
14128001158,A04,,,
14128001171,A03,,,
14128001183,A03,,,
14128001188,A03,,,
14128001194,A03,,,
14128001195,A03,,,
14128001212,A03,,,
14128001223,A03,,,
14128001228,A03,,,
14128001232,A03,,,
14128001237,A04,,,
14128001238,A04,,,
14128001248,A03,,,
14128001255,A03,,,
14128001259,A03,,,
14128001261,A03,,,
14128001262,A03,,,
14128001263,A03,,,
14128001267,A03,,,
14128001272,A03,,,
14128001276,A03,,,
14128001278,A04,,,
14128001280,A03,,,
14128001281,A03,,,
14128001283,A03,,,
14128001284,A03,,,
14128001292,A03,,,
14128001298,A03,,,
14128001301,A03,,,
14128001303,A03,,,
14128001307,A03,,,
14128001316,A03,,,
14128001324,A04,,,
14128001327,A04,,,
14128001330,A03,,,
14128001332,A03,,,
14128001340,A03,,,
14128001341,A03,,,
14128001348,A03,,,
14128001354,A03,,,
14128001355,A03,,,
14128001356,A03,,,
14128001358,A03,,,
14128001366,A03,,,
14128001370,A03,,,
14128001380,A03,,,
14128001398,A03,,,
14128001399,A03,,,
14128001400,A04,,,
14128001410,S41,,,
14128001411,A04,,,
14128001420,A03,,,
14128001423,A03,,,
14128001424,A03,,,
14128001425,A03,,,
14128001427,A03,,,
14128001428,A03,,,
14128001431,A03,,,
14128001432,A03,,,
14128001434,A03,,,
14128001438,A03,,,
14128001445,A03,,,
14128001446,A03,,,
14128001452,A03,,,
14128001454,A04,,,
14128001458,A03,,,
14128001465,A03,,,
14128001469,A04,,,
14128001472,A03,,,
14128001481,A03,,,
14128001482,A03,,,
14128001485,S41,,,
14128001491,A03,,,
14128001497,A03,,,
14128001503,A03,,,
14128001508,A04,,,
14128001518,A03,,,
14128001522,A03,,,
14128001533,A03,,,
14128001549,A04,,,
14128001550,A04,,,
14128001551,A03,,,
14128001553,A03,,,
14128001559,A03,,,
14128001562,A03,,,
14128001564,A03,,,
14128001565,A03,,,
14128001575,A03,,,
14128001576,A03,,,
14128001583,A03,,,
14128001586,A03,,,
14128001589,A03,,,
14128001590,A03,,,
14128001596,A03,,,
14128001606,A03,,,
14128001608,A04,,,
14128001621,A03,,,
14128001625,A03,,,
14128001630,A03,,,
14128001633,A03,,,
14128001639,A03,,,
14128001642,A03,,,
14128001646,A03,,,
14128001650,A04,,,
14128001654,A03,,,
14128001656,A03,,,
14128001657,A04,,,
14128001666,A03,,,
14128001691,A04,,,
14128001694,A03,,,
14128001706,A03,,,
14129000001,A03,,,
14129000003,A03,,,
14131000016,A03,,,
14131000018,A03,,,
14131000026,A03,,,
14131000081,A03,,,
14131000086,A03,,,
14131000101,A03,,,
14131000146,A03,,,
14131000149,A03,,,
14131000199,A03,,,
14131000206,A03,,,
14131000210,A04,,,
14131000212,A04,,,
14131000221,A04,,,
14131000223,A03,,,
14131000237,A04,,,
14131000244,A03,,,
14131000248,A04,,,
14136000014,A03,,,
14136000016,A03,,,
14136000026,A03,,,
14136000060,A03,,,
14136000094,A03,,,
14136000209,A04,,,
14136000236,A03,,,
14136000242,A03,,,
14136000251,A03,,,
14136000319,A03,,,
14136000319,G31,,,
14136000319,G32,,,
14136000319,G33,,,
14136000326,A03,,,
14136000347,A04,,,
14136000349,A03,,,
14136000354,A03,,,
14136000356,A03,,,
14136000369,A03,,,
14136000384,A03,,,
14136000390,A03,,,
14136000407,A03,,,
14136000408,A03,,,
14136000412,A03,,,
14136000420,A04,,,
14136000450,A03,,,
14136000452,A03,,,
14136000458,A03,,,
14136000459,A04,,,
14136000464,A04,,,
14136000478,A03,,,
14136000480,A03,,,
14136000493,A04,,,
14136000498,A03,,,
14136000502,A03,,,
14136000513,A04,,,
14136000514,A03,,,
14136000517,A03,,,
14136000536,A03,,,
14136000540,A04,,,
14136000553,A04,,,
14136000560,A03,,,
14136000572,A03,,,
14136000577,A03,,,
14136000593,A04,,,
14136000601,A03,,,
14136000605,A04,,,
14136000610,A03,,,
14136000623,A03,,,
14136000634,A03,,,
14136000635,A03,,,
14136000640,A03,,,
14136000643,A04,,,
14136000651,A03,,,
14136000656,A03,,,
14136000657,A04,,,
14136000660,A04,,,
14136000661,A04,,,
14136000664,A03,,,
14136000665,A03,,,
14136000669,A03,,,
14136000678,A03,,,
14136000683,A04,,,
14136000685,A03,,,
14136000692,S41,,,
14136000699,A04,,,
14136000706,A03,,,
14136000740,A03,,,
14136000741,A03,,,
14136000743,A03,,,
14136000744,A03,,,
14136000749,A03,,,
14136000755,A04,,,
14136000756,A04,,,
14136000759,A03,,,
14136000763,A04,,,
14136000778,A03,,,
14136000788,A03,,,
14136000792,A04,,,
14136000793,A04,,,
14136000796,A03,,,
14136000798,A04,,,
14136000810,A03,,,
14136000819,A03,,,
14136000820,A03,,,
14136000828,A04,,,
14136000830,A04,,,
14136000835,A03,,,
14136000840,A03,,,
14136000847,A04,,,
14136000867,A04,,,
14136000894,A03,,,
14136000897,A03,,,
14136000902,A04,,,
14136000904,A03,,,
14136000905,A03,,,
14136000918,A04,,,
14136000920,A03,,,
14136000924,A03,,,
14136000927,A03,,,
14136000929,A04,,,
14136000934,A03,,,
14136000936,A03,,,
14136000941,A03,,,
14136000948,A03,,,
14136000949,A03,,,
14136000950,A03,,,
14136000951,A04,,,
14136000953,A03,,,
14136000954,A04,,,
14136000957,A04,,,
14136000970,A03,,,
14136000971,A04,,,
14136000977,A03,,,
14136000980,A04,,,
14136000983,A03,,,
14136000985,A03,,,
14136000986,A03,,,
14136000987,A03,,,
14136000992,A03,,,
14136000993,A03,,,
14136000994,A03,,,
14136000997,A03,,,
14136000999,A04,,,
14136001002,A03,,,
14136001005,A03,,,
14136001011,A03,,,
14136001017,A04,,,
14136001019,A03,,,
14136001021,A03,,,
14136001023,A03,,,
14136001026,A04,,,
14136001027,A04,,,
14136001030,A03,,,
14136001040,A03,,,
14136001042,A03,,,
14136001043,A03,,,
14136001044,A03,,,
14136001045,A03,,,
14136001047,A03,,,
14136001051,A03,,,
14136001053,A04,,,
14136001055,A03,,,
14136001058,A03,,,
14136001068,A03,,,
14136001074,A03,,,
14136001075,A03,,,
14136001076,A03,,,
14136001077,A03,,,
14136001078,A03,,,
14136001084,A03,,,
14136001085,A04,,,
14136001094,A03,,,
14136001095,A03,,,
14136001097,A03,,,
14136001098,A03,,,
14136001100,A03,,,
14136001102,A03,,,
14136001104,A03,,,
14136001110,A03,,,
14136001112,A04,,,
14136001113,A03,,,
14136001114,A03,,,
14136001128,A03,,,
14136001130,A03,,,
14136001131,A03,,,
14136001133,A03,,,
14136001135,A03,,,
14136001137,A03,,,
14136001139,A03,,,
14136001140,A03,,,
14136001148,A03,,,
14136001149,A03,,,
14136001153,A03,,,
14136001154,A03,,,
14136001155,A03,,,
14136001163,A04,,,
14136001164,A03,,,
14136001165,A04,,,
14136001171,A04,,,
14136001175,A03,,,
14136001176,A04,,,
14136001179,A03,,,
14136001180,A04,,,
14136001186,A04,,,
14136001189,A03,,,
14136001194,A04,,,
14136001208,A04,,,
14136001216,A03,,,
14136001221,A03,,,
14137000002,A03,,,
14137000060,A03,,,
14137000065,A03,,,
14137000067,A03,,,
14137000082,A03,,,
14137000085,A03,,,
14137000090,A03,,,
14137000103,A04,,,
14137000123,A03,,,
14137000124,A03,,,
14137000125,A03,,,
14137000126,A03,,,
14137000127,A03,,,
14137000132,A03,,,
14137000138,A03,,,
14137000139,A03,,,
14137000141,A03,,,
14137000143,A03,,,
14137000145,A03,,,
14137000147,A03,,,
14137000150,A03,,,
14137000153,A03,,,
14137000154,A03,,,
14137000155,A03,,,
14137000166,A03,,,
14137000167,A03,,,
14137000171,A03,,,
14139000003,A03,,,
14139000013,A03,,,
14139000014,A03,,,
14139000150,A03,,,
14139000170,A04,,,
14139000185,A03,,,
14139000235,A03,,,
14139000249,A03,,,
14139000275,A03,,,
14139000278,A03,,,
14139000279,A04,,,
14139000284,A03,,,
14139000286,A04,,,
14139000295,A03,,,
14139000299,A03,,,
14139000302,A03,,,
14139000312,A03,,,
14139000334,A03,,,
14139000339,A03,,,
14139000345,A04,,,
14139000356,A03,,,
14139000370,A03,,,
14139000377,A03,,,
14139000378,A03,,,
14139000385,A04,,,
14139000396,A04,,,
14139000404,A03,,,
14139000408,A04,,,
14139000417,A03,,,
14139000423,A03,,,
14139000433,A03,,,
14139000434,A04,,,
14139000478,A03,,,
14139000492,A03,,,
14139000501,A03,,,
14139000504,A03,,,
14139000506,A03,,,
14139000507,A03,,,
14139000508,A03,,,
14139000509,A03,,,
14139000525,A04,,,
14139000528,A03,,,
14139000529,A03,,,
14139000530,A03,,,
14139000533,A03,,,
14139000534,A04,,,
14139000541,A03,,,
14139000543,A04,,,
14139000544,S41,,,
14139000546,A03,,,
14139000548,A03,,,
14139000549,A03,,,
14139000554,A03,,,
14139000567,A04,,,
14139000568,A04,,,
14139000569,A04,,,
14139000570,A03,,,
14139000573,A03,,,
14139000574,A03,,,
14139000575,A03,,,
14139000577,A03,,,
14139000578,A03,,,
14139000579,A04,,,
14139000581,A04,,,
14139000586,A03,,,
14139000587,A03,,,
14139000588,A03,,,
14139000590,A03,,,
14139000591,A03,,,
14139000595,A04,,,
14139000596,A04,,,
14139000598,A03,,,
14139000604,A03,,,
14139000605,A04,,,
14139000608,A03,,,
14139000609,A03,,,
14139000614,A04,,,
14139000620,A03,,,
14139000625,A03,,,
14139000628,A03,,,
14139000629,A03,,,
14139000634,A03,,,
14139000637,A04,,,
14139000641,A03,,,
14139000642,A04,,,
14139000645,A03,,,
14139000647,A03,,,
14139000649,A03,,,
14139000655,A03,,,
14139000660,A03,,,
14139000661,A03,,,
14139000662,A03,,,
14139000666,A03,,,
14139000672,A04,,,
14139000675,A03,,,
14139000676,A03,,,
14139000677,A04,,,
14139000680,A03,,,
14139000684,A03,,,
14139000685,A03,,,
14139000693,A03,,,
14139000696,A04,,,
14139000700,A04,,,
14139000704,A03,,,
14139000705,A03,,,
14139000707,A04,,,
14139000711,A03,,,
14139000715,A04,,,
14139000716,A04,,,
14139000720,A03,,,
14139000723,A03,,,
14139000724,A03,,,
14139000730,A04,,,
14139000737,A03,,,
14139000750,A03,,,
14139000753,A04,,,
14139000758,A04,,,
14139000765,A04,,,
14139000778,A04,,,
14141000013,A03,,,
14141000112,A03,,,
14141000121,A04,,,
14141000127,A04,,,
14141000151,A03,,,
14141000159,A03,,,
14141000166,A03,,,
14141000177,A03,,,
14141000248,A03,,,
14141000258,A03,,,
14141000259,A04,,,
14141000260,A04,,,
14141000263,A03,,,
14141000275,A03,,,
14141000285,A04,,,
14141000286,A04,,,
14141000287,A04,,,
14141000288,A03,,,
14141000292,A03,,,
14141000293,A03,,,
14141000315,A04,,,
14141000316,A04,,,
14141000324,A03,,,
14141000332,A03,,,
14141000333,A03,,,
14141000335,A03,,,
14141000336,A03,,,
14141000344,A03,,,
14141000345,A03,,,
14141000355,A03,,,
14141000359,A03,,,
14141000360,A03,,,
14141000363,A03,,,
14141000366,A03,,,
14141000368,A04,,,
14141000370,A03,,,
14141000371,A04,,,
14141000373,A04,,,
14141000379,A03,,,
14141000380,A04,,,
14141000386,A04,,,
14141000387,A04,,,
14141000388,A04,,,
14141000391,A03,,,
14141000392,A03,,,
14141000393,A03,,,
14141000403,A03,,,
14141000408,A03,,,
14141000414,A04,,,
14141000419,A03,,,
14141000426,A03,,,
14141000428,A04,,,
14141000429,A04,,,
14143000003,A03,,,
14143000012,A03,,,
14143000044,A03,,,
14143000055,A03,,,
14143000082,A03,,,
14143000085,A03,,,
14143000089,A03,,,
14143000096,A04,,,
14143000109,A03,,,
14143000117,A03,,,
14143000120,A03,,,
14143000126,A03,,,
14143000130,A03,,,
14143000131,A03,,,
14143000144,A04,,,
14143000154,A03,,,
14143000156,A03,,,
14143000157,A03,,,
14143000158,A03,,,
14145000050,A03,,,
14145000053,A03,,,
14145000065,A03,,,
14145000066,A04,,,
14145000069,A03,,,
14145000081,A03,,,
14145000125,A04,,,
14145000140,A03,,,
14145000158,A03,,,
14145000169,A03,,,
14145000212,A03,,,
14145000214,A03,,,
14145000217,A03,,,
14145000218,A03,,,
14145000228,A04,,,
14145000236,A03,,,
14145000241,A03,,,
14145000245,A03,,,
14145000260,A03,,,
14145000274,A03,,,
14145000284,A03,,,
14146000005,A03,,,
14146000013,A03,,,
14146000018,A03,,,
14146000022,A03,,,
14146000023,A03,,,
14146000040,A03,,,
14146000041,A03,,,
14146000116,A03,,,
14146000125,A04,,,
14146000239,A03,,,
14146000256,A03,,,
14146000260,A03,,,
14146000261,A03,,,
14146000274,A04,,,
14146000297,A04,,,
14146000310,A03,,,
14146000320,A04,,,
14146000333,A03,,,
14146000348,A04,,,
14146000354,A03,,,
14146000362,A03,,,
14146000377,A03,,,
14146000385,A03,,,
14146000389,A03,,,
14146000396,A03,,,
14146000412,A03,,,
14146000452,A04,,,
14146000498,A04,,,
14146000502,A03,,,
14146000502,G31,,,
14146000502,G32,,,
14146000513,A03,,,
14146000560,A03,,,
14146000562,A03,,,
14146000567,A03,,,
14146000599,A03,,,
14146000604,A03,,,
14146000607,A03,,,
14146000635,A04,,,
14146000636,A04,,,
14146000647,A03,,,
14146000665,A03,,,
14146000682,A03,,,
14146000693,A03,,,
14146000720,A03,,,
14146000733,A03,,,
14146000734,A03,,,
14146000735,A04,,,
14146000740,A04,,,
14146000753,A03,,,
14146000765,A03,,,
14146000782,A04,,,
14146000783,A04,,,
14146000784,A03,,,
14146000794,A03,,,
14146000808,A03,,,
14146000817,A04,,,
14146000819,A03,,,
14146000829,A03,,,
14146000839,A03,,,
14146000842,A03,,,
14146000854,A03,,,
14146000856,A04,,,
14146000857,A03,,,
14146000861,A03,,,
14146000862,A03,,,
14146000863,A03,,,
14146000869,A03,,,
14146000871,A03,,,
14146000877,A03,,,
14146000878,A03,,,
14146000880,A03,,,
14146000885,A03,,,
14146000893,A03,,,
14146000904,A03,,,
14146000905,A03,,,
14146000909,A03,,,
14146000911,A03,,,
14146000912,A04,,,
14146000915,A04,,,
14146000920,A04,,,
14146000922,A04,,,
14146000927,A04,,,
14146000934,A03,,,
14146000936,A03,,,
14146000937,A04,,,
14146000949,A03,,,
14146000951,A03,,,
14146000954,A03,,,
14146000956,A03,,,
14146000959,A03,,,
14146000963,A03,,,
14146000964,A03,,,
14146000968,A03,,,
14146000972,A03,,,
14146000975,A03,,,
14146000979,A03,,,
14146000982,A04,,,
14146000991,A03,,,
14146000995,A03,,,
14146000999,A03,,,
14146001002,A03,,,
14146001006,A04,,,
14146001007,A04,,,
14146001019,A03,,,
14146001024,A03,,,
14146001026,A03,,,
14146001048,A03,,,
14146001067,A03,,,
14146001068,A03,,,
14146001082,A03,,,
14146001084,A03,,,
14146001085,A03,,,
14146001094,A03,,,
14146001097,A03,,,
14146001102,A03,,,
14146001109,A03,,,
14146001119,A04,,,
14146001125,A03,,,
14148000006,A04,,,
14148000008,A04,,,
14148000010,A03,,,
14148000023,A03,,,
14148000030,A04,,,
14148000035,A03,,,
14148000076,A03,,,
14148000109,A04,,,
14148000145,A03,,,
14148000148,A03,,,
14148000164,A03,,,
14148000165,A03,,,
14148000168,A03,,,
14148000169,A04,,,
14148000191,A03,,,
14148000206,A03,,,
14148000209,A04,,,
14148000221,A04,,,
14148000224,A03,,,
14148000226,A03,,,
14148000233,A03,,,
14148000237,A03,,,
14148000238,A03,,,
14148000239,A04,,,
14148000241,A04,,,
14148000245,A04,,,
14148000258,A03,,,
14148000268,A03,,,
14148000280,A03,,,
14148000286,A03,,,
14148000299,A03,,,
14148000309,A03,,,
14148000311,A03,,,
14148000318,A04,,,
14148000320,A03,,,
14148000322,A03,,,
14148000326,A03,,,
14148000327,A03,,,
14148000338,A04,,,
14148000342,A03,,,
14148000347,A04,,,
14148000350,A04,,,
14148000351,A03,,,
14148000354,A04,,,
14148000355,A03,,,
14148000356,A03,,,
14148000359,A03,,,
14148000363,A04,,,
14148000371,A03,,,
14148000372,A04,,,
14148000375,A03,,,
14148000376,A03,,,
14148000379,A04,,,
14148000382,A03,,,
14148000384,A03,,,
14148000390,A03,,,
14148000392,A03,,,
14148000398,A03,,,
14148000399,A04,,,
14148000401,A03,,,
14148000404,A03,,,
14148000409,A04,,,
14148000412,A03,,,
14148000422,A04,,,
14148000423,A03,,,
14148000433,A04,,,
14148000434,A03,,,
14148000451,A03,,,
14148000454,A03,,,
14148000469,A04,,,
14148000470,A03,,,
14148000472,A04,,,
14148000473,A03,,,
14148000474,A03,,,
14148000483,A04,,,
14148000497,A04,,,
14148000499,A03,,,
14148000501,A04,,,
14148000503,A03,,,
14148000508,A03,,,
14148000509,A03,,,
14148000511,A03,,,
14148000520,A04,,,
14148000525,A03,,,
14148000527,A03,,,
14148000531,A03,,,
14148000532,A03,,,
14148000534,A03,,,
14148000541,A04,,,
14148000542,A03,,,
14148000543,A03,,,
14148000545,A03,,,
14148000557,S41,,,
14148000559,A03,,,
14148000561,A03,,,
14148000564,A03,,,
14148000576,A03,,,
14148000583,A04,,,
14148000593,A03,,,
14148000595,A03,,,
14148000610,A04,,,
14148000613,A03,,,
14148000622,A03,,,
14148000624,A04,,,
14148000629,A04,,,
14148000630,A03,,,
14148000640,A03,,,
14148000641,A04,,,
14148000642,A03,,,
14148000643,A03,,,
14148000644,A03,,,
14148000648,A04,,,
14148000658,A03,,,
14148000660,A03,,,
14148000666,A03,,,
14148000667,A03,,,
14148000672,A03,,,
14148000674,A03,,,
14148000680,A04,,,
14148000681,A04,,,
14148000684,A03,,,
14148000685,A03,,,
14148000691,A04,,,
14148000692,A03,,,
14148000698,A03,,,
14148000699,A03,,,
14148000705,A04,,,
14150000001,A03,,,
14150000008,A03,,,
14150000008,G31,,,
14150000009,A03,,,
14150000015,A03,,,
14150000022,A03,,,
14150000025,A03,,,
14150000028,A03,,,
14150000032,A03,,,
14150000062,A03,,,
14150000067,A03,,,
14150000126,A04,,,
14150000132,A03,,,
14150000157,A03,,,
14150000162,A04,,,
14150000165,A03,,,
14150000170,A03,,,
14150000192,A03,,,
14150000207,A03,,,
14150000213,A04,,,
14150000222,A03,,,
14150000223,A03,,,
14150000231,A03,,,
14150000247,A03,,,
14150000253,A03,,,
14155000004,A03,,,
14155000005,A03,,,
14155000005,G31,,,
14155000020,A03,,,
14155000021,A03,,,
14155000032,A03,,,
14155000032,M31,,,
14155000041,A03,,,
14155000043,A03,,,
14155000047,A03,,,
14155000078,A03,,,
14155000097,A03,,,
14155000102,A03,,,
14155000105,A03,,,
14155000110,A03,,,
14155000114,A03,,,
14155000115,A03,,,
14155000117,A03,,,
14155000122,A03,,,
14155000123,A03,,,
14155000124,A04,,,
14155000133,A04,,,
14155000134,A03,,,
14155000144,A03,,,
14155000145,A03,,,
14155000166,A03,,,
14155000178,A04,,,
14155000180,A03,,,
14155000194,A03,,,
14155000195,A04,,,
14155000206,A03,,,
14155000212,A03,,,
14155000214,A04,,,
14155000217,A04,,,
14155000233,A03,,,
14155000235,A03,,,
14155000237,A03,,,
14155000247,A03,,,
14155000253,A03,,,
14155000254,A03,,,
14155000260,A03,,,
14155000266,A03,,,
14155000269,A03,,,
14155000270,A04,,,
14155000271,A03,,,
14155000276,A03,,,
14155000280,A03,,,
14155000290,A03,,,
14155000298,A03,,,
14155000313,A03,,,
14155000316,A04,,,
14157000007,A03,,,
14157000013,A03,,,
14157000025,A03,,,
14157000031,A03,,,
14157000075,A04,,,
14157000099,A04,,,
14157000109,A03,,,
14157000146,A04,,,
14157000147,A04,,,
14157000156,A04,,,
14157000157,A04,,,
14157000162,A03,,,
14157000167,A04,,,
14157000174,A04,,,
14157000176,A04,,,
14157000200,A03,,,
14157000209,A03,,,
14157000211,A04,,,
14157000212,A03,,,
14157000214,A04,,,
14157000221,A03,,,
14157000227,A04,,,
14157000238,A03,,,
14157000265,A03,,,
14157000266,A04,,,
14157000297,A03,,,
14157000309,A03,,,
14157000330,A03,,,
14157000343,A03,,,
14157000344,A03,,,
14157000347,A03,,,
14157000352,A04,,,
14157000353,A03,,,
14157000361,A03,,,
14157000367,A03,,,
14157000370,A03,,,
14157000371,A03,,,
14157000377,A03,,,
14157000379,A03,,,
14157000380,A03,,,
14157000384,A03,,,
14157000389,A04,,,
14157000394,A03,,,
14157000395,A03,,,
14157000404,A03,,,
14157000409,A03,,,
14157000413,A03,,,
14157000416,A03,,,
14157000417,A03,,,
14157000438,A03,,,
14157000441,A03,,,
14157000443,A03,,,
14157000444,A03,,,
14157000445,A03,,,
14157000447,A03,,,
14157000466,A03,,,
14157000468,A03,,,
14157000469,A03,,,
14157000470,A03,,,
14157000477,A03,,,
14157000478,A03,,,
14157000482,A04,,,
14157000499,A03,,,
14159000007,A03,,,
14159000008,A03,,,
14159000009,A03,,,
14159000013,A04,,,
14159000023,A03,,,
14159000024,A03,,,
14159000073,A03,,,
14159000077,A03,,,
14159000088,A03,,,
14159000102,A03,,,
14159000105,A04,,,
14159000121,A03,,,
14159000125,A03,,,
14159000132,A04,,,
14159000187,A04,,,
14159000198,A03,,,
14159000207,A03,,,
14159000209,A04,,,
14159000211,A03,,,
14159000217,A04,,,
14159000230,A03,,,
14159000243,A03,,,
14159000253,A03,,,
14159000279,A03,,,
14159000286,A04,,,
14159000323,A04,,,
14159000333,A03,,,
14159000350,A03,,,
14159000356,A04,,,
14159000364,A03,,,
14159000370,A03,,,
14159000372,A03,,,
14159000374,A03,,,
14159000377,A03,,,
14159000394,A03,,,
14159000412,A03,,,
14159000419,A03,,,
14159000420,A04,,,
14159000434,A03,,,
14159000435,A04,,,
14159000448,A04,,,
14159000460,A03,,,
14159000476,A03,,,
14159000477,A03,,,
14159000502,A03,,,
14159000515,A03,,,
14159000517,A03,,,
14159000518,A03,,,
14159000519,A03,,,
14159000522,A04,,,
14159000527,A04,,,
14159000529,A03,,,
14159000531,A03,,,
14159000536,A03,,,
14159000545,A04,,,
14159000546,A03,,,
14159000549,A04,,,
14159000550,A03,,,
14159000551,A03,,,
14159000552,A03,,,
14159000559,A03,,,
14159000574,A03,,,
14159000575,A03,,,
14159000581,A03,,,
14159000582,A03,,,
14159000586,A03,,,
14159000587,A03,,,
14159000588,A03,,,
14159000591,S41,,,
14159000594,A03,,,
14159000598,A03,,,
14159000604,A03,,,
14159000607,A03,,,
14159000609,A03,,,
14159000610,A03,,,
14159000611,A03,,,
14159000616,A03,,,
14159000617,A03,,,
14159000621,A03,,,
14159000623,A03,,,
14159000627,A04,,,
14159000628,A04,,,
14159000629,A03,,,
14159000633,A03,,,
14159000634,A03,,,
14159000637,A03,,,
14159000638,A03,,,
14159000639,A03,,,
14159000644,A03,,,
14159000645,A03,,,
14159000646,A03,,,
14159000647,A03,,,
14159000648,A03,,,
14159000649,A04,,,
14159000650,A04,,,
14159000659,A03,,,
14159000663,A03,,,
14159000664,A03,,,
14159000665,A03,,,
14159000668,A03,,,
14159000672,A03,,,
14159000678,A03,,,
14159000679,A03,,,
14159000680,A03,,,
14159000681,A03,,,
14159000688,A04,,,
14159000691,A03,,,
14159000698,A03,,,
14159000701,A03,,,
14159000705,A03,,,
14159000713,A03,,,
14159000715,A03,,,
14159000718,A03,,,
14159000722,A03,,,
14159000723,A03,,,
14159000724,A03,,,
14159000743,A03,,,
14159000744,A03,,,
14159000748,A03,,,
14159000749,A03,,,
14159000757,A03,,,
14159000761,S41,,,
14159000764,A03,,,
14161000003,A03,,,
14161000010,A03,,,
14161000013,A03,,,
14161000013,G31,,,
14161000013,G32,,,
14161000027,A04,,,
14161000033,A03,,,
14161000042,A03,,,
14161000057,A04,,,
14161000061,A03,,,
14161000067,A03,,,
14161000085,A03,,,
14161000086,A04,,,
14161000088,A03,,,
14161000091,A03,,,
14161000100,A03,,,
14161000108,A03,,,
14161000133,A03,,,
14161000169,A04,,,
14161000174,A03,,,
14161000175,A04,,,
14161000183,A03,,,
14161000186,A03,,,
14161000224,A03,,,
14161000239,A03,,,
14161000243,A03,,,
14161000244,A03,,,
14161000245,A03,,,
14161000246,A03,,,
14161000247,A03,,,
14161000249,A03,,,
14161000251,A03,,,
14161000254,A03,,,
14161000255,A03,,,
14161000263,A03,,,
14161000265,A03,,,
14161000269,A03,,,
14161000274,A03,,,
14161000279,A03,,,
14161000283,A03,,,
14161000294,A03,,,
14161000295,A03,,,
14161000301,A03,,,
14161000308,A03,,,
14161000318,A03,,,
14161000319,A03,,,
14161000321,A03,,,
14161000322,A03,,,
14163000010,A03,,,
14163000011,A03,,,
14163000015,A03,,,
14163000016,A03,,,
14163000019,A03,,,
14163000021,A03,,,
14163000052,A03,,,
14163000077,A04,,,
14163000081,A03,,,
14163000084,A03,,,
14163000122,A04,,,
14163000129,A04,,,
14163000131,A03,,,
14163000137,A03,,,
14163000149,A03,,,
14163000155,A03,,,
14163000172,A03,,,
14163000174,A03,,,
14163000177,A03,,,
14163000181,A03,,,
14163000187,A03,,,
14163000191,A03,,,
14163000194,A03,,,
14163000199,A03,,,
14163000212,A04,,,
14163000213,A04,,,
14163000214,A04,,,
14163000225,A04,,,
14163000227,A04,,,
14163000231,A04,,,
14163000237,A03,,,
14163000251,A04,,,
14163000274,A04,,,
14163000278,A03,,,
14163000280,A04,,,
14163000283,A03,,,
14163000285,A04,,,
14163000291,A03,,,
14163000294,A03,,,
14163000300,A03,,,
14163000301,A03,,,
14163000310,A03,,,
14163000313,A04,,,
14163000318,A04,,,
14163000321,A03,,,
14163000327,A03,,,
14163000328,A03,,,
14163000329,A03,,,
14163000338,A03,,,
14163000341,A03,,,
14163000347,A03,,,
14163000352,A03,,,
14163000354,A03,,,
14163000358,A03,,,
14163000365,A03,,,
14163000375,A03,,,
14163000377,A03,,,
14163000383,A03,,,
14163000389,A03,,,
14163000392,A03,,,
14163000393,A03,,,
14163000394,A03,,,
14163000395,A03,,,
14163000400,A03,,,
14163000402,A03,,,
14163000405,A03,,,
14163000406,A03,,,
14163000408,A03,,,
14163000414,A03,,,
14163000415,A03,,,
14163000416,A03,,,
14163000418,A04,,,
14163000419,A03,,,
14163000420,A03,,,
14163000423,A03,,,
14163000424,A03,,,
14163000425,A03,,,
14163000426,A04,,,
14163000427,A03,,,
14163000428,A03,,,
14163000433,A03,,,
14163000434,A03,,,
14163000435,A03,,,
14163000436,A03,,,
14163000437,A03,,,
14163000442,A03,,,
14163000445,A03,,,
14163000448,A03,,,
14163000452,A03,,,
14163000454,A03,,,
14163000457,A04,,,
14163000459,A03,,,
14163000460,A03,,,
14163000468,A03,,,
14163000470,A03,,,
14163000474,A03,,,
14163000478,A03,,,
14163000480,A03,,,
14163000482,A03,,,
14163000488,A03,,,
14163000491,A03,,,
14163000493,A03,,,
14163000496,A03,,,
14163000497,A04,,,
14163000502,A03,,,
14163000505,A03,,,
14163000506,A03,,,
14163000508,A03,,,
14163000509,A03,,,
14163000510,A03,,,
14163000517,A03,,,
14163000518,A03,,,
14163000523,A03,,,
14163000526,A03,,,
14163000528,A03,,,
14163000530,A03,,,
14163000537,A04,,,
14163000539,A04,,,
14163000541,A03,,,
14163000543,A03,,,
14163000544,A04,,,
14163000551,A03,,,
14163000554,A03,,,
14163000555,A04,,,
14165000009,A03,,,
14165000010,A03,,,
14165000011,A03,,,
14165000018,A03,,,
14165000021,A04,,,
14165000035,A03,,,
14165000037,A03,,,
14165000043,A03,,,
14165000056,A03,,,
14165000059,A04,,,
14165000072,A04,,,
14165000118,A03,,,
14165000124,A04,,,
14165000126,A03,,,
14165000128,A03,,,
14165000143,A03,,,
14165000148,A04,,,
14165000160,A03,,,
14165000164,A03,,,
14165000168,A03,,,
14165000174,A04,,,
14165000182,A04,,,
14165000191,A04,,,
14165000192,A03,,,
14165000201,A03,,,
14165000203,A03,,,
14165000206,A03,,,
14165000218,A04,,,
14165000220,A03,,,
14165000227,A03,,,
14165000237,A03,,,
14165000239,A04,,,
14165000245,A03,,,
14165000251,A03,,,
14165000263,A04,,,
14165000265,A04,,,
14165000271,A03,,,
14165000276,A03,,,
14165000283,A03,,,
14165000303,A03,,,
14165000319,A03,,,
14165000321,A03,,,
14165000322,A04,,,
14165000333,A03,,,
14165000335,A03,,,
14165000338,A03,,,
14165000339,A03,,,
14165000346,A03,,,
14165000347,A03,,,
14165000348,A03,,,
14165000350,A04,,,
14165000351,A03,,,
14165000354,A03,,,
14165000356,A03,,,
14165000357,A04,,,
14165000360,A03,,,
14165000363,A03,,,
14165000368,A03,,,
14165000369,A03,,,
14165000370,A03,,,
14165000375,A04,,,
14165000376,A04,,,
14165000377,A03,,,
14165000378,A03,,,
14165000379,A03,,,
14165000380,A03,,,
14165000383,A03,,,
14165000384,A03,,,
14165000392,A03,,,
14165000393,A03,,,
14165000394,A03,,,
14165000401,A04,,,
14165000403,A04,,,
14165000404,A03,,,
14165000410,A03,,,
14165000412,A03,,,
14165000413,A03,,,
14165000414,A04,,,
14165000426,A03,,,
14165000427,A04,,,
14165000428,A04,,,
14165000435,A03,,,
14165000436,A03,,,
14165000437,A03,,,
14165000439,A03,,,
14167000115,A03,,,
14167000115,A04,,,
14167000121,A04,,,
14167000124,A04,,,
14167000126,A04,,,
14167000129,A04,,,
14167000135,A03,,,
14167000139,A03,,,
14167000161,A03,,,
14167000163,A03,,,
14167000168,A03,,,
14167000170,A04,,,
14167000174,A03,,,
14167000175,A03,,,
14167000182,A03,,,
14167000186,A04,,,
14173000004,A03,,,
14173000008,A03,,,
14173000009,A03,,,
14173000022,A03,,,
14173000027,A03,,,
14173000028,A04,,,
14173000067,A03,,,
14173000070,A03,,,
14173000072,A03,,,
14173000077,A03,,,
14173000090,A03,,,
14173000094,A03,,,
14173000102,A04,,,
14173000107,A03,,,
14180000004,A03,,,
14180000009,A03,,,
14180000011,A03,,,
14180000013,A03,,,
14180000015,A03,,,
14180000071,A03,,,
14180000072,A03,,,
14180000083,A04,,,
14180000087,A03,,,
14180000103,A04,,,
14180000121,A03,,,
14180000122,A03,,,
14182000006,A03,,,
14182000010,A03,,,
14182000011,A03,,,
14182000012,A03,,,
14182000014,A03,,,
14182000018,A03,,,
14182000046,A03,,,
14182000062,A04,,,
14182000099,A03,,,
14182000099,G31,,,
14182000104,A03,,,
14182000108,A03,,,
14182000113,A04,,,
14182000121,A03,,,
14182000123,A04,,,
14182000136,A03,,,
14183000003,A03,,,
14183000006,A03,,,
14183000008,A03,,,
14183000009,A03,,,
14183000014,A04,,,
14183000018,A03,,,
14183000021,A03,,,
14183000075,A03,,,
14183000088,A04,,,
14183000094,A03,,,
14183000095,A03,,,
14183000101,A03,,,
14183000102,A04,,,
14183000103,A04,,,
14183000104,A04,,,
14183000119,A03,,,
14183000122,A03,,,
14183000123,A03,,,
14183000124,A03,,,
14183000125,A03,,,
14183000125,G31,,,
14183000128,A03,,,
14183000129,A03,,,
14183000136,A03,,,
14183000138,A03,,,
14183000145,A03,,,
14183000146,A04,,,
14183000158,A03,,,
14183000165,A04,,,
14183000182,A03,,,
14183000185,A03,,,
14183000193,A03,,,
14183000203,A03,,,
14183000214,A03,,,
14183000219,A03,,,
14183000224,A03,,,
14183000227,A03,,,
14183000231,A03,,,
14183000232,A03,,,
14183000233,A03,,,
14183000241,A03,,,
14183000243,A03,,,
14211000010,A03,,,
14211000011,A03,,,
14211000014,A03,,,
14211000019,A03,,,
14211000029,A04,,,
14211000038,A03,,,
14211000120,A04,,,
14211000124,A03,,,
14211000130,A04,,,
14211000145,A03,,,
14211000155,A04,,,
14211000160,A04,,,
14211000167,A03,,,
14211000169,A04,,,
14211000186,A03,,,
14211000202,A04,,,
14211000204,A03,,,
14211000211,A03,,,
14211000217,A03,,,
14211000241,A03,,,
14211000243,A04,,,
14211000261,A03,,,
14211000279,A04,,,
14211000289,A04,,,
14211000292,A03,,,
14211000318,A03,,,
14211000329,A03,,,
14211000332,A03,,,
14211000333,A03,,,
14211000335,A04,,,
14211000348,A03,,,
14211000354,A03,,,
14211000358,A03,,,
14211000363,A03,,,
14211000365,A03,,,
14211000381,A04,,,
14211000383,A03,,,
14211000383,G31,,,
14211000389,A03,,,
14211000397,A04,,,
14211000398,A04,,,
14211000400,A04,,,
14211000409,A03,,,
14211000416,A03,,,
14211000417,A04,,,
14211000418,A03,,,
14211000439,A03,,,
14211000443,A04,,,
14211000444,A03,,,
14211000445,A03,,,
14211000447,A03,,,
14211000448,A03,,,
14211000451,A03,,,
14211000453,A03,,,
14211000457,A03,,,
14211000458,A03,,,
14211000475,A03,,,
14211000483,A04,,,
14211000484,A04,,,
14211000495,A03,,,
14211000508,A04,,,
14211000519,A04,,,
14213000006,A03,,,
14213000009,A04,,,
14213000022,A03,,,
14213000025,A03,,,
14213000028,A03,,,
14213000043,A04,,,
14213000060,A04,,,
14213000100,A03,,,
14213000107,A03,,,
14213000109,A03,,,
14213000109,G31,,,
14213000117,A03,,,
14213000119,A03,,,
14213000126,A03,,,
14213000132,A04,,,
14213000160,A04,,,
14213000161,A03,,,
14213000169,A03,,,
14213000180,A03,,,
14213000183,A03,,,
14213000190,A03,,,
14213000201,A03,,,
14213000220,A03,,,
14213000221,A03,,,
14213000225,A04,,,
14213000226,A03,,,
14213000234,A03,,,
14213000240,A04,,,
14213000258,A03,,,
14213000260,A04,,,
14213000266,A03,,,
14213000267,A03,,,
14213000286,A03,,,
14213000300,A04,,,
14213000303,A04,,,
14213000313,A03,,,
14213000314,A03,,,
14213000316,A03,,,
14213000317,A03,,,
14213000319,A03,,,
14213000323,A04,,,
14213000332,A03,,,
14213000336,A03,,,
14213000341,A03,,,
14213000345,A03,,,
14213000345,G31,,,
14213000345,G32,,,
14213000348,A03,,,
14213000354,A03,,,
14213000359,A04,,,
14213000364,A03,,,
14213000366,A03,,,
14213000369,A03,,,
14213000383,A03,,,
14213000384,A03,,,
14213000401,A04,,,
14213000402,A03,,,
14213000404,A03,,,
14213000408,A03,,,
14213000409,A03,,,
14213000416,A03,,,
14213000427,A04,,,
14215000001,A03,,,
14215000003,A03,,,
14215000012,A03,,,
14215000027,A03,,,
14215000037,A03,,,
14215000063,A04,,,
14215000084,A04,,,
14215000090,A03,,,
14215000093,A03,,,
14215000101,A04,,,
14215000119,A03,,,
14215000129,A03,,,
14215000130,A03,,,
14215000138,A03,,,
14215000140,A04,,,
14215000151,A03,,,
14215000154,A04,,,
14215000162,A03,,,
14215000174,A03,,,
14215000176,A03,,,
14215000178,A03,,,
14215000183,A04,,,
14215000185,A03,,,
14215000187,A04,,,
14215000189,A03,,,
14215000190,A04,,,
14215000195,A03,,,
14215000196,A03,,,
14215000203,A03,,,
14215000205,A03,,,
14215000206,A03,,,
14215000208,A03,,,
14215000213,A04,,,
14215000215,A03,,,
14215000220,A03,,,
14215000221,A03,,,
14215000221,G31,,,
14215000225,A03,,,
14215000226,A03,,,
14215000228,A03,,,
14215000230,A03,,,
14215000233,A04,,,
14215000234,A03,,,
14215000235,A04,,,
14215000239,A03,,,
14215000241,A04,,,
14215000255,A04,,,
14215000257,A03,,,
14215000259,A04,,,
14215000260,A04,,,
14215000262,A03,,,
14215000266,A04,,,
14215000267,A03,,,
14215000271,A03,,,
14215000274,A03,,,
14215000281,A03,,,
14215000313,A03,,,
14215000320,A04,,,
14215000322,A03,,,
14215000323,A03,,,
14215000325,A03,,,
14215000327,A03,,,
14215000329,A04,,,
14215000333,A04,,,
14215000340,A03,,,
14215000344,A03,,,
14215000347,A03,,,
14215000348,A03,,,
14215000350,A04,,,
14215000365,A03,,,
14215000366,A04,,,
14215000375,A03,,,
14215000381,A04,,,
14215000394,A04,,,
14217000003,A03,,,
14217000003,G31,,,
14217000012,A03,,,
14217000053,A03,,,
14217000055,A03,,,
14217000060,A03,,,
14217000063,A03,,,
14217000110,A03,,,
14217000117,A03,,,
14217000120,A04,,,
14217000127,A03,,,
14219000001,A03,,,
14219000001,M31,,,
14219000002,A03,,,
14219000002,G31,,,
14219000003,A03,,,
14221000001,A03,,,
14221000013,A03,,,
14221000033,A03,,,
14221000044,A03,,,
14221000046,A04,,,
14221000058,A04,,,
14221000077,A04,,,
14221000082,A03,,,
14221000090,A04,,,
14221000091,A04,,,
14221000098,A04,,,
14223000001,A03,,,
14223000005,A03,,,
14223000006,A03,,,
14223000007,A03,,,
14223000063,A03,,,
14223000106,A03,,,
14223000110,A03,,,
14272000006,A03,,,
14272000010,A03,,,
14272000023,A04,,,
14272000024,A04,,,
14272000033,A03,,,
14272000038,A03,,,
14272000041,A03,,,
14272000041,G31,,,
14272000041,G32,,,
14272000041,G33,,,
14272000044,A03,,,
14272000051,A04,,,
14272000057,A03,,,
14272000061,A03,,,
14272000066,A04,,,
14272000076,A04,,,
14272000086,A03,,,
14272000094,A03,,,
14273000003,A03,,,
14273000016,A03,,,
14273000019,A03,,,
14273000024,A03,,,
14273000029,A03,,,
14273000043,A03,,,
14273000044,A03,,,
14273000048,A04,,,
14273000051,A03,,,
14273000056,A03,,,
14273000070,A03,,,
14273000074,A04,,,
14273000077,A03,,,
14273000079,A04,,,
14273000081,A03,,,
14273000086,A03,,,
14275000003,A03,,,
14275000010,A03,,,
14275000010,G31,,,
14275000010,G32,,,
14275000020,A03,,,
14275000021,A03,,,
14275000027,A03,,,
14275000031,A03,,,
14276000001,A03,,,
14276000026,A04,,,
14276000027,A04,,,
14276000054,A03,,,
14276000057,A04,,,
14276000063,A03,,,
14276000065,A04,,,
14276000074,A03,,,
14277000003,A04,,,
14277000005,A03,,,
14277000010,A03,,,
14277000010,G31,,,
14277000010,G32,,,
14277000010,G33,,,
14277000010,G34,,,
14277000010,G35,,,
14277000010,G36,,,
14277000020,A04,,,
14277000026,A03,,,
14277000033,A04,,,
14277000039,A04,,,
14278000001,A03,,,
14278000001,M31,,,
14278000001,M32,,,
14278000030,A03,,,
14278000035,A03,,,
14278000044,A03,,,
14278000045,A04,,,
14278000055,A04,,,
14279000001,A03,,,
14279000002,A03,,,
14279000017,A04,,,
14279000018,A04,,,
14279000022,A03,,,
14279000023,A04,,,
14280000011,A03,,,
14280000013,A03,,,
14280000017,A03,,,
14280000021,A03,,,
14280000024,A04,,,
14281000001,A03,,,
14281000001,G31,,,
14282000001,A03,,,
14282000002,A03,,,
14282000028,A03,,,
14283000001,A03,,,
14283000004,A03,,,
14283000022,A03,,,
14283000026,A03,,,
14283000034,A04,,,
14283000049,A03,,,
14311000021,A03,,,
14311000027,A03,,,
14311000029,A03,,,
14311000032,A03,,,
14311000039,A03,,,
14311000041,A04,,,
14311000042,A03,,,
14311000055,A03,,,
14311000059,A03,,,
14311000061,A03,,,
14311000102,A04,,,
14311000114,A03,,,
14311000131,A03,,,
14311000161,A04,,,
14311000170,A03,,,
14311000181,A03,,,
14311000240,A03,,,
14311000242,A03,,,
14311000242,G31,,,
14311000267,A04,,,
14311000272,A03,,,
14311000295,A03,,,
14311000297,A03,,,
14311000301,A03,,,
14311000306,A03,,,
14311000313,A03,,,
14311000340,A03,,,
14311000346,A04,,,
14311000348,A03,,,
14311000355,A03,,,
14311000365,A04,,,
14311000382,A04,,,
14311000383,A04,,,
14311000392,A03,,,
14311000426,A03,,,
14311000431,A04,,,
14311000442,A04,,,
14311000446,A03,,,
14311000447,A03,,,
14311000466,A03,,,
14311000468,A03,,,
14311000478,A03,,,
14311000480,A03,,,
14311000489,A03,,,
14311000493,A03,,,
14311000494,A04,,,
14311000495,A04,,,
14311000498,A03,,,
14311000498,G31,,,
14311000498,G32,,,
14311000517,A04,,,
14311000538,A03,,,
14311000545,A03,,,
14311000566,A03,,,
14311000577,A03,,,
14311000580,A03,,,
14311000589,A03,,,
14311000604,A03,,,
14311000631,A03,,,
14311000634,A03,,,
14311000650,A03,,,
14311000659,A03,,,
14311000688,A03,,,
14311000700,A03,,,
14311000718,A04,,,
14311000726,A03,,,
14311000734,A03,,,
14311000735,A03,,,
14311000744,A03,,,
14311000746,A03,,,
14311000750,A03,,,
14311000751,A03,,,
14311000754,A03,,,
14311000755,A04,,,
14311000756,A04,,,
14311000757,A04,,,
14311000760,A04,,,
14311000770,A04,,,
14311000777,A03,,,
14311000778,A03,,,
14311000781,A04,,,
14311000789,A03,,,
14311000794,A03,,,
14311000819,A03,,,
14311000824,A03,,,
14311000830,A04,,,
14311000831,A03,,,
14311000835,A03,,,
14311000838,A03,,,
14311000853,A03,,,
14311000855,A03,,,
14311000866,A03,,,
14311000867,A03,,,
14311000871,A03,,,
14311000877,A04,,,
14311000879,A03,,,
14311000889,A03,,,
14311000891,A04,,,
14311000897,A03,,,
14311000908,A03,,,
14311000917,A03,,,
14311000922,A04,,,
14311000926,A04,,,
14311000938,A03,,,
14311000941,A03,,,
14311000949,A03,,,
14311000951,A04,,,
14311000970,A03,,,
14311000976,A03,,,
14311000981,A03,,,
14311000983,A03,,,
14311000988,A03,,,
14311000995,A04,,,
14311001002,A03,,,
14311001007,A04,,,
14311001017,A03,,,
14311001020,A03,,,
14311001031,A03,,,
14311001032,A04,,,
14313000001,A03,,,
14313000001,G31,,,
14313000003,A04,,,
14313000005,A03,,,
14313000007,A03,,,
14313000027,A04,,,
14313000046,A03,,,
14313000076,A04,,,
14313000101,A03,,,
14313000103,A03,,,
14313000110,A03,,,
14313000110,G31,,,
14313000111,A03,,,
14313000112,A04,,,
14313000113,A03,,,
14313000117,A03,,,
14313000126,A03,,,
14313000132,A03,,,
14313000147,A03,,,
14313000161,A03,,,
14313000162,A03,,,
14313000166,A03,,,
14313000167,A03,,,
14313000180,A03,,,
14313000181,A03,,,
14313000183,A03,,,
14313000184,S41,,,
14313000186,A03,,,
14313000188,A03,,,
14313000195,A03,,,
14313000200,A03,,,
14313000202,A03,,,
14313000205,A03,,,
14313000215,A03,,,
14313000221,A04,,,
14313000223,A03,,,
14313000226,A03,,,
14313000232,A03,,,
14313000247,A03,,,
14313000248,A03,,,
14313000251,A04,,,
14313000257,A03,,,
14313000260,A03,,,
14313000267,A03,,,
14313000275,A03,,,
14313000283,A03,,,
14313000292,A03,,,
14313000293,A04,,,
14313000300,A03,,,
14313000303,A03,,,
14313000303,M31,,,
14313000303,M32,,,
14313000304,A03,,,
14313000311,A04,,,
14313000312,A04,,,
14313000334,A03,,,
14313000344,A03,,,
14315000005,A03,,,
14315000032,A04,,,
14315000043,A03,,,
14315000044,A03,,,
14315000052,A04,,,
14315000073,A03,,,
14315000075,A03,,,
14315000079,A03,,,
14315000082,A03,,,
14315000085,A03,,,
14315000088,A03,,,
14315000093,A03,,,
14315000096,A03,,,
14315000099,A03,,,
14315000105,A03,,,
14315000110,A04,,,
14315000122,A03,,,
14315000124,A04,,,
14315000126,A04,,,
14315000129,A03,,,
14315000136,A04,,,
14315000141,A03,,,
14315000143,A03,,,
14315000152,A04,,,
14315000157,S41,,,
14315000174,A03,,,
14315000177,S41,,,
14315000181,A04,,,
14315000184,A04,,,
14315000189,A03,,,
14315000192,A03,,,
14315000193,A04,,,
14315000197,A03,,,
14315000198,A03,,,
14315000213,A03,,,
14315000214,A03,,,
14315000234,A03,,,
14315000241,S41,,,
14371000002,A03,,,
14371000003,A03,,,
14371000004,A04,,,
14371000011,A04,,,
14371000015,A03,,,
14371000025,A03,,,
14371000039,A03,,,
14371000054,A03,,,
14371000060,A03,,,
14371000076,A03,,,
14371000089,A03,,,
14371000090,A03,,,
14372000001,A03,,,
14372000004,A03,,,
14372000006,A03,,,
14372000007,A03,,,
14372000025,A03,,,
14372000025,G31,,,
14373000006,A03,,,
14373000007,A03,,,
14373000031,A03,,,
14373000046,A03,,,
14373000048,A03,,,
14373000050,A03,,,
14373000056,A03,,,
14373000064,A04,,,
14373000087,A04,,,
14373000087,S41,,,
14373000090,A04,,,
14373000094,A03,,,
14373000099,A04,,,
14373000104,A03,,,
14373000112,A03,,,
14373000121,A03,,,
14373000128,A03,,,
14373000128,G31,,,
14373000128,G32,,,
14373000128,G33,,,
14373000128,G34,,,
14373000128,G35,,,
14373000128,G36,,,
14374000002,A03,,,
14374000015,A04,,,
14374000016,A04,,,
14374000027,A03,,,
14374000042,A03,,,
14374000043,A04,,,
14374000047,A03,,,
14374000059,A03,,,
14374000075,A03,,,
14374000076,A03,,,
14374000082,A03,,,
14374000088,A03,,,
14374000097,A04,,,
14374000098,A03,,,
14374000099,A03,,,
14374000102,A04,,,
14374000109,A04,,,
14374000110,A04,,,
14374000116,A04,,,
14374000119,A03,,,
14374000124,A03,,,
14374000127,A04,,,
14374000132,A04,,,
14374000137,A03,,,
14374000137,G31,,,
14374000137,G32,,,
14374000137,G33,,,
14374000137,G34,,,
14374000137,G35,,,
14374000137,G36,,,
14374500015,A03,,,
14374500021,A03,,,
14374500031,A03,,,
14374500032,A03,,,
14374500033,A03,,,
14374500058,A03,,,
14374500060,A03,,,
14374500070,S41,,,
14374500074,A04,,,
14374500080,A03,,,
14375000001,A04,,,
14375000007,A03,,,
14375000011,A04,,,
14375000030,A03,,,
14375000048,S41,,,
14375000056,A04,,,
14375000057,A03,,,
14375000058,A03,,,
14375000059,A03,,,
14375000063,A03,,,
14375000068,A03,,,
14375000077,A03,,,
14375000079,A03,,,
14375000091,A03,,,
14375000097,A03,,,
14375000097,M31,,,
14375000097,M32,,,
14375000107,A03,,,
14375000109,A03,,,
14376000006,A02,,,
14376000006,A03,,,
14376000009,A04,,,
14376000013,A03,,,
14376000044,A03,,,
14376000045,A03,,,
14376000046,A04,,,
14376000061,A03,,,
14376000061,G31,,,
14376000062,A03,,,
14376000064,A04,,,
14376000065,A04,,,
14376000070,A04,,,
14376000084,S41,,,
14376000087,A03,,,
14377000001,A03,,,
14377000002,A03,,,
14377000012,A04,,,
14377000022,A03,,,
14377000025,A04,,,
14377000043,A04,,,
14377000045,A04,,,
14377000046,A03,,,
14377000054,A03,,,
14377000055,A03,,,
14377000057,A03,,,
14377000070,A04,,,
14377000073,A03,,,
14377000075,A03,,,
14377000079,A04,,,
14377000081,A04,,,
14377000086,A03,,,
14377000091,A03,,,
14377000097,A03,,,
14377000106,A03,,,
14377000111,A03,,,
14380000003,A03,,,
14380000013,A04,,,
14380000015,A03,,,
14380000020,A04,,,
14380000025,A03,,,
14380000039,A04,,,
14380000048,A03,,,
14413000003,A03,,,
14413000007,A03,,,
14413000008,A03,,,
14413000009,A03,,,
14413000011,A03,,,
14413000089,A03,,,
14413000121,A04,,,
14413000184,A03,,,
14413000187,A03,,,
14413000198,A04,,,
14413000199,A04,,,
14413000207,A03,,,
14413000223,A04,,,
14413000224,A04,,,
14413000228,A03,,,
14413000247,A04,,,
14413000250,A03,,,
14413000252,A03,,,
14413000258,A03,,,
14413000263,A04,,,
14413000271,A03,,,
14413000272,A03,,,
14413000274,A03,,,
14413000285,A03,,,
14413000293,A03,,,
14413000295,A04,,,
14413000298,A03,,,
14413000299,A03,,,
14413000307,A04,,,
14413000320,A03,,,
14413000338,A03,,,
14413000339,A03,,,
14413000348,A03,,,
14413000352,A03,,,
14413000363,A03,,,
14413000370,A03,,,
14413000376,A04,,,
14413000379,A03,,,
14413000386,A03,,,
14413000390,A03,,,
14413000392,A03,,,
14413000393,A04,,,
14413000399,A03,,,
14413000409,A03,,,
14413000411,A03,,,
14413000444,A04,,,
14413000451,A04,,,
14413000456,A03,,,
14413000461,A03,,,
14413000482,A03,,,
14413000488,A03,,,
14413000500,A04,,,
14413000507,A03,,,
14413000510,A03,,,
14413000516,A03,,,
14413000524,A03,,,
14413000526,A03,,,
14413000527,A03,,,
14413000536,A04,,,
14413000540,A03,,,
14413000544,A03,,,
14413000548,A04,,,
14413000549,A04,,,
14413000554,A03,,,
14413000559,A04,,,
14413000562,A03,,,
14413000565,A03,,,
14413000567,A03,,,
14413000569,A03,,,
14413000575,A03,,,
14413000576,A03,,,
14413000581,A04,,,
14413000584,A03,,,
14413000590,A04,,,
14413000592,A03,,,
14413000598,A03,,,
14413000600,A04,,,
14413000606,A03,,,
14413000607,A03,,,
14413000622,A03,,,
14413000627,A04,,,
14413000634,A04,,,
14413000638,A03,,,
14413000639,A03,,,
14413000645,A03,,,
14413000646,A03,,,
14413000647,A03,,,
14413000651,A03,,,
14413000657,A04,,,
14413000658,A04,,,
14413000662,A03,,,
14413000663,A04,,,
14415000007,A03,,,
14415000009,A03,,,
14415000012,A03,,,
14415000012,G31,,,
14415000019,A03,,,
14415000025,A03,,,
14415000031,A03,,,
14415000034,A03,,,
14415000079,A03,,,
14415000094,A04,,,
14415000096,A03,,,
14415000107,A03,,,
14415000115,A03,,,
14415000119,A03,,,
14415000126,A04,,,
14415000129,A03,,,
14415000142,A03,,,
14415000156,A03,,,
14415000162,A03,,,
14415000173,A03,,,
14415000182,A03,,,
14415000193,A03,,,
14415000198,A04,,,
14415000203,A03,,,
14415000213,A03,,,
14415000215,A03,,,
14415000220,A03,,,
14418000007,A03,,,
14418000008,A03,,,
14418000054,A04,,,
14418000064,A03,,,
14418000083,A03,,,
14418000083,M31,,,
14418000095,A03,,,
14418000100,A04,,,
14418000131,A04,,,
14418000161,A04,,,
14418000181,A03,,,
14418000192,A04,,,
14418000214,A03,,,
14420000035,A03,,,
14420000064,A03,,,
14420000066,A03,,,
14420000088,A03,,,
14420000096,A04,,,
14420000104,A03,,,
14420000105,A03,,,
14420000113,A03,,,
14420000123,A04,,,
14420000127,A03,,,
14420000128,A03,,,
14420000141,A03,,,
14420000143,A03,,,
14420000145,A03,,,
14420000153,A04,,,
14420000155,A03,,,
14420000159,A03,,,
14420000182,A04,,,
14420000190,A03,,,
14420000203,A03,,,
14420000203,G31,,,
14420000212,A04,,,
14420000218,A03,,,
14420000219,A03,,,
14420000221,A03,,,
14420000237,A03,,,
14420000267,A03,,,
14420000268,A03,,,
14420000272,A03,,,
14420000274,A03,,,
14420000282,A03,,,
14420000298,A03,,,
14420000303,A03,,,
14420000307,A03,,,
14420000311,A03,,,
14420000313,A04,,,
14420000315,A04,,,
14420000326,A03,,,
14420000334,A03,,,
14420000335,A03,,,
14420000336,A04,,,
14420000344,A03,,,
14420000350,A03,,,
14420000352,A03,,,
14420000353,A03,,,
14421000002,A03,,,
14421000003,A03,,,
14421000006,A03,,,
14421000063,A03,,,
14421000071,A03,,,
14421000085,A04,,,
14421000097,A03,,,
14421000098,A03,,,
14421000104,A03,,,
14421000108,A03,,,
14421000110,A03,,,
14421000111,A03,,,
14421000117,A03,,,
14421000117,M31,,,
14421000119,A03,,,
14421000122,A04,,,
14421000140,A04,,,
14421000160,A03,,,
14421000162,A03,,,
14421000196,A03,,,
14421000209,A04,,,
14421000222,A03,,,
14421000226,A03,,,
14421000240,A03,,,
14421000244,A03,,,
14421000253,A03,,,
14421000255,A03,,,
14421000258,A03,,,
14423000001,A03,,,
14423000006,A04,,,
14423000007,A03,,,
14423000017,A04,,,
14423000026,A03,,,
14423000028,A03,,,
14423000088,A04,,,
14423000100,A03,,,
14423000110,A03,,,
14423000122,A04,,,
14423000134,A03,,,
14423000146,A03,,,
14423000159,A03,,,
14423000178,A03,,,
14423000179,A03,,,
14423000181,A03,,,
14423000188,A03,,,
14423000190,A03,,,
14423000197,A04,,,
14423000203,A03,,,
14423000212,A03,,,
14423000216,A03,,,
14423000216,G31,,,
14423000216,G32,,,
14423000233,A03,,,
14423000252,A03,,,
14423000261,A04,,,
14423000262,A03,,,
14423000263,A03,,,
14423000283,A03,,,
14423000286,A03,,,
14423000288,A03,,,
14423000289,A04,,,
14423000291,A03,,,
14423000295,A03,,,
14423000300,A04,,,
14423000301,A03,,,
14423000314,A03,,,
14425000022,A03,,,
14425000032,A04,,,
14425000055,A03,,,
14425000068,A04,,,
14425000072,A04,,,
14425000073,A04,,,
14425000077,A03,,,
14425000081,A04,,,
14427000082,A04,,,
14427000092,A03,,,
14427000097,A04,,,
14427000098,A04,,,
14427000104,A03,,,
14427000106,A03,,,
14427000109,A03,,,
14427000124,A03,,,
14427000124,M31,,,
14427000124,M32,,,
14427000124,M33,,,
14427000124,M34,,,
14427000139,A04,,,
14427000158,A03,,,
14427000171,A03,,,
14427000171,G31,,,
14427000171,G32,,,
14427000192,A03,,,
14427000204,A03,,,
14427000208,A04,,,
14427000221,A03,,,
14427000239,A03,,,
14427000256,A03,,,
14427000256,G31,,,
14427000256,G32,,,
14471000005,A04,,,
14471000011,A04,,,
14471000048,A03,,,
14471000053,A04,,,
14471000055,A03,,,
14471000059,A04,,,
14471000060,A04,,,
14471000064,A04,,,
14471000073,A03,,,
14471000100,A04,,,
14471000104,A03,,,
14471000120,A04,,,
14471000133,A03,,,
14471000147,A03,,,
14471000148,A04,,,
14471000150,A03,,,
14471000155,A04,,,
14471000158,A04,,,
14471000160,A04,,,
14471000165,A04,,,
14471000168,A04,,,
14471000170,A04,,,
14471000171,A04,,,
14471000172,A03,,,
14471000174,A03,,,
14473000004,A03,,,
14473000005,A03,,,
14473000006,A03,,,
14473000023,S41,,,
14476000001,A03,,,
14476000002,A03,,,
14476000002,G31,,,
14476000003,A03,,,
14476000027,A03,,,
14476000037,A03,,,
14476000071,A03,,,
14476000071,G31,,,
14476000071,G32,,,
14476000079,A03,,,
14476000080,A03,,,
14476000088,A04,,,
14476000092,A03,,,
14476000094,A03,,,
14476000096,A04,,,
14476000100,A03,,,
14476000113,A04,,,
14476000129,A03,,,
14476000143,A03,,,
14476000148,A04,,,
14477000001,A03,,,
14477000001,G31,,,
14477000001,G32,,,
14477000018,A03,,,
14477000018,G31,,,
14477000018,G32,,,
14477000031,A04,,,
14477000034,A03,,,
14477000040,A03,,,
14477000054,A03,,,
14477000087,A03,,,
14477000089,A03,,,
14477000092,A04,,,
14477000103,A03,,,
14477000106,A03,,,
14477000114,A04,,,
14477000118,A03,,,
14479000040,A03,,,
14479000055,A03,,,
14479000057,A03,,,
14479000059,A04,,,
14479000062,A04,,,
14479000073,A03,,,
14479000075,A03,,,
14480000004,A03,,,
14480000027,A04,,,
14480000047,A04,,,
14480000053,A04,,,
14480000056,A03,,,
14480000064,A03,,,
14480000065,A03,,,
14480000066,A03,,,
14480000109,A03,,,
14480000110,A03,,,
14480000128,A03,,,
14480000133,A03,,,
14480000137,A03,,,
14480000150,A03,,,
14481000048,A04,,,
14481000062,A03,,,
14481000066,A03,,,
14481000079,A04,,,
14481000088,A03,,,
14481000095,A04,,,
14481000109,A03,,,
14481000111,A03,,,
14481000121,A03,,,
14481000125,A03,,,
14481000133,A04,,,
14481000144,A03,,,
14481000165,A03,,,
14481000166,A04,,,
14481000172,A03,,,
14481000175,A03,,,
14481000179,A03,,,
14481000181,A03,,,
14481000191,A03,,,
14481000192,A03,,,
14481000194,A03,,,
14481000200,A03,,,
14481000201,A03,,,
14481000202,A03,,,
14482500040,A04,,,
14482500048,A03,,,
14482500053,A04,,,
14482500062,A03,,,
14482500068,A03,,,
14482500073,A03,,,
14482500075,A03,,,
14482500079,A03,,,
14482500088,A03,,,
14482500093,A03,,,
14482500099,A03,,,
14482500114,A03,,,
14482500118,A03,,,
14483000008,A03,,,
14483000025,A03,,,
14483000025,M31,,,
14483000025,M32,,,
14483000025,M33,,,
14483000025,M34,,,
14483000035,A04,,,
14483000042,A04,,,
14483000062,A03,,,
14483000068,A03,,,
14483000068,M31,,,
14511000001,A03,,,
14511000002,A03,,,
14511000002,G31,,,
14511000002,G32,,,
14511000002,G33,,,
14511000002,G34,,,
14511000015,A03,,,
14511000026,A03,,,
14511000026,G31,,,
14511000026,M31,,,
14511000027,A03,,,
14511000029,A03,,,
14511000030,A03,,,
14511000035,A03,,,
14511000040,A03,,,
14511000041,A04,,,
14511000042,A03,,,
14511000046,A03,,,
14511000048,A03,,,
14511000049,A03,,,
14511000057,A03,,,
14511000061,A03,,,
14511000063,A03,,,
14511000205,A03,,,
14511000252,A03,,,
14511000255,A03,,,
14511000258,A03,,,
14511000290,A04,,,
14511000308,A04,,,
14511000320,A04,,,
14511000326,A03,,,
14511000331,A03,,,
14511000357,A03,,,
14511000362,A04,,,
14511000371,A04,,,
14511000404,A03,,,
14511000495,A04,,,
14511000533,A03,,,
14511000643,A03,,,
14511000661,A04,,,
14511000662,A03,,,
14511000671,A03,,,
14511000697,A03,,,
14511000702,A03,,,
14511000711,A03,,,
14511000717,A03,,,
14511000718,A03,,,
14511000718,G31,,,
14511000718,G32,,,
14511000731,A03,,,
14511000747,A03,,,
14511000762,A03,,,
14511000783,A03,,,
14511000801,A03,,,
14513000001,A03,,,
14513000001,G31,,,
14513000001,G32,,,
14513000003,A03,,,
14513000004,A03,,,
14513000005,A03,,,
14513000006,A03,,,
14513000007,A03,,,
14513000008,A03,,,
14513000009,A03,,,
14513000009,G31,,,
14513000009,G32,,,
14513000009,G33,,,
14513000009,G34,,,
14513000011,A03,,,
14513000016,A03,,,
14513000017,A03,,,
14513000038,A03,,,
14513000104,A03,,,
14513000137,A03,,,
14513000157,A03,,,
14513000167,A03,,,
14513000178,A03,,,
14513000179,A03,,,
14513000181,A03,,,
14513000195,A03,,,
14513000196,A03,,,
14513000203,A03,,,
14513000228,A04,,,
14513000229,A03,,,
14513000335,A03,,,
14513000342,A03,,,
14513000375,A03,,,
14513000394,A03,,,
14514000005,A03,,,
14514000006,A03,,,
14514000011,A03,,,
14514000014,A03,,,
14514000015,A03,,,
14514000016,A03,,,
14514000022,A03,,,
14514000045,A03,,,
14514000047,A03,,,
14514000078,A04,,,
14514000100,A04,,,
14514000103,A04,,,
14514000107,A04,,,
14514000109,A04,,,
14514000139,A04,,,
14514000165,A04,,,
14514000186,A03,,,
14514000187,A03,,,
14514000189,A03,,,
14514000192,A03,,,
14514000217,A03,,,
14514000222,A03,,,
14514000230,S41,,,
14514000236,A04,,,
14514000242,A03,,,
14514000248,A03,,,
14514000260,A04,,,
14514000261,A04,,,
14514000268,A03,,,
14514000309,A04,,,
14514000319,A04,,,
14514000336,A03,,,
14514000346,A04,,,
14514000359,A03,,,
14514000406,A03,,,
14514000415,A03,,,
14514000429,A03,,,
14514000443,A03,,,
14514000448,A03,,,
14514000455,A03,,,
14514000455,G31,,,
14514000462,A04,,,
14514000463,A03,,,
14514000466,A04,,,
14514000477,A03,,,
14514000491,A03,,,
14514000492,A03,,,
14514000494,A03,,,
14514000501,A04,,,
14514000503,A03,,,
14514000515,A03,,,
14514000516,A03,,,
14518000007,A03,,,
14518000008,A03,,,
14518000009,A03,,,
14518000010,A03,,,
14518000011,A03,,,
14518000021,A03,,,
14518000021,G31,,,
14518000021,G32,,,
14518000035,A04,,,
14518000043,A03,,,
14518000078,A04,,,
14518000093,A03,,,
14518000111,A03,,,
14518000116,A03,,,
14518000142,A03,,,
14518000188,A04,,,
14518000190,A04,,,
14518000211,A04,,,
14518000212,A03,,,
14518000219,A04,,,
14518000222,A04,,,
14518000249,A04,,,
14518000253,A03,,,
14518000254,A03,,,
14518000259,A03,,,
14518000260,A03,,,
14519000001,A03,,,
14519000002,A03,,,
14519000008,A03,,,
14519000009,A03,,,
14519000010,A03,,,
14519000010,G31,,,
14519000010,G32,,,
14519000011,A03,,,
14519000012,A03,,,
14519000021,A03,,,
14519000021,G31,,,
14519000021,G32,,,
14519000058,A03,,,
14519000074,A03,,,
14519000081,A04,,,
14521000003,A03,,,
14521000005,A03,,,
14521000007,A03,,,
14521000009,A03,,,
14521000014,A04,,,
14521000016,A03,,,
14521000017,A04,,,
14521000022,A03,,,
14521000023,A03,,,
14521000029,A03,,,
14521000032,A04,,,
14521000065,A04,,,
14521000066,A03,,,
14521000072,A04,,,
14521000078,A03,,,
14521000129,A03,,,
14521000153,A03,,,
14521000177,A04,,,
14521000179,A03,,,
14521000199,A03,,,
14521000200,A03,,,
14521000203,A03,,,
14521000204,A03,,,
14521000216,A04,,,
14571000003,A03,,,
14571000004,A03,,,
14571000005,A03,,,
14571000005,G31,,,
14571000005,G32,,,
14571000013,A03,,,
14571000014,A03,,,
14571000023,A03,,,
14571000027,A03,,,
14571000029,A04,,,
14571000038,A04,,,
14571000041,A03,,,
14571000041,G31,,,
14571000043,A03,,,
14571000049,A04,,,
14571000065,A03,,,
14571000069,A03,,,
14571000092,A04,,,
14571000102,A04,,,
14571000122,A03,,,
14572000004,A03,,,
14572000006,A03,,,
14572000038,A04,,,
14572000043,A03,,,
14572000047,A04,,,
14572000050,A03,,,
14572000053,A04,,,
14572000073,A03,,,
14573000002,A03,,,
14573000014,A03,,,
14573000033,A04,,,
14573000039,A03,,,
14573000062,A03,,,
14573000067,A03,,,
14574000002,A03,,,
14574000003,A03,,,
14574000006,A03,,,
14574000030,A03,,,
14574000035,A04,,,
14575000001,A03,,,
14575000002,A03,,,
14575000002,G31,,,
14575000002,G32,,,
14575000008,A04,,,
14575000051,A03,,,
14575000068,A04,,,
14575000070,A04,,,
14575000078,A04,,,
14575000079,A04,,,
14577000001,A03,,,
14577000006,A03,,,
14577000035,A04,,,
14577000049,A04,,,
14577000054,A04,,,
14577000056,A04,,,
14579000002,A03,,,
14579000003,A03,,,
14579000024,A03,,,
14579000024,G31,,,
14579000027,A03,,,
14579000076,A03,,,
14579000088,A03,,,
14579000111,A04,,,
14579000116,A04,,,
14580000001,A03,,,
14580000003,A03,,,
14580000076,A03,,,
14580000088,A04,,,
14580000091,A03,,,
14580000108,A03,,,
14580000126,A03,,,
14580000145,A03,,,
14580000167,A03,,,
14611000001,A03,,,
14611000001,M31,,,
14611000001,M32,,,
14611000004,A03,,,
14611000063,A04,,,
14611000083,A03,,,
14611000094,A04,,,
14611000095,A03,,,
14611000096,A03,,,
14611000133,A03,,,
14611000136,A03,,,
14611000139,A04,,,
14611000152,A03,,,
14611000163,A03,,,
14611000166,A04,,,
14611000168,A03,,,
14611000173,A03,,,
14611000180,A03,,,
14611000189,A03,,,
14611000189,G31,,,
14611000189,G32,,,
14611000189,G33,,,
14611000190,A03,,,
14611000198,A03,,,
14611000202,A03,,,
14611000230,A03,,,
14611000231,A03,,,
14611000240,A03,,,
14611000241,A03,,,
14611000257,A04,,,
14611000276,A03,,,
14611000293,A03,,,
14611000303,A04,,,
14611000310,A03,,,
14611000311,A03,,,
14611000312,A03,,,
14611000314,A03,,,
14611000329,A03,,,
14611000342,A04,,,
14613000002,A03,,,
14613000003,A03,,,
14613000004,A03,,,
14613000005,A03,,,
14613000006,A03,,,
14613000007,A04,,,
14613000008,S41,,,
14613000009,A03,,,
14613000009,M31,,,
14613000027,A03,,,
14613000065,A03,,,
14613000096,A04,,,
14613000099,A03,,,
14613000122,A03,,,
14613000122,M31,,,
14613000122,M32,,,
14613000134,A03,,,
14613000135,A03,,,
14613000150,A03,,,
14613000154,A04,,,
14613000161,A04,,,
14613000165,A03,,,
14613000170,A03,,,
14613000177,A03,,,
14613000182,A04,,,
14613000221,A03,,,
14613000226,A03,,,
14613000240,A04,,,
14613000244,A03,,,
14613000248,A03,,,
14613000272,A04,,,
14613000314,A04,,,
14613000330,A03,,,
14613000344,A04,,,
14613000346,A03,,,
14613000358,A03,,,
14615000003,A03,,,
14615000005,A03,,,
14615000006,A03,,,
14615000099,A03,,,
14615000134,A03,,,
14615000134,G31,,,
14615000134,G32,,,
14615000152,A03,,,
14615000152,G31,,,
14615000161,A03,,,
14615000167,A04,,,
14615000179,A03,,,
14615000179,G31,,,
14615000200,A03,,,
14615000202,A04,,,
14615000211,A03,,,
14615000223,A03,,,
14615000234,A03,,,
14615000261,A03,,,
14615000261,G31,,,
14615000261,G32,,,
14615000276,A03,,,
14615000292,A03,,,
14615000299,A04,,,
14615000311,A04,,,
14615000321,A03,,,
14615000368,A03,,,
14615000371,A04,,,
14615000380,A03,,,
14615000383,A03,,,
14615000390,A03,,,
14615000395,A04,,,
14615000399,A03,,,
14615000402,A03,,,
14615000409,A03,,,
14615000417,A03,,,
14615000418,A03,,,
14615000420,A03,,,
14615000421,A04,,,
14615000425,A03,,,
14617000005,A03,,,
14617000005,G32,,,
14617000005,M31,,,
14617000007,A03,,,
14617000018,A03,,,
14617000019,A03,,,
14617000075,A04,,,
14617000099,A03,,,
14617000102,A03,,,
14617000110,A03,,,
14617000117,A03,,,
14617000121,A04,,,
14617000142,A03,,,
14617000143,A03,,,
14617000158,A03,,,
14617000172,A03,,,
14617000173,A03,,,
14617000211,A03,,,
14617000212,A03,,,
14617000213,A03,,,
14617000216,A03,,,
14617000227,A04,,,
14617000241,A03,,,
14617000258,A03,,,
14623000003,A03,,,
14623000004,A03,,,
14623000011,A03,,,
14623000011,G31,,,
14623000037,A03,,,
14623000041,A03,,,
14623000054,A04,,,
14623000066,A03,,,
14623000072,A03,,,
14623000092,A03,,,
14623000096,A03,,,
14623000111,A03,,,
14623000118,A04,,,
14623000121,A03,,,
14623000131,A04,,,
14623000159,A04,,,
14623000165,A03,,,
14623000165,G31,,,
14623000165,G32,,,
14623000177,A04,,,
14623000178,A04,,,
14623000183,A03,,,
14623000184,A03,,,
14623000185,A03,,,
14671000002,A03,,,
14671000004,A03,,,
14671000012,A03,,,
14671000029,A03,,,
14671000032,A04,,,
14671000052,A04,,,
14671000074,A03,,,
14671000076,A03,,,
14671000082,A03,,,
14671000085,A03,,,
14671000086,A03,,,
14671000100,A04,,,
14671000107,A04,,,
14671000116,A03,,,
14671000122,A03,,,
14671000128,A03,,,
14672000027,A03,,,
14672000027,G31,,,
14672000035,A03,,,
14672000039,A04,,,
14672000054,A03,,,
14672000056,A03,,,
14672000065,A03,,,
14672000083,A03,,,
14673000015,A03,,,
14673000030,A03,,,
14673000044,A03,,,
14673000056,A03,,,
14673000063,A03,,,
14673000075,A03,,,
14677000001,A03,,,
14677000002,A03,,,
14677000003,A03,,,
14677000043,A03,,,
14677000056,A03,,,
14677000057,A03,,,
14677000060,A04,,,
14677000065,A03,,,
14677000066,A03,,,
14677000073,A03,,,
14677000075,A03,,,
14677000110,A03,,,
14677000111,A03,,,
14677000134,A03,,,
14677000146,A03,,,
14677000160,A03,,,
14678000011,A04,,,
14678000014,A03,,,
14678000036,A04,,,
14678000044,A04,,,
14678000046,A03,,,
14678000084,A04,,,
14679000010,A03,,,
14679000058,A04,,,
14679000092,A03,,,
14679000100,A03,,,
14679000108,A04,,,
14679000117,A03,,,
14679000117,G31,,,
14679000117,G32,,,
14679000117,G33,,,
14679000140,A04,,,
14679000148,A03,,,
14679000161,A03,,,
14679000163,A03,,,
14679000178,A03,,,
14679000181,A03,,,
14679000183,A03,,,
14679000190,A04,,,
14679000192,A03,,,
14679000199,A03,,,
14679000204,A04,,,
14679000221,A03,,,
14679000231,A04,,,
14680000008,A03,,,
14680000009,A03,,,
14680000009,G31,,,
14680000011,A03,,,
14680000031,A03,,,
14680000062,A03,,,
14681000001,A03,,,
14681000005,A03,,,
14681000011,A04,,,
14681000014,A03,,,
14681000018,A03,,,
14681000027,A03,,,
14681000051,A03,,,
14681000051,G31,,,
14681000051,G32,,,
14681000051,G33,,,
14681000051,G34,,,
14681000057,A03,,,
14681000058,A04,,,
14682000001,A03,,,
14682000004,A03,,,
14682000029,A03,,,
14682000032,A03,,,
14682000036,A04,,,
14682000047,A04,,,
14682000048,A03,,,
14682000049,A04,,,
14682000058,A03,,,
14682000062,A03,,,
14682000064,A04,,,
14682000084,A03,,,
14682000100,A04,,,
14682000104,A04,,,
14682000113,A04,,,
14682000127,A04,,,
14682000131,A03,,,
14682000135,A03,,,
14682000146,A03,,,
14683000009,A03,,,
14683000034,A03,,,
14683000042,A03,,,
14683000044,A03,,,
14683000052,A03,,,
14683000059,A03,,,
14683000061,A04,,,
14683000068,A03,,,
14683000069,A03,,,
14683000073,A03,,,
14683000106,A03,,,
14683000111,A03,,,
14684000001,A03,,,
14684000002,A03,,,
14684000004,A03,,,
14684000006,A03,,,
14684000052,A03,,,
14684000055,A03,,,
14684000065,A03,,,
14684000066,A04,,,
14684000075,A03,,,
14684000082,S41,,,
14684000084,A03,,,
14684000085,A03,,,
14684000092,A03,,,
14684000093,A03,,,
14684000116,S41,,,
14684000118,A03,,,
14684000118,G31,,,
14684000118,G32,,,
14686000007,A03,,,
14686000007,G31,,,
14686000007,G32,,,
14686000031,A04,,,
14686000032,A03,,,
14686000034,A03,,,
14686000037,A03,,,
14686000049,A03,,,
14686000056,A04,,,
14686000058,A03,,,
14686000065,A03,,,
14686000080,A03,,,
14686000099,A03,,,
14686000100,A03,,,
14686000103,A03,,,
14687000001,A03,,,
14687000002,A03,,,
14687000010,A03,,,
14687000022,A03,,,
14687000024,A03,,,
14687000025,A03,,,
14687000027,A04,,,
14687000032,A03,,,
14687000041,A04,,,
14687000042,A03,,,
14688000008,A03,,,
14688000009,A03,,,
14688000010,A03,,,
14688000043,A03,,,
14688000074,A03,,,
14688000102,A03,,,
14688000106,A03,,,
14689000001,A03,,,
14689000002,A03,,,
14689000002,G31,,,
14689000003,A03,,,
14689000004,A03,,,
14689000027,A04,,,
14689000040,A03,,,
14689000043,A03,,,
14689000046,A03,,,
14689000052,A03,,,
14689000068,A04,,,
14689000074,A04,,,
14689000098,A04,,,
14690000023,A04,,,
14690000031,A03,,,
14690000034,A03,,,
14690000058,A04,,,
14691000003,A03,,,
14691000018,A03,,,
14691000037,A04,,,
14691000053,A04,,,
14691000054,A03,,,
14691000056,A04,,,
14691000059,A03,,,
14691000065,A03,,,
14711000004,A03,,,
14711000006,A03,,,
14711000008,A03,,,
14711000010,A03,,,
14711000015,A03,,,
14711000016,A03,,,
14711000031,A03,,,
14711000032,A03,,,
14711000162,A03,,,
14711000169,A03,,,
14711000171,A03,,,
14711000190,A03,,,
14711000192,A03,,,
14711000207,A03,,,
14711000255,A03,,,
14711000260,A03,,,
14711000261,A03,,,
14711000262,A03,,,
14711000268,A03,,,
14711000272,A03,,,
14711000274,A03,,,
14711000296,A03,,,
14711000301,A03,,,
14711000317,A03,,,
14711000358,A03,,,
14711000378,A03,,,
14711000388,A04,,,
14711000402,A03,,,
14711000407,A03,,,
14711000453,A03,,,
14711000453,M31,,,
14711000453,M32,,,
14711000488,A03,,,
14711000493,A03,,,
14711000495,A03,,,
14711000526,A04,,,
14711000552,A03,,,
14711000561,A04,,,
14711000591,A03,,,
14711000602,A03,,,
14711000612,A03,,,
14711000623,A04,,,
14711000644,A03,,,
14711000666,A03,,,
14713000003,A03,,,
14713000004,A03,,,
14713000005,A03,,,
14713000011,A03,,,
14713000012,A03,,,
14713000016,A04,,,
14713000101,A03,,,
14713000102,A04,,,
14713000104,A03,,,
14713000104,G31,,,
14713000104,G32,,,
14713000107,A04,,,
14713000123,A03,,,
14713000134,S41,,,
14713000164,A03,,,
14713000168,A03,,,
14713000214,A03,,,
14713000215,A03,,,
14713000261,A03,,,
14713000307,A04,,,
14713000357,A04,,,
14713000365,A04,,,
14713000370,A03,,,
14713000370,G31,,,
14713000370,G32,,,
14713000381,A03,,,
14713000388,A03,,,
14713000393,A04,,,
14713000397,A03,,,
14715000007,A03,,,
14715000009,A03,,,
14715000010,A03,,,
14715000012,A03,,,
14715000081,A03,,,
14715000085,A04,,,
14715000113,A03,,,
14715000121,A03,,,
14715000124,A03,,,
14715000133,A04,,,
14715000139,A03,,,
14715000151,A03,,,
14715000152,A03,,,
14715000158,A04,,,
14715000165,A03,,,
14715000175,A03,,,
14715000180,A03,,,
14715000190,A03,,,
14715000199,A04,,,
14715000209,A04,,,
14715000212,A03,,,
14715000228,A03,,,
14715000230,A04,,,
14715000236,A03,,,
14715000240,A04,,,
14715000242,A03,,,
14715000245,A04,,,
14715000276,A03,,,
14715000278,A03,,,
14715000284,A03,,,
14715000287,A03,,,
14715000291,A03,,,
14715000292,A04,,,
14715000294,A04,,,
14715000305,A03,,,
14715000307,A04,,,
14715000311,A03,,,
14715000317,A04,,,
14715000321,A03,,,
14715000326,A03,,,
14715000339,A03,,,
14715000341,A03,,,
14717000001,A03,,,
14717000002,A03,,,
14717000003,A03,,,
14717000004,A03,,,
14717000005,A03,,,
14717000006,A03,,,
14717000030,A04,,,
14717000040,A03,,,
14717000044,A03,,,
14717000067,A03,,,
14717000073,A03,,,
14717000077,A04,,,
14717000102,A03,,,
14717000119,A03,,,
14717000173,A03,,,
14717000175,A03,,,
14717000200,A03,,,
14717000205,A03,,,
14719000001,A03,,,
14719000012,A03,,,
14719000036,A03,,,
14719000067,A03,,,
14719000157,A03,,,
14719000160,A03,,,
14719000177,A04,,,
14719000189,A04,,,
14719000201,A03,,,
14719000213,A03,,,
14719000214,A03,,,
14719000224,A03,,,
14719000226,A03,,,
14719000239,A04,,,
14719000243,A03,,,
14719000245,A03,,,
14719000246,A04,,,
14719000249,A03,,,
14719000249,G31,,,
14719000252,A03,,,
14719000259,A03,,,
14719000270,A03,,,
14719000285,A03,,,
14719000287,A04,,,
14719000297,A03,,,
14719000305,A03,,,
14719000309,A03,,,
14719000322,A03,,,
14719000339,A03,,,
14719000356,A04,,,
14719000369,A03,,,
14719000408,A04,,,
14719000410,A03,,,
14719000412,A04,,,
14719000420,A03,,,
14719000427,A03,,,
14719000429,A03,,,
14719000439,A03,,,
14719000441,A03,,,
14719000450,A03,,,
14719000454,A03,,,
14719000457,A03,,,
14719000474,A03,,,
14719000475,A03,,,
14719000476,A03,,,
14719000488,A04,,,
14719000491,A03,,,
14719000493,A03,,,
14719000501,A03,,,
14719000506,A03,,,
14719000508,A03,,,
14719000511,A04,,,
14719000515,A03,,,
14719000519,A04,,,
14719000523,A03,,,
14719000525,A03,,,
14721000001,A03,,,
14721000003,A03,,,
14721000003,G31,,,
14721000004,A03,,,
14721000017,A03,,,
14721000020,A03,,,
14721000027,A03,,,
14721000031,A03,,,
14721000039,A03,,,
14721000056,A03,,,
14721000104,A04,,,
14721000106,A03,,,
14721000108,A03,,,
14721000115,A03,,,
14721000147,A03,,,
14721000149,A03,,,
14721000151,A04,,,
14721000157,A03,,,
14721000174,A03,,,
14721000185,A03,,,
14721000195,S41,,,
14721000205,A03,,,
14721000220,A03,,,
14723000010,A03,,,
14723000017,A03,,,
14723000019,A03,,,
14723000027,A03,,,
14723000033,A03,,,
14723000111,A04,,,
14723000115,A03,,,
14723000127,A03,,,
14723000138,A03,,,
14723000169,A04,,,
14723000176,A03,,,
14723000182,A03,,,
14723000197,A04,,,
14723000209,A01,,,
14723000209,A03,,,
14723000222,A04,,,
14723000234,A03,,,
14723000236,A03,,,
14723000245,A04,,,
14723000259,A04,,,
14723000264,A04,,,
14723000273,A03,,,
14723000285,A03,,,
14725000009,A03,,,
14725000012,A03,,,
14725000013,A03,,,
14725000016,A03,,,
14725000035,A03,,,
14725000065,A03,,,
14725000079,A03,,,
14725000083,A03,,,
14725000084,A03,,,
14725000086,A03,,,
14725000094,A03,,,
14725000098,A03,,,
14725000101,A03,,,
14725000103,A03,,,
14725000118,A03,,,
14725000157,A04,,,
14725000179,A03,,,
14725000180,A03,,,
14725000190,A03,,,
14725000213,A03,,,
14725000216,A03,,,
14725000217,A03,,,
14728000001,A03,,,
14728000002,A03,,,
14728000003,A03,,,
14728000014,A03,,,
14728000042,A04,,,
14728000050,A03,,,
14728000056,A03,,,
14728000078,A03,,,
14728000087,A04,,,
14728000094,A03,,,
14728000102,A03,,,
14728000109,A04,,,
14728000114,A03,,,
14728000123,A03,,,
14728000124,A04,,,
14728000129,A04,,,
14728000142,A03,,,
14728000157,A04,,,
14728000184,A04,,,
14728000197,A03,,,
14728000203,A04,,,
14729000004,A03,,,
14729000004,G31,,,
14729000004,G32,,,
14729000008,A03,,,
14729028642,A03,,,
14729028662,A03,,,
14729028684,A03,,,
14729028703,A04,,,
14729028725,A03,,,
14729028742,A04,,,
14729028744,A03,,,
14729028745,A04,,,
14729028746,A03,,,
14729028756,A04,,,
14729028757,A04,,,
14729028765,A04,,,
14729028784,A03,,,
14729028785,A03,,,
14729028788,A04,,,
14729028792,A03,,,
14729028810,A03,,,
14729028812,A03,,,
14729028816,A04,,,
14729028818,A04,,,
14729028825,A04,,,
14729028828,A04,,,
14729028830,A04,,,
14729028835,A03,,,
14729028838,A03,,,
14729028843,A03,,,
14729028846,A04,,,
14729028849,A04,,,
14729028850,A03,,,
14729028856,A03,,,
14729028859,A03,,,
14729028866,A03,,,
14729028870,A03,,,
14729028881,A04,,,
14729028885,A03,,,
14729028897,A03,,,
14729028906,A03,,,
14729028938,A03,,,
14729028940,A03,,,
14729028954,A03,,,
14729028968,A03,,,
14729028970,A03,,,
14729028980,A04,,,
14729028990,A03,,,
14729028994,A03,,,
14729029014,A04,,,
14729029016,A04,,,
14729029018,A03,,,
14729029038,A03,,,
14729029047,A03,,,
14729029051,A03,,,
14729029059,A03,,,
14729029063,A04,,,
14729029076,A04,,,
14729029077,A04,,,
14729029080,A04,,,
14729029081,A04,,,
14729029082,A03,,,
14729029087,A03,,,
14729029097,A03,,,
14729029106,A03,,,
14729029120,A03,,,
14772000013,A03,,,
14772000029,A03,,,
14772000060,A04,,,
14773000001,A03,,,
14773000001,G31,,,
14773000002,A03,,,
14773000010,A03,,,
14773000044,A03,,,
14773000047,A03,,,
14773000049,A03,,,
14773000057,A03,,,
14773000057,G31,,,
14773000061,A04,,,
14773000065,A03,,,
14773000067,A03,,,
14773000070,A03,,,
14773000079,S41,,,
14773000080,A03,,,
14773000081,A03,,,
14773000097,A03,,,
14773000099,A03,,,
14773000103,A04,,,
14773000105,A03,,,
14773000119,A03,,,
14775000001,A03,,,
14775000008,A03,,,
14775000016,A03,,,
14775000022,A03,,,
14775000030,A03,,,
14775000030,G31,,,
14776000001,A03,,,
14776000014,A04,,,
14776000016,A03,,,
14776000018,A03,,,
14776000022,A04,,,
14776000028,A03,,,
14777000002,A03,,,
14777000024,A03,,,
14777000032,A03,,,
14777000056,A03,,,
14777000062,A03,,,
14782000001,A03,,,
14782000035,A03,,,
14782000036,A03,,,
14782000053,A03,,,
14782000058,A03,,,
14782000060,A03,,,
14782000071,A04,,,
14782000083,A03,,,
14782000087,A04,,,
14782000088,A04,,,
14782000100,A04,,,
14782000105,A04,,,
14782000109,A04,,,
14782000119,A04,,,
14782000132,A03,,,
14783000021,A03,,,
14783000023,A03,,,
14783000031,A03,,,
14783000035,A04,,,
14783000043,A03,,,
14783000052,A03,,,
14783000057,A03,,,
14784000001,A03,,,
14784000002,A03,,,
14784000003,A03,,,
14784000004,A03,,,
14784000035,A04,,,
14784000039,A04,,,
14784000060,A03,,,
14784000073,A04,,,
14784000087,A03,,,
14784000093,A03,,,
14785000001,A03,,,
14785000002,A03,,,
14785000003,A03,,,
14785000056,A03,,,
14785000058,A03,,,
14785000060,A03,,,
14785000070,A04,,,
14785000073,A04,,,
14785000079,A04,,,
14785000085,A04,,,
14785000086,A04,,,
14785000089,A03,,,
14785000099,A03,,,
14785000105,A03,,,
14785000107,A03,,,
14785000137,A03,,,
14785000140,A03,,,
14785000150,A03,,,
14785000160,A04,,,
14785000164,A03,,,
14785000166,A03,,,
14785000182,A03,,,
14785000202,A03,,,
14785000208,A03,,,
14790000005,A03,,,
14790000020,A03,,,
14790000020,G31,,,
14790000039,A03,,,
14790000331,A03,,,
14790000353,A03,,,
14790000372,A03,,,
14792000001,A03,,,
14792000001,G31,,,
14792000001,G32,,,
14792000001,G33,,,
14792000016,A03,,,
14792000023,A03,,,
14792000032,A03,,,
14792000038,A03,,,
14793000001,A03,,,
14793000049,A03,,,
14793000057,A03,,,
14793000090,A03,,,
14794000006,A03,,,
14811000005,A03,,,
14811000006,A03,,,
14811000007,A04,,,
14811000016,A03,,,
14811000017,A03,,,
14811000023,A03,,,
14811000037,A03,,,
14811000081,S41,,,
14811000133,A03,,,
14812000153,A04,,,
14812000180,A04,,,
14812000189,A04,,,
14812000197,A03,,,
14812000199,A03,,,
14812000244,A03,,,
14812000248,A03,,,
14812000258,A03,,,
14812000292,A03,,,
14812000305,A03,,,
14812000306,A04,,,
14812000356,A03,,,
14812000360,A03,,,
14812000409,A03,,,
14812000425,A03,,,
14812000450,A03,,,
14812000478,A03,,,
14812000495,A04,,,
14812000496,A04,,,
14812000583,A03,,,
14812000606,A03,,,
14812000697,A03,,,
14812000712,A04,,,
14812000753,A03,,,
14812000760,A03,,,
14812000765,A03,,,
14812000770,A04,,,
14812000771,A03,,,
14812000775,A03,,,
14812000781,A03,,,
14812000781,G31,,,
14812000789,A04,,,
14812000816,A03,,,
14812000840,A03,,,
14816000002,A03,,,
14816000003,A03,,,
14816000007,A03,,,
14816000008,A03,,,
14816000009,A03,,,
14816000011,A03,,,
14816000037,A03,,,
14816000071,A03,,,
14816000122,A03,,,
14816000137,A03,,,
14816000140,A03,,,
14817000002,A03,,,
14817000004,A03,,,
14817000005,A03,,,
14817000006,A03,,,
14817000013,A03,,,
14817000013,G31,,,
14817000135,A03,,,
14817000138,A03,,,
14817000138,G31,,,
14817000138,G32,,,
14817000147,A04,,,
14817000152,A03,,,
14817000162,S41,,,
14817000165,A03,,,
14817000165,G31,,,
14817000178,A03,,,
14817000180,S41,,,
14817000183,A03,,,
14817000233,S41,,,
14817000253,A03,,,
14817000268,A03,,,
14817000274,A03,,,
14817000277,A03,,,
14817000294,A03,,,
14817000361,A03,,,
14817000393,A03,,,
14817000420,A03,,,
14817000454,A03,,,
14817000463,A04,,,
14817000473,A03,,,
14817000490,A03,,,
14817000499,A03,,,
14817000516,A03,,,
14817000521,A03,,,
14817000523,A03,,,
14819000002,A03,,,
14819000005,A03,,,
14819000006,A03,,,
14819000006,A04,,,
14819000061,A04,,,
14822000001,A03,,,
14822000023,A03,,,
14822000029,A03,,,
14822000038,A03,,,
14822000040,A03,,,
14822000056,A03,,,
14822000059,A03,,,
14822000097,A03,,,
14822000103,A04,,,
14824000002,A03,,,
14824000004,A03,,,
14824000004,G31,,,
14824000004,G32,,,
14824000047,A03,,,
14824000059,A03,,,
14824000059,G31,,,
14824000059,G32,,,
14824000060,A03,,,
14824000062,A03,,,
14824000063,A03,,,
14824000068,A03,,,
14824000082,A03,,,
14824000087,A03,,,
14824000089,A03,,,
14824000091,A03,,,
14824000116,A03,,,
14824000140,A03,,,
14824000175,A03,,,
14824000180,A03,,,
14824000187,A03,,,
14825000001,A03,,,
14825000002,A03,,,
14825000007,A03,,,
14825000096,A03,,,
14825000142,A04,,,
14825000166,A04,,,
14825000173,A03,,,
14825000194,A04,,,
14825000196,A03,,,
14825000258,A03,,,
14825000303,A04,,,
14825000357,A03,,,
14825000360,A03,,,
14825000374,A03,,,
14825000448,A03,,,
14825000448,G31,,,
14825000448,G32,,,
14825000450,A03,,,
14825000475,A03,,,
14825000535,A03,,,
14825000553,A03,,,
14825000588,A04,,,
14827000001,A03,,,
14827000008,A03,,,
14827000023,A04,,,
14827000090,A03,,,
14827000097,A03,,,
14827000099,A03,,,
14827000102,A03,,,
14827000102,G31,,,
14827000103,A03,,,
14827000108,A03,,,
14827000116,A03,,,
14827000120,A03,,,
14827000125,A03,,,
14827000136,A04,,,
14827000138,A04,,,
14827000145,A03,,,
14827000165,A03,,,
14827000191,A04,,,
14831000010,A03,,,
14831000010,G31,,,
14831000024,A03,,,
14831000040,A03,,,
14831000044,A03,,,
14831000049,A03,,,
14831000073,A04,,,
14831000105,A03,,,
14831000107,A03,,,
14831000121,A03,,,
14831000121,G31,,,
14831000125,A03,,,
14831000132,A03,,,
14833000005,A03,,,
14833000005,G31,,,
14833000005,G32,,,
14833000006,A03,,,
14833000007,A03,,,
14833000009,A03,,,
14833000010,A03,,,
14833000011,A03,,,
14833000031,A03,,,
14833000074,A04,,,
14833000098,A03,,,
14833000109,A04,,,
14833000110,A03,,,
14833000111,A03,,,
14833000117,A03,,,
14833000124,A04,,,
14833000125,A03,,,
14833000179,A03,,,
14833000184,A04,,,
14833000226,S41,,,
14833000227,A03,,,
14833000270,A03,,,
14833000271,A03,,,
14833000292,A03,,,
14833000311,A03,,,
14833000316,S41,,,
14833000341,A03,,,
14833000342,A03,,,
14833000347,A04,,,
14833000365,A03,,,
14833000376,S41,,,
14872000001,A03,,,
14872000045,A03,,,
14872000048,A03,,,
14872000070,A04,,,
14872000072,A04,,,
14873000003,A03,,,
14873000007,A04,,,
14873000009,A03,,,
14873000012,A04,,,
14873000029,A03,,,
14873000037,A03,,,
14873000045,A03,,,
14873000045,G31,,,
14873000049,A03,,,
14873000050,A03,,,
14873000054,A03,,,
14873000059,A04,,,
14873000072,A03,,,
14873000114,A03,,,
14873000117,A04,,,
14873000143,A03,,,
14873000151,A04,,,
14873000155,A03,,,
14874000003,A03,,,
14874000006,A03,,,
14874000053,A03,,,
14874000055,A03,,,
14874000057,A03,,,
14874000063,A03,,,
14874000096,A04,,,
14874000120,A03,,,
14874000121,A03,,,
14874000121,G31,,,
14874000121,G32,,,
14874000128,A03,,,
14882000006,A03,,,
14882000010,A03,,,
14882000010,G31,,,
14882000015,A04,,,
14882000018,A03,,,
14882000026,A03,,,
14882000027,A04,,,
14882000087,A03,,,
14882000095,A03,,,
14884000001,A03,,,
14884000015,A03,,,
14885000001,A03,,,
14885000002,A03,,,
14885000019,A03,,,
14885000038,A03,,,
14885000052,A04,,,
14885000069,S41,,,
14885000089,A04,,,
14885000102,A03,,,
14885000102,G31,,,
14885000102,G32,,,
14885000113,A03,,,
14886000002,A03,,,
14886000002,G31,,,
14886000002,G32,,,
14886000003,A03,,,
14886000010,A03,,,
14886000010,G31,,,
14886000010,G32,,,
14886000015,A03,,,
14886000030,A03,,,
14886000040,A03,,,
14886000054,A03,,,
14886000060,A03,,,
14886000065,A03,,,
14886000070,A03,,,
14886000097,A04,,,
14887000001,A03,,,
14887000003,A03,,,
14887000004,A03,,,
14887000005,A03,,,
14887000034,A03,,,
14887000034,M31,,,
14887000035,A03,,,
14887000038,A03,,,
14887000048,A03,,,
14887000072,A03,,,
14888000002,A03,,,
14888000015,A03,,,
14888000027,A03,,,
14888000033,A03,,,
14888000034,A03,,,
14888000042,A03,,,
14888000045,A03,,,
14888000054,A03,,,
14888000054,G31,,,
14888000099,A03,,,
14888000099,G31,,,
14888000099,M31,,,
14889000008,A03,,,
14889000009,A03,,,
14889000009,G31,,,
14889000010,A03,,,
14889000027,A03,,,
14889000066,A03,,,
14889000068,A03,,,
15011000001,A03,,,
15011000005,A03,,,
15011000006,A03,,,
15011000010,A03,,,
15011000011,A03,,,
15011000012,A03,,,
15011000013,A03,,,
15011000015,A03,,,
15011000016,A03,,,
15011000021,A03,,,
15011000027,A03,,,
15011000029,A03,,,
15011000032,A03,,,
15011000035,A03,,,
15011000074,A03,,,
15011000079,A03,,,
15011000081,A03,,,
15011000084,A03,,,
15011000088,A03,,,
15011000092,A03,,,
15011000120,A03,,,
15011000123,A03,,,
15011000131,A03,,,
15011000131,G31,,,
15011000131,G32,,,
15011000137,A03,,,
15011000139,A03,,,
15011000163,A04,,,
15011000165,A04,,,
15011000168,A03,,,
15011000175,A03,,,
15011000176,A03,,,
15011000197,A03,,,
15011000200,A04,,,
15011000202,A04,,,
15011000205,A03,,,
15011000217,A03,,,
15011000231,A03,,,
15011000245,A03,,,
15011000245,G31,,,
15011000245,G32,,,
15011000247,A03,,,
15011000251,A03,,,
15011000256,A04,,,
15011000264,A04,,,
15011000306,A03,,,
15011000320,A04,,,
15011000322,A03,,,
15011000324,A03,,,
15011000327,A03,,,
15011000330,A03,,,
15011000338,A03,,,
15011000343,A03,,,
15013000002,A03,,,
15013000003,A03,,,
15013000004,A03,,,
15013000005,A03,,,
15013000007,A03,,,
15013000009,A03,,,
15013000037,A03,,,
15013000047,A03,,,
15013000069,A03,,,
15013000072,A03,,,
15013000076,A03,,,
15013000077,A03,,,
15013000079,A03,,,
15013000081,A03,,,
15013000091,A04,,,
15013000094,A03,,,
15013000100,A03,,,
15013000108,A03,,,
15013000113,A04,,,
15013000123,A03,,,
15013000123,M31,,,
15013000123,M32,,,
15013000137,A03,,,
15013000141,A03,,,
15111000525,A04,,,
15111000526,A04,,,
15111000531,A03,,,
15111000538,A03,,,
15111000540,A03,,,
15111000551,A04,,,
15111000553,A04,,,
15113000433,A03,,,
15113000434,A03,,,
15113000438,A03,,,
15113000450,A03,,,
15113000461,A03,,,
15113000471,A03,,,
15113000478,A03,,,
15113000479,A03,,,
15115000405,A03,,,
15115000416,A03,,,
15115000417,A04,,,
15115000425,A03,,,
15115000432,A04,,,
15115000434,A04,,,
15117000131,A03,,,
15121000108,A03,,,
15172000104,A03,,,
15172000107,A03,,,
15172000113,A04,,,
15173000090,A03,,,
15176000078,A04,,,
15176000082,A04,,,
15178000060,A03,,,
15181000018,A03,,,
15183000054,A04,,,
15211000804,A03,,,
15211000807,A03,,,
15211000814,A03,,,
15211000834,A04,,,
15213000439,A03,,,
15214000539,A03,,,
15214000543,A03,,,
15214000548,A03,,,
15214000549,A03,,,
15214000551,A03,,,
15279000123,A03,,,
15280000184,A04,,,
21111000008,B03,,,
21111000034,B03,,,
21111000066,B03,,,
21111000066,H31,,,
21111000085,B03,,,
21111000123,B01,,,
21111000123,B02,,,
21111000126,B01,,,
21111000126,B02,,,
21111000126,B05,,,
21111000126,B06,,,
21111000127,B01,,,
21111000130,B01,,,
21111000130,B02,,,
21111000134,B01,,,
21111000136,B03,,,
21111000139,B01,,,
21111000139,B02,,,
21111000141,B01,,,
21114000003,B03,,,
21114000036,B03,,,
21114000036,H31,,,
21114000050,B03,,,
21114000061,B03,,,
21114000069,B01,,,
21114000069,B02,,,
21114000074,B01,,,
21114000075,B03,,,
21114000076,B01,,,
21114000076,B02,,,
21114000077,B01,,,
21114000081,B01,,,
21114000081,B02,,,
21114000082,B01,,,
21114000082,B02,,,
21114000082,B03,,,
21114000088,B01,,,
21114000088,B02,,,
21114000090,B01,,,
21114000090,B02,,,
21114000091,B01,,,
21114000091,B02,,,
21114000092,B01,,,
21114000092,B02,,,
21114000094,B01,,,
21117000016,B03,,,
21117000055,B03,,,
21117000072,B03,,,
21117000093,B03,,,
21117000134,B03,,,
21117000158,B03,,,
21117000160,B01,,,
21117000160,B02,,,
21117000161,B01,,,
21117000163,B01,,,
21117000163,B02,,,
21117000164,B01,,,
21117000164,B02,,,
21117000167,B01,,,
21117000167,B02,,,
21117000171,B01,,,
21120000012,B03,,,
21120000018,B03,,,
21120000032,B03,,,
21120000068,B03,,,
21120000068,H31,,,
21120000106,B03,,,
21120000119,B03,,,
21120000120,B03,,,
21120000122,B04,,,
21120000136,B03,,,
21120000139,B03,,,
21120000144,B01,,,
21120000144,B02,,,
21120000151,B01,,,
21120000151,B02,,,
21120000151,B03,,,
21120000167,B03,,,
21120000169,B01,,,
21120000169,B02,,,
21120000172,B01,,,
21120000172,B02,,,
21120000173,B01,,,
21120000174,B01,,,
21120000174,B02,,,
21120000178,B03,,,
21120000179,B03,,,
21120000183,B01,,,
21120000183,B02,,,
21120000185,B01,,,
21120000186,B01,,,
21120000186,B02,,,
21120000187,B01,,,
21120000187,B02,,,
21120000188,B01,,,
21120000188,B02,,,
21120000189,B06,,,
21120000191,B03,,,
21121500011,B03,,,
21121500012,B03,,,
21121500015,B01,,,
21121500015,B02,,,
21121500108,B03,,,
21121500132,B01,,,
21121500188,B01,,,
21121500188,B03,,,
21121500214,B01,,,
21121500214,B03,,,
21121500214,B04,,,
21121500235,B01,,,
21121500235,B03,,,
21121500243,B03,,,
21121500274,B03,,,
21121500275,B03,,,
21121500276,B01,,,
21121500279,B01,,,
21121500279,B02,,,
21121500280,B01,,,
21121500281,B01,,,
21121500283,B04,,,
21121500284,B06,,,
21121500290,B01,,,
21121500295,B01,,,
21121500295,B02,,,
21121500297,B01,,,
21121500297,B02,,,
21121500307,B01,,,
21121500307,B02,,,
21121500308,B01,,,
21121500308,B02,,,
21121500309,B01,,,
21121500310,B01,,,
21121500310,B02,,,
21121500311,B01,,,
21121500312,B01,,,
21121500312,B02,,,
21121500316,B01,,,
21121500316,B03,,,
21121500317,B03,,,
21121500318,B01,,,
21121500321,B01,,,
21121500321,B03,,,
21121500322,B01,,,
21121500323,B03,,,
21121500324,B01,,,
21121500324,B02,,,
21121500325,B01,,,
21121500325,B02,,,
21121500328,B03,,,
21121500329,B01,,,
21121500329,B02,,,
21121500329,B06,,,
21121500330,B03,,,
21121500331,B03,,,
21121500332,B01,,,
21121500332,B02,,,
21123000013,B03,,,
21123000100,B03,,,
21123000102,B03,,,
21123000108,B03,,,
21123000120,B03,,,
21123000236,B03,,,
21123000265,B03,,,
21123000276,B03,,,
21123000301,B01,,,
21123000301,B02,,,
21123000301,B03,,,
21123000305,B03,,,
21123000308,B04,,,
21123000318,B03,,,
21123000329,B01,,,
21123000329,B03,,,
21123000333,B01,,,
21123000333,B03,,,
21123000334,B01,,,
21123000334,B02,,,
21123000335,B01,,,
21123000335,B02,,,
21123000338,B01,,,
21123000338,B02,,,
21123000342,B01,,,
21123000342,B03,,,
21123000343,B01,,,
21123000343,B02,,,
21123000344,B01,,,
21123000344,B02,,,
21123000346,B01,,,
21123000346,B03,,,
21123000348,B04,,,
21123000350,B01,,,
21123000350,B03,,,
21123000353,B03,,,
21123000356,B01,,,
21123000356,B02,,,
21123000356,B03,,,
21123000359,B01,,,
21123000359,B02,,,
21123000360,B01,,,
21123000360,B02,,,
21123000366,B01,,,
21123000367,B01,,,
21123000368,B01,,,
21123000368,B02,,,
21123000369,B01,,,
21123000372,B01,,,
21123000372,B04,,,
21123000374,B04,,,
21123000378,B03,,,
21123000381,B03,,,
21123000382,B01,,,
21123000382,B02,,,
21123000384,B01,,,
21123000384,B02,,,
21123000389,B03,,,
21123000390,B01,,,
21123000390,B03,,,
21123000392,B06,,,
21123000393,B03,,,
21123000394,B01,,,
21123000394,B02,,,
21123000395,B03,,,
21123000396,B01,,,
21123000396,B02,,,
21123000401,B01,,,
21123000401,B02,,,
21123000402,B03,,,
21123000403,B03,,,
21123000406,B01,,,
21123000406,B02,,,
21123000407,B01,,,
21123000407,B03,,,
21123000408,B01,,,
21123000410,B01,,,
21123000411,B01,,,
21123000411,B02,,,
21123000415,B01,,,
21123000415,B02,,,
21126000027,B03,,,
21126000131,B03,,,
21126000138,B04,,,
21126000140,B03,,,
21126000144,B03,,,
21126000190,B01,,,
21126000190,B02,,,
21126000219,B04,,,
21126000235,B03,,,
21126000241,B03,,,
21126000246,B01,,,
21126000246,B02,,,
21126000270,B03,,,
21126000272,B03,,,
21126000301,B04,,,
21126000327,B04,,,
21126000334,B04,,,
21126000335,B01,,,
21126000335,B03,,,
21126000337,B04,,,
21126000343,B04,,,
21126000344,B03,,,
21126000353,B01,,,
21126000353,B02,,,
21126000353,B03,,,
21126000364,B03,,,
21126000370,B01,,,
21126000370,B02,,,
21126000378,B01,,,
21126000378,B02,,,
21126000382,B01,,,
21126000382,B02,,,
21126000382,B05,,,
21126000387,B03,,,
21126000389,B01,,,
21126000389,B02,,,
21126000398,B01,,,
21126000398,B02,,,
21126000398,B03,,,
21126000411,B01,,,
21126000411,B02,,,
21126000412,B01,,,
21126000412,B02,,,
21126000413,B01,,,
21126000413,B02,,,
21126000413,B05,,,
21126000414,B01,,,
21126000414,B02,,,
21126000414,B03,,,
21126000421,B01,,,
21126000421,B02,,,
21126000428,B01,,,
21126000428,B02,,,
21126000439,B01,,,
21126000439,B02,,,
21126000441,B01,,,
21126000441,B02,,,
21126000445,B01,,,
21126000447,B01,,,
21126000447,B02,,,
21126000449,B03,,,
21126000451,B01,,,
21126000451,B02,,,
21126000454,B01,,,
21126000454,B02,,,
21126000458,B01,,,
21126000458,B02,,,
21126000460,B01,,,
21126000460,B02,,,
21126000461,B01,,,
21126000461,B02,,,
21126000464,B01,,,
21126000464,B02,,,
21126000467,B01,,,
21126000467,B03,,,
21126000469,B01,,,
21126000469,B02,,,
21126000469,B03,,,
21126000470,B03,,,
21126000477,B01,,,
21126000477,B02,,,
21126000478,B01,,,
21126000478,B02,,,
21126000479,B01,,,
21126000479,B02,,,
21126000480,B01,,,
21126000480,B02,,,
21126000481,B06,,,
21126000482,B03,,,
21126000489,B01,,,
21126000489,B02,,,
21126000494,B03,,,
21126000500,B01,,,
21126000502,B01,,,
21126000503,B01,,,
21126000503,B02,,,
21126000504,B01,,,
21126000504,B02,,,
21126000505,B01,,,
21126000506,B01,,,
21126000506,B03,,,
21126000507,B01,,,
21126000507,B02,,,
21126000507,B04,,,
21126000511,B03,,,
21126000513,B01,,,
21126000513,B02,,,
21126000515,B01,,,
21126000515,B02,,,
21126000517,B01,,,
21126000517,B02,,,
21126000520,B01,,,
21126000520,B02,,,
21126000523,B01,,,
21126000523,B02,,,
21126000526,B01,,,
21126000526,B02,,,
21126000528,B01,,,
21126000529,B03,,,
21126000531,B01,,,
21126000533,B06,,,
21126000538,B01,,,
21126000540,B01,,,
21126000540,B03,,,
21126000541,B01,,,
21126000541,B02,,,
21126000545,B03,,,
21126000548,B01,,,
21126000548,B02,,,
21126000549,B01,,,
21126000549,B02,,,
21126000550,B01,,,
21126000551,B01,,,
21126000552,B01,,,
21126000552,B02,,,
21126000553,B01,,,
21126000553,B02,,,
21126000556,B06,,,
21126000557,B01,,,
21126000561,B01,,,
21126000561,B02,,,
21126000562,B04,,,
21126000564,B01,,,
21126000565,B01,,,
21126000569,B04,,,
21126000572,B01,,,
21126000577,B01,,,
21126000578,B01,,,
21126000578,B02,,,
21126000582,B01,,,
21126000582,B02,,,
21126000583,B01,,,
21126000586,B01,,,
21126000586,B02,,,
21129000005,B03,,,
21129000023,B03,,,
21129000044,B03,,,
21129000101,B03,,,
21129000102,B03,,,
21129000124,B01,,,
21129000124,B03,,,
21129000175,B03,,,
21129000197,B03,,,
21129000236,B03,,,
21129000244,B01,,,
21129000244,B02,,,
21129000247,B03,,,
21129000270,B01,,,
21129000270,B03,,,
21129000298,B01,,,
21129000298,B02,,,
21129000309,B01,,,
21129000309,B02,,,
21129000309,B03,,,
21129000310,B01,,,
21129000310,B02,,,
21129000312,B01,,,
21129000312,B02,,,
21129000313,B01,,,
21129000313,B02,,,
21129000314,B03,,,
21129000316,B03,,,
21129000321,B03,,,
21129000322,B01,,,
21129000322,B02,,,
21129000324,B01,,,
21129000325,B01,,,
21129000325,B02,,,
21129000327,B01,,,
21129000327,B02,,,
21129000329,B03,,,
21129000332,B01,,,
21129000332,B02,,,
21129000333,B01,,,
21129000333,B02,,,
21129000334,B01,,,
21129000335,B01,,,
21129000335,B02,,,
21129000340,B01,,,
21129000340,B02,,,
21129000340,B03,,,
21129000342,B01,,,
21129000342,B02,,,
21129000344,B01,,,
21129000344,B02,,,
21129000346,B03,,,
21129000347,B01,,,
21129000347,B02,,,
21129000348,B01,,,
21129000352,B01,,,
21129000352,B02,,,
21129000353,B01,,,
21129000354,B01,,,
21129000355,B01,,,
21129000355,B02,,,
21129000356,B01,,,
21129000356,B02,,,
21129000356,B05,,,
21129000359,B01,,,
21129000359,B02,,,
21129000360,B03,,,
21129000361,B01,,,
21129000362,B01,,,
21129000362,B03,,,
21129000363,B01,,,
21129000363,B02,,,
21129000364,B01,,,
21129000369,B01,,,
21129000370,B01,,,
21129000371,B01,,,
21129000371,B02,,,
21129000372,B01,,,
21129000372,B02,,,
21129000378,B01,,,
21129000378,B02,,,
21129000380,B01,,,
21129000380,B02,,,
21129000384,B01,,,
21129000384,B02,,,
21129000386,B01,,,
21129000386,B02,,,
21129000389,B01,,,
21129000389,B03,,,
21129000396,B01,,,
21129000397,B03,,,
21130500075,B03,,,
21130500173,B03,,,
21130500186,B03,,,
21130500195,B03,,,
21130500221,B03,,,
21130500230,B03,,,
21130500232,B03,,,
21130500233,B03,,,
21130500237,B03,,,
21130500237,H31,,,
21130500286,B01,,,
21130500286,B03,,,
21130500320,B01,,,
21130500320,B02,,,
21130500339,B01,,,
21130500339,B02,,,
21130500342,B03,,,
21130500347,B01,,,
21130500347,B02,,,
21130500349,B01,,,
21130500349,B03,,,
21130500351,B03,,,
21130500353,B01,,,
21130500354,B01,,,
21130500354,B02,,,
21130500360,B01,,,
21130500360,B02,,,
21130500363,B01,,,
21130500363,B02,,,
21130500364,B01,,,
21130500364,B02,,,
21130500364,B03,,,
21130500366,B01,,,
21130500366,B02,,,
21130500367,B03,,,
21130500368,B05,,,
21130500370,B01,,,
21130500370,B02,,,
21130500371,B03,,,
21130500374,B01,,,
21130500374,B02,,,
21130500374,B05,,,
21130500376,B01,,,
21130500376,B02,,,
21130500378,B03,,,
21130500379,B01,,,
21130500379,B03,,,
21130500380,B01,,,
21130500380,B02,,,
21130500381,B01,,,
21130500381,B03,,,
21130500382,B01,,,
21130500382,B02,,,
21130500383,B01,,,
21130500383,B02,,,
21130500384,B01,,,
21130500384,B02,,,
21130500385,B01,,,
21130500388,B01,,,
21130500388,B02,,,
21130500390,B01,,,
21130500390,B02,,,
21130500390,B03,,,
21130500392,B01,,,
21130500394,B01,,,
21130500396,B01,,,
21130500396,B02,,,
21130500398,B01,,,
21130500398,B02,,,
21130500399,B01,,,
21130500399,B02,,,
21130500402,B01,,,
21130500402,B02,,,
21130500405,B01,,,
21130500405,B02,,,
21130500406,B01,,,
21130500406,B02,,,
21130500408,B01,,,
21130500409,B01,,,
21130500412,B03,,,
21130500413,B01,,,
21130500416,B01,,,
21130500420,B01,,,
21130500420,B02,,,
21130500422,B01,,,
21130500422,B02,,,
21130500423,B06,,,
21130500424,B01,,,
21130500425,B01,,,
21130500427,B01,,,
21130500427,B02,,,
21130500428,B01,,,
21130500429,B01,,,
21130500430,B01,,,
21130500430,B02,,,
21130500431,B01,,,
21130500431,B02,,,
21130500434,B01,,,
21132000005,B03,,,
21132000194,B03,,,
21132000208,B01,,,
21132000208,B02,,,
21132000342,B03,,,
21132000437,B01,,,
21132000437,B02,,,
21132000473,B01,,,
21132000476,B01,,,
21132000476,B02,,,
21132000481,B03,,,
21132000484,B01,,,
21132000484,B05,,,
21132000485,B01,,,
21132000485,B02,,,
21132000486,B01,,,
21132000486,B03,,,
21132000487,B03,,,
21132000492,B01,,,
21132000493,B01,,,
21132000493,B02,,,
21132000494,B01,,,
21132000494,B02,,,
21132000494,B03,,,
21132000495,B01,,,
21132000495,B02,,,
21132000495,B03,,,
21132000498,B03,,,
21132000499,B01,,,
21132000499,B02,,,
21132000502,B01,,,
21132000502,B02,,,
21132000506,B01,,,
21132000506,B02,,,
21132000507,B03,,,
21132000508,B01,,,
21132000508,B02,,,
21132000509,B01,,,
21132000509,B02,,,
21132000511,B01,,,
21132000511,B02,,,
21132000512,B01,,,
21132000512,B02,,,
21132000514,B01,,,
21132000514,B02,,,
21132000515,B01,,,
21132000515,B02,,,
21132000516,B03,,,
21132000518,B01,,,
21132000518,B02,,,
21132000518,B03,,,
21132000519,B01,,,
21132000519,B02,,,
21132000521,B01,,,
21132000521,B02,,,
21132000524,B01,,,
21132000524,B02,,,
21132000525,B01,,,
21132000526,B01,,,
21132000528,B01,,,
21132000528,B02,,,
21132000532,B01,,,
21132000532,B02,,,
21132000533,B03,,,
21132000534,B01,,,
21132000534,B02,,,
21132000534,B03,,,
21132000535,B01,,,
21132000536,B03,,,
21132000545,B01,,,
21132000545,B02,,,
21132000546,B01,,,
21132000546,B02,,,
21132000550,B06,,,
21132000551,B01,,,
21132000551,B02,,,
21132000552,B03,,,
21132000555,B01,,,
21132000555,B02,,,
21132000557,B01,,,
21132000557,B02,,,
21132000559,B01,,,
21132000559,B02,,,
21132000560,B03,,,
21132000562,B01,,,
21132000564,B01,,,
21132000566,B01,,,
21132000566,B03,,,
21132000569,B01,,,
21132000571,B01,,,
21132000571,B02,,,
21132000573,B01,,,
21132000575,B01,,,
21132000575,B02,,,
21132000577,B01,,,
21132000577,B02,,,
21132000579,B01,,,
21132000579,B02,,,
21132000581,B01,,,
21132000582,B01,,,
21132000582,B02,,,
21132000585,B01,,,
21132000586,B01,,,
21132000587,B01,,,
21132000587,B02,,,
21132000587,B03,,,
21132000590,B01,,,
21132000591,B01,,,
21132000591,B02,,,
21132000592,B01,,,
21132000594,B01,,,
21132000594,B02,,,
21132000597,B03,,,
21132000601,B03,,,
21132000603,B03,,,
21135000013,B03,,,
21135000017,B03,,,
21135000024,B03,,,
21135000033,B03,,,
21135000128,B03,,,
21135000285,B01,,,
21135000285,B02,,,
21135000291,B03,,,
21135000305,B03,,,
21135000313,B03,,,
21135000317,B04,,,
21135000336,B03,,,
21135000350,B03,,,
21135000390,B03,,,
21135000397,B03,,,
21135000409,B03,,,
21135000464,B03,,,
21135000466,B01,,,
21135000471,B01,,,
21135000471,B03,,,
21135000473,B03,,,
21135000480,B03,,,
21135000504,B01,,,
21135000504,B02,,,
21135000507,B02,,,
21135000517,B03,,,
21135000519,B01,,,
21135000519,B02,,,
21135000520,B01,,,
21135000520,B02,,,
21135000522,B01,,,
21135000522,B02,,,
21135000527,B01,,,
21135000527,B02,,,
21135000530,B01,,,
21135000530,B02,,,
21135000533,B01,,,
21135000534,B01,,,
21135000534,B02,,,
21135000534,B03,,,
21135000534,B05,,,
21135000536,B03,,,
21135000537,B01,,,
21135000537,B02,,,
21135000539,B01,,,
21135000539,B02,,,
21135000541,B01,,,
21135000541,B02,,,
21135000543,B06,,,
21135000545,B01,,,
21135000545,B02,,,
21135000546,B01,,,
21135000551,B03,,,
21135000552,B01,,,
21135000552,B02,,,
21135000553,B01,,,
21135000553,B02,,,
21135000554,B01,,,
21135000561,B01,,,
21135000561,B02,,,
21135000562,B01,,,
21135000563,B01,,,
21135000563,B02,,,
21135000564,B01,,,
21135000564,B02,,,
21135000566,B01,,,
21135000566,B02,,,
21135000569,B01,,,
21135000569,B02,,,
21135000570,B01,,,
21135000571,B01,,,
21135000571,B02,,,
21135000574,B01,,,
21135000574,B02,,,
21135000577,B01,,,
21135000577,B02,,,
21135000579,B01,,,
21135000581,B03,,,
21135000582,B01,,,
21135000583,B01,,,
21135000584,B01,,,
21135000584,B02,,,
21135000588,B01,,,
21135000588,B02,,,
21135000590,B06,,,
21135000591,B01,,,
21135000591,B02,,,
21135000592,B01,,,
21135000592,B02,,,
21135000593,B01,,,
21135000593,B02,,,
21135000597,B01,,,
21135000597,B02,,,
21135000600,B01,,,
21135000604,B01,,,
21135000604,B02,,,
21135000606,B01,,,
21135000607,B01,,,
21135000607,B02,,,
21135000609,B01,,,
21135000609,B02,,,
21135000611,B01,,,
21135000611,B03,,,
21135000612,B01,,,
21135000612,B02,,,
21135000616,B01,,,
21135000616,B02,,,
21135000618,B01,,,
21135000618,B02,,,
21135000619,B01,,,
21135000619,B02,,,
21135000620,B01,,,
21135000620,B02,,,
21135000620,B05,,,
21135000621,B01,,,
21135000622,B01,,,
21135000623,B01,,,
21135000624,B01,,,
21135000624,B02,,,
21135000625,B01,,,
21135000625,B02,,,
21135000628,B01,,,
21135000628,B02,,,
21135000629,B01,,,
21135000629,B02,,,
21135000634,B01,,,
21135000634,B02,,,
21135000639,B01,,,
21135000639,B02,,,
21135000640,B03,,,
21135000641,B01,,,
21135000641,B02,,,
21135000645,B01,,,
21135000645,B02,,,
21135000646,B01,,,
21135000646,B02,,,
21135000647,B01,,,
21135000647,B02,,,
21135000647,B05,,,
21135000652,B01,,,
21135000652,B03,,,
21138000001,B03,,,
21138000004,B03,,,
21138000006,B03,,,
21138000023,B03,,,
21138000080,B03,,,
21138000149,B03,,,
21138000150,B03,,,
21138000165,B03,,,
21138000221,B03,,,
21138000245,B03,,,
21138000246,B03,,,
21138000330,B03,,,
21138000332,B03,,,
21138000356,B03,,,
21138000359,B01,,,
21138000359,B02,,,
21138000368,B01,,,
21138000376,B01,,,
21138000376,B02,,,
21138000376,B03,,,
21138000380,B01,,,
21138000380,B02,,,
21138000382,B01,,,
21138000382,B02,,,
21138000384,B01,,,
21138000386,B01,,,
21138000386,B03,,,
21138000387,B01,,,
21138000387,B02,,,
21138000388,B01,,,
21138000388,B02,,,
21138000390,B01,,,
21138000390,B02,,,
21138000394,B01,,,
21138000396,B01,,,
21138000396,B02,,,
21138000398,B01,,,
21138000399,B01,,,
21138000401,B03,,,
21138000403,B01,,,
21138000403,B06,,,
21138000405,B01,,,
21138000405,B02,,,
21138000406,B01,,,
21138000406,B02,,,
21138000410,B01,,,
21138000410,B02,,,
21138000411,B01,,,
21138000411,B03,,,
21138000412,B01,,,
21138000412,B02,,,
21138000414,B01,,,
21138000414,B02,,,
21138000415,B01,,,
21138000415,B03,,,
21138000416,B01,,,
21138000416,B03,,,
21138000417,B01,,,
21138000418,B01,,,
21138000421,B01,,,
21138000421,B02,,,
21138000422,B03,,,
21138000424,B01,,,
21138000425,B01,,,
21138000425,B02,,,
21138000427,B03,,,
21138000434,B01,,,
21138000434,B02,,,
21138000435,B01,,,
21138000437,B01,,,
21138000437,B02,,,
21138000437,B03,,,
21138000438,B03,,,
21138000439,B01,,,
21138000440,B01,,,
21138000441,B03,,,
21138000443,B01,,,
21138000443,B02,,,
21138000444,B01,,,
21138000444,B02,,,
21138000446,B01,,,
21138000446,B02,,,
21138000448,B01,,,
21138000448,B02,,,
21138000454,B01,,,
21138000455,B01,,,
21138000455,B02,,,
21138000456,B01,,,
21138000457,B01,,,
21138000457,B02,,,
21138000460,B01,,,
21138000460,B02,,,
21138000463,B01,,,
21138000464,B01,,,
21138000464,B02,,,
21138000465,B01,,,
21138000465,B02,,,
21138000466,B01,,,
21138000466,B02,,,
21138000466,B05,,,
21138000468,B01,,,
21138000468,B02,,,
21138000472,B01,,,
21138000475,B03,,,
21138000477,B01,,,
21138000477,B02,,,
21138000484,B01,,,
21138000484,B03,,,
21138000486,B01,,,
21138000486,B02,,,
21138000487,B01,,,
21138000487,B02,,,
21138000488,B01,,,
21138000488,B02,,,
21138000489,B01,,,
21138000489,B02,,,
21138000491,B01,,,
21138000495,B01,,,
21138000495,B02,,,
21138000498,B03,,,
21138000499,B01,,,
21141000013,B03,,,
21141000015,B03,,,
21141000044,B03,,,
21141000072,B03,,,
21141000141,B03,,,
21141000161,B03,,,
21141000185,B03,,,
21141000220,B03,,,
21141000222,B03,,,
21141000229,B03,,,
21141000245,B03,,,
21141000248,B03,,,
21141000261,B03,,,
21141000276,B03,,,
21141000279,B01,,,
21141000279,B02,,,
21141000280,B01,,,
21141000280,B02,,,
21141000282,B01,,,
21141000282,B02,,,
21141000283,B06,,,
21141000284,B01,,,
21141000284,B02,,,
21141000287,B01,,,
21141000287,B02,,,
21141000288,B01,,,
21141000290,B01,,,
21141000291,B03,,,
21141000294,B01,,,
21141000295,B06,,,
21141000297,B01,,,
21141000298,B03,,,
21141000299,B01,,,
21141000300,B01,,,
21141000300,B02,,,
21141000302,B01,,,
21141000302,B02,,,
21141000303,B01,,,
21141000303,B03,,,
21141000304,B03,,,
21141000305,B01,,,
21141000305,B02,,,
21141000308,B01,,,
21141000310,B01,,,
21141000310,B02,,,
21141000314,B03,,,
21141000315,B01,,,
21141000316,B01,,,
21141000317,B01,,,
21141000318,B01,,,
21141000318,B02,,,
21141000319,B01,,,
21141000319,B02,,,
21141000323,B01,,,
21141000327,B01,,,
21141000327,B02,,,
21141000330,B01,,,
21141000330,B02,,,
21144000006,B03,,,
21144000011,B03,,,
21144000013,B01,,,
21144000015,B03,,,
21144000024,B03,,,
21144000087,B03,,,
21144000097,B03,,,
21144000108,B01,,,
21144000108,B03,,,
21144000117,B03,,,
21144000120,B03,,,
21144000151,B01,,,
21144000151,B02,,,
21144000151,B03,,,
21144000152,B01,,,
21144000152,B03,,,
21144000174,B03,,,
21144000179,B03,,,
21144000198,B03,,,
21144000199,B01,,,
21144000204,B03,,,
21144000205,B01,,,
21144000205,B02,,,
21144000206,B01,,,
21144000206,B02,,,
21144000213,B01,,,
21144000213,B02,,,
21144000214,B01,,,
21144000215,B01,,,
21144000216,B01,,,
21144000216,B02,,,
21144000217,B03,,,
21144000220,B03,,,
21144000220,H31,,,
21144000222,B01,,,
21144000222,B02,,,
21144000226,B01,,,
21144000226,B02,,,
21144000227,B01,,,
21144000227,B02,,,
21144000230,B01,,,
21144000230,B02,,,
21144000231,B01,,,
21144000233,B01,,,
21144000235,B01,,,
21144000235,B02,,,
21144000237,B01,,,
21144000237,B03,,,
21144000238,B01,,,
21144000238,B02,,,
21144000239,B01,,,
21144000239,B02,,,
21144000240,B01,,,
21144000240,B02,,,
21144000242,B01,,,
21147000011,B03,,,
21147000060,B03,,,
21147000092,B03,,,
21147000176,B03,,,
21147000184,B03,,,
21147000207,B03,,,
21147000297,B03,,,
21147000299,B03,,,
21147000309,B01,,,
21147000309,B02,,,
21147000309,B03,,,
21147000323,B01,,,
21147000323,B03,,,
21147000349,B01,,,
21147000349,B02,,,
21147000349,B03,,,
21147000356,B01,,,
21147000356,B02,,,
21147000358,B01,,,
21147000358,B03,,,
21147000376,B03,,,
21147000385,B03,,,
21147000388,B01,,,
21147000388,B02,,,
21147000388,B03,,,
21147000390,B03,,,
21147000394,B01,,,
21147000394,B02,,,
21147000395,B01,,,
21147000395,B02,,,
21147000396,B01,,,
21147000396,B02,,,
21147000399,B03,,,
21147000401,B01,,,
21147000401,B02,,,
21147000405,B01,,,
21147000405,B02,,,
21147000410,B01,,,
21147000410,B02,,,
21147000411,B01,,,
21147000411,B02,,,
21147000416,B01,,,
21147000416,B02,,,
21147000418,B01,,,
21147000418,B02,,,
21147000426,B01,,,
21147000426,B03,,,
21147000429,B01,,,
21147000429,B02,,,
21147000430,B01,,,
21147000430,B02,,,
21147000432,B01,,,
21147000432,B02,,,
21147000434,B03,,,
21147000439,B01,,,
21147000439,B02,,,
21147000442,B01,,,
21147000442,B02,,,
21147000443,B01,,,
21147000443,B02,,,
21147000444,B03,,,
21147000447,B01,,,
21147000447,B02,,,
21147000449,B01,,,
21147000449,B02,,,
21147000454,B01,,,
21147000454,B02,,,
21147000458,B01,,,
21147000460,B01,,,
21147000460,B02,,,
21147000464,B01,,,
21147000467,B01,,,
21147000467,B02,,,
21147000469,B06,,,
21147000471,B03,,,
21147000474,B01,,,
21147000474,B02,,,
21147000475,B01,,,
21147000475,B02,,,
21147000477,B03,,,
21147000478,B03,,,
21147000482,B01,,,
21147000482,B02,,,
21147000485,B01,,,
21147000485,B02,,,
21147000487,B03,,,
21147000488,B01,,,
21147000489,B01,,,
21147000489,B02,,,
21147000490,B01,,,
21147000491,B01,,,
21147000491,B02,,,
21147000495,B01,,,
21147000495,B02,,,
21147000496,B01,,,
21147000498,B01,,,
21147000498,B02,,,
21147000500,B01,,,
21147000500,B02,,,
21147000501,B01,,,
21147000501,B02,,,
21147000501,B03,,,
21147000505,B01,,,
21147000505,B03,,,
21147000506,B01,,,
21147000507,B01,,,
21147000507,B02,,,
21147000509,B01,,,
21147000511,B01,,,
21147000511,B02,,,
21147000516,B01,,,
21147000516,B02,,,
21147000518,B01,,,
21147000522,B01,,,
21147000522,B03,,,
21147000525,B03,,,
21147000526,B03,,,
21147000527,B03,,,
21147000530,B01,,,
21147000531,B01,,,
21147000532,B03,,,
21147000535,B01,,,
21147000535,B02,,,
21147000535,B05,,,
21147000536,B03,,,
21147000543,B03,,,
21150000004,B03,,,
21150000087,B03,,,
21150000101,B03,,,
21150000160,B03,,,
21150000169,B03,,,
21150000181,B03,,,
21150000192,B03,,,
21150000303,B03,,,
21150000326,B01,,,
21150000326,B02,,,
21150000333,B03,,,
21150000366,B01,,,
21150000366,B02,,,
21150000366,B03,,,
21150000404,B01,,,
21150000404,B03,,,
21150000417,B01,,,
21150000417,B02,,,
21150000417,B05,,,
21150000422,B03,,,
21150000438,B01,,,
21150000438,B02,,,
21150000438,B03,,,
21150000484,B03,,,
21150000490,B03,,,
21150000500,B01,,,
21150000502,B01,,,
21150000505,B03,,,
21150000506,B01,,,
21150000506,B03,,,
21150000508,B03,,,
21150000509,B03,,,
21150000511,B01,,,
21150000511,B02,,,
21150000516,B01,,,
21150000516,B02,,,
21150000516,B03,,,
21150000516,B05,,,
21150000519,B06,,,
21150000520,B01,,,
21150000520,B02,,,
21150000523,B01,,,
21150000523,B02,,,
21150000523,B03,,,
21150000523,B05,,,
21150000525,B01,,,
21150000525,B02,,,
21150000527,B01,,,
21150000529,B01,,,
21150000536,B01,,,
21150000536,B02,,,
21150000539,B01,,,
21150000539,B02,,,
21150000540,B01,,,
21150000540,B02,,,
21150000543,B01,,,
21150000543,B02,,,
21150000545,B01,,,
21150000545,B02,,,
21150000546,B01,,,
21150000546,B02,,,
21150000548,B01,,,
21150000548,B02,,,
21150000551,B01,,,
21150000551,B02,,,
21150000556,B01,,,
21150000557,B01,,,
21150000557,B02,,,
21150000558,B01,,,
21150000558,B02,,,
21150000559,B01,,,
21150000564,B01,,,
21150000564,B02,,,
21150000566,B01,,,
21150000567,B03,,,
21150000569,B01,,,
21150000574,B03,,,
21150000575,B01,,,
21150000575,B02,,,
21150000579,B01,,,
21150000580,B01,,,
21150000583,B03,,,
21150000586,B01,,,
21150000586,B02,,,
21150000587,B01,,,
21150000588,B01,,,
21150000588,B03,,,
21150000590,B01,,,
21150000590,B02,,,
21150000591,B01,,,
21150000592,B01,,,
21150000593,B01,,,
21150000594,B01,,,
21150000598,B01,,,
21150000598,B02,,,
21150000600,B03,,,
21150000601,B01,,,
21150000605,B01,,,
21150000605,B03,,,
21150000606,B03,,,
21150000607,B01,,,
21150000611,B03,,,
21150000612,B01,,,
21150000616,B01,,,
21150000616,B06,,,
21150000619,B01,,,
21150000621,B01,,,
21150000622,B01,,,
21150000622,B02,,,
21150000627,B01,,,
21150000627,B02,,,
21150000629,B03,,,
21150000630,B03,,,
21153000030,B03,,,
21153000128,B03,,,
21153000133,B03,,,
21153000155,B03,,,
21153000209,B03,,,
21153000216,B03,,,
21153000228,B03,,,
21153000229,B03,,,
21153000273,B03,,,
21153000276,B03,,,
21153000283,B03,,,
21153000292,B01,,,
21153000292,B03,,,
21153000303,B01,,,
21153000303,B02,,,
21153000322,B01,,,
21153000322,B03,,,
21153000348,B03,,,
21153000359,B01,,,
21153000360,B01,,,
21153000360,B02,,,
21153000361,B01,,,
21153000362,B01,,,
21153000362,B02,,,
21153000363,B01,,,
21153000363,B02,,,
21153000364,B01,,,
21153000366,B01,,,
21153000368,B01,,,
21153000368,B02,,,
21153000368,B03,,,
21153000369,B03,,,
21153000369,H31,,,
21153000372,B02,,,
21153000372,B03,,,
21153000375,B01,,,
21153000375,B02,,,
21153000376,B01,,,
21153000376,B02,,,
21153000378,B01,,,
21153000378,B02,,,
21153000380,B01,,,
21153000381,B01,,,
21153000382,B01,,,
21153000382,B02,,,
21153000382,B03,,,
21153000383,B03,,,
21153000384,B01,,,
21153000385,B01,,,
21153000386,B01,,,
21153000386,B02,,,
21153000386,B03,,,
21153000389,B01,,,
21153000389,B02,,,
21153000397,B01,,,
21153000397,B02,,,
21153000398,B01,,,
21153000398,B02,,,
21153000399,B01,,,
21153000402,B01,,,
21153000402,B02,,,
21153000405,B01,,,
21153000405,B02,,,
21153000405,B05,,,
21153000406,B01,,,
21153000406,B02,,,
21153000407,B03,,,
21153000408,B01,,,
21153000408,B02,,,
21153000410,B01,,,
21153000410,B02,,,
21153000411,B01,,,
21153000414,B01,,,
21153000414,B02,,,
21153000415,B01,,,
21153000415,B02,,,
21153000419,B01,,,
21153000422,B01,,,
21153000422,B02,,,
21153000423,B01,,,
21153000423,B03,,,
21153000426,B01,,,
21153000426,B02,,,
21153000429,B03,,,
21154500173,B03,,,
21154500179,B03,,,
21154500202,B03,,,
21154500202,H31,,,
21154500207,B01,,,
21154500207,B03,,,
21154500211,B01,,,
21154500211,B03,,,
21154500212,B01,,,
21154500212,B02,,,
21154500212,B03,,,
21154500212,B06,,,
21154500223,B03,,,
21154500230,B01,,,
21154500230,B03,,,
21154500240,B01,,,
21154500240,B02,,,
21154500242,B01,,,
21154500242,B02,,,
21154500256,B01,,,
21154500257,B01,,,
21154500257,B02,,,
21154500258,B01,,,
21154500259,B01,,,
21154500263,B01,,,
21154500263,B02,,,
21154500265,B03,,,
21154500266,B01,,,
21154500266,B02,,,
21154500267,B01,,,
21154500267,B02,,,
21154500270,B01,,,
21154500270,B02,,,
21154500272,B01,,,
21154500272,B02,,,
21154500279,B01,,,
21154500279,B02,,,
21154500284,B03,,,
21154500286,B03,,,
21154500287,B01,,,
21154500287,B02,,,
21154500288,B01,,,
21154500288,B02,,,
21154500290,B06,,,
21154500293,B01,,,
21154500294,B03,,,
21154500295,B06,,,
21154500296,B03,,,
21154500297,B03,,,
21154500298,B01,,,
21156000009,B03,,,
21156000046,B03,,,
21156000120,B03,,,
21156000130,B03,,,
21156000163,B01,,,
21156000163,B02,,,
21156000188,B03,,,
21156000204,B01,,,
21156000204,B02,,,
21156000211,B03,,,
21156000212,B01,,,
21156000212,B02,,,
21156000251,B01,,,
21156000251,B02,,,
21156000251,B03,,,
21156000252,B03,,,
21156000253,B03,,,
21156000259,B03,,,
21156000274,B03,,,
21156000283,B01,,,
21156000288,B03,,,
21156000300,B03,,,
21156000301,B03,,,
21156000308,B01,,,
21156000308,B02,,,
21156000309,B01,,,
21156000309,B02,,,
21156000310,B01,,,
21156000310,B02,,,
21156000312,B03,,,
21156000314,B01,,,
21156000317,B01,,,
21156000318,B01,,,
21156000318,B02,,,
21156000319,B01,,,
21156000321,B01,,,
21156000321,B02,,,
21156000323,B01,,,
21156000323,B02,,,
21156000324,B01,,,
21156000324,B02,,,
21156000325,B01,,,
21156000325,B02,,,
21156000327,B01,,,
21156000327,B02,,,
21156000331,B01,,,
21156000331,B02,,,
21156000334,B01,,,
21156000335,B01,,,
21156000341,B01,,,
21156000343,B03,,,
21156000344,B01,,,
21156000344,B02,,,
21156000346,B01,,,
21156000346,B02,,,
21156000353,B01,,,
21156000353,B02,,,
21156000353,B06,,,
21156000354,B01,,,
21156000354,B02,,,
21156000357,B01,,,
21156000357,B02,,,
21156000358,B01,,,
21156000359,B01,,,
21156000359,B02,,,
21156000363,B01,,,
21156000363,B02,,,
21156000366,B01,,,
21156000366,B06,,,
21156000367,B01,,,
21159000029,B03,,,
21159000030,B03,,,
21159000074,B03,,,
21159000096,B03,,,
21159000106,B03,,,
21159000123,B03,,,
21159000123,H31,,,
21159000124,B03,,,
21159000138,B01,,,
21159000138,B02,,,
21159000143,B03,,,
21159000196,B01,,,
21159000196,B02,,,
21159000202,B01,,,
21159000202,B03,,,
21159000202,H31,,,
21159000215,B01,,,
21159000215,B02,,,
21159000238,B01,,,
21159000238,B02,,,
21159000244,B01,,,
21159000244,B02,,,
21159000245,B03,,,
21159000245,H31,,,
21159000246,B01,,,
21159000246,B02,,,
21159000247,B01,,,
21159000249,B01,,,
21159000250,B01,,,
21159000250,B02,,,
21159000251,B01,,,
21159000251,B02,,,
21159000253,B03,,,
21159000254,B01,,,
21159000254,B02,,,
21159000256,B01,,,
21159000256,B02,,,
21159000259,B01,,,
21159000260,B03,,,
21159000260,H31,,,
21159000261,B01,,,
21159000261,B02,,,
21159000265,B03,,,
21159000267,B01,,,
21159000267,B02,,,
21159000271,B01,,,
21159000271,B02,,,
21159000273,B01,,,
21159000273,B02,,,
21159000277,B01,,,
21159000277,B03,,,
21159000278,B01,,,
21159000278,B02,,,
21159000280,B01,,,
21159000280,B02,,,
21159000282,B01,,,
21159000283,B03,,,
21159000283,H31,,,
21159000283,H32,,,
21159000286,B03,,,
21159000286,H31,,,
21159000291,B01,,,
21159000291,B02,,,
21159000293,B01,,,
21159000294,B01,,,
21159000294,B02,,,
21159000295,B01,,,
21159000295,B02,,,
21159000296,B01,,,
21159000296,B02,,,
21159000298,B03,,,
21159000303,B01,,,
21162000118,B03,,,
21162000136,B03,,,
21162000149,B01,,,
21162000149,B02,,,
21162000154,B03,,,
21162000233,B03,,,
21162000234,B03,,,
21162000236,B01,,,
21162000236,B02,,,
21162000245,B03,,,
21162000286,B03,,,
21162000287,B02,,,
21162000287,B03,,,
21162000291,B01,,,
21162000291,B02,,,
21162000291,B03,,,
21162000297,B03,,,
21162000317,B03,,,
21162000322,B03,,,
21162000323,B03,,,
21162000339,B01,,,
21162000339,B03,,,
21162000360,B01,,,
21162000361,B03,,,
21162000363,B03,,,
21162000363,H31,,,
21162000364,B01,,,
21162000364,B02,,,
21162000366,B01,,,
21162000366,B02,,,
21162000370,B03,,,
21162000371,B01,,,
21162000371,B02,,,
21162000373,B01,,,
21162000373,B02,,,
21162000375,B03,,,
21162000376,B01,,,
21162000382,B03,,,
21162000383,B01,,,
21162000384,B01,,,
21162000384,B02,,,
21162000384,B06,,,
21162000385,B01,,,
21162000388,B03,,,
21162000395,B06,,,
21162000399,B01,,,
21162000399,B02,,,
21162000401,B01,,,
21162000403,B01,,,
21162000403,B02,,,
21162000406,B03,,,
21162000407,B01,,,
21162000407,B03,,,
21162000410,B01,,,
21162000410,B02,,,
21162000411,B01,,,
21162000413,B01,,,
21162000413,B02,,,
21162000414,B03,,,
21162000415,B01,,,
21162000417,B01,,,
21162000417,B02,,,
21162000417,B05,,,
21162000419,B01,,,
21162000419,B02,,,
21162000420,B01,,,
21162000421,B06,,,
21162000423,B01,,,
21162000424,B01,,,
21162000424,B02,,,
21162000425,B01,,,
21162000433,B01,,,
21162000433,B02,,,
21162000435,B01,,,
21162000439,B01,,,
21162000439,B03,,,
21162000439,H31,,,
21162000440,B01,,,
21162000440,B02,,,
21162000441,B01,,,
21162000441,B02,,,
21162000447,B01,,,
21162000448,B01,,,
21162000449,B01,,,
21162000455,B01,,,
21162000455,B02,,,
21162000456,B05,,,
21162000457,B03,,,
21162000458,B01,,,
21162000458,B02,,,
21162000459,B01,,,
21162000459,B02,,,
21162000460,B01,,,
21162000460,B02,,,
21162000463,B03,,,
21162000464,B01,,,
21162000464,B02,,,
21162000464,B03,,,
21165000009,B03,,,
21165000019,B03,,,
21165000019,B04,,,
21165000058,B03,,,
21165000090,B03,,,
21165000099,B03,,,
21165000134,B03,,,
21165000177,B01,,,
21165000177,B05,,,
21165000178,B01,,,
21165000178,B02,,,
21165000181,B01,,,
21165000181,B02,,,
21165000182,B01,,,
21165000182,B02,,,
21165000183,B01,,,
21165000183,B02,,,
21165000186,B01,,,
21165000186,B02,,,
21165000187,B01,,,
21165000187,B02,,,
21165000190,B01,,,
21165000190,B02,,,
21165000191,B01,,,
21165000191,B02,,,
21165000193,B01,,,
21165000193,B02,,,
21165000194,B01,,,
21165000194,B02,,,
21165000195,B01,,,
21165000195,B02,,,
21165000198,B01,,,
21165000198,B02,,,
21165000198,B05,,,
21165000200,B01,,,
21165000200,B02,,,
21165000204,B03,,,
21165000205,B01,,,
21165000206,B01,,,
21165000206,B02,,,
21165000207,B03,,,
21165000209,B01,,,
21165000209,B02,,,
21165000215,B01,,,
21165000216,B01,,,
21165000219,B01,,,
21165000219,B02,,,
21168000005,B03,,,
21168000006,B01,,,
21168000006,B02,,,
21168000017,B03,,,
21168000026,B03,,,
21168000073,H31,,,
21168000102,B03,,,
21168000103,B03,,,
21168000126,B03,,,
21168000139,B01,,,
21168000139,B02,,,
21168000177,B03,,,
21168000177,H31,,,
21168000187,B03,,,
21168000204,B03,,,
21168000205,B03,,,
21168000206,B03,,,
21168000231,B03,,,
21168000267,B03,,,
21168000296,B03,,,
21168000297,B01,,,
21168000297,B02,,,
21168000302,B03,,,
21168000304,B03,,,
21168000305,B01,,,
21168000307,B01,,,
21168000308,B01,,,
21168000308,B02,,,
21168000310,B01,,,
21168000310,B02,,,
21168000313,B01,,,
21168000313,B02,,,
21168000314,B01,,,
21168000314,B02,,,
21168000319,B01,,,
21168000319,B02,,,
21168000321,B01,,,
21168000321,B02,,,
21168000322,B01,,,
21168000322,B02,,,
21168000326,B01,,,
21168000327,B01,,,
21168000327,B02,,,
21168000328,B01,,,
21168000328,B02,,,
21168000333,B01,,,
21168000335,B01,,,
21168000335,B02,,,
21168000336,B01,,,
21168000338,B01,,,
21168000339,B01,,,
21168000339,B02,,,
21168000342,B01,,,
21168000343,B01,,,
21171000004,B03,,,
21171000017,B03,,,
21171000120,B03,,,
21171000128,B03,,,
21171000145,B01,,,
21171000145,B02,,,
21171000161,B03,,,
21171000223,B03,,,
21171000240,B03,,,
21171000246,B03,,,
21171000260,B03,,,
21171000282,B03,,,
21171000288,B01,,,
21171000288,B02,,,
21171000288,B03,,,
21171000298,B03,,,
21171000319,B03,,,
21171000323,B03,,,
21171000351,B03,,,
21171000360,B01,,,
21171000360,B03,,,
21171000361,B01,,,
21171000361,B02,,,
21171000362,B01,,,
21171000362,B02,,,
21171000363,B01,,,
21171000363,B02,,,
21171000366,B01,,,
21171000366,B02,,,
21171000370,B01,,,
21171000370,B02,,,
21171000373,B06,,,
21171000374,B03,,,
21171000375,B01,,,
21171000376,B03,,,
21171000377,B01,,,
21171000377,B02,,,
21171000379,B01,,,
21171000382,B01,,,
21171000386,B01,,,
21171000386,B02,,,
21171000388,B01,,,
21171000388,B02,,,
21171000391,B01,,,
21171000393,B03,,,
21171000395,B01,,,
21171000395,B02,,,
21171000397,B01,,,
21171000397,B02,,,
21171000399,B01,,,
21171000400,B01,,,
21171000400,B02,,,
21171000402,B01,,,
21171000402,B02,,,
21171000404,B01,,,
21171000404,B02,,,
21171000405,B01,,,
21171000410,B01,,,
21171000410,B02,,,
21171000411,B01,,,
21171000413,B01,,,
21171000413,B02,,,
21171000415,B01,,,
21171000415,B02,,,
21171000420,B01,,,
21171000420,B02,,,
21171000427,B03,,,
21171000428,B01,,,
21171000428,B02,,,
21171000428,B05,,,
21171000430,B01,,,
21171000430,B02,,,
21171000431,B01,,,
21171000432,B01,,,
21171000433,B06,,,
21171000439,B03,,,
21171000440,B04,,,
21171000443,B01,,,
21171000445,B01,,,
21171000449,B01,,,
21171000456,B01,,,
21171000456,B05,,,
21171000458,B01,,,
21171000458,B02,,,
21171000458,B03,,,
21171000460,B01,,,
21171000461,B03,,,
21171000462,B01,,,
21171000462,B03,,,
21171000462,B05,,,
21171000465,B01,,,
21171000465,B02,,,
21171000465,B05,,,
21171000466,B01,,,
21171000466,B02,,,
21171000468,B01,,,
21171000468,B05,,,
21171000472,B01,,,
21171000472,B02,,,
21171000472,B05,,,
21171000475,B01,,,
21171000475,B02,,,
21171000480,B03,,,
21174000150,B03,,,
21174000150,H31,,,
21174000163,B03,,,
21174000166,B01,,,
21174000166,B03,,,
21174000189,B03,,,
21174000250,B03,,,
21174000293,B03,,,
21174000303,B03,,,
21174000323,B01,,,
21174000323,B02,,,
21174000323,B03,,,
21174000324,B03,,,
21174000357,B01,,,
21174000357,B02,,,
21174000357,B03,,,
21174000371,B01,,,
21174000372,B01,,,
21174000372,B02,,,
21174000373,B03,,,
21174000375,B01,,,
21174000375,B02,,,
21174000381,B01,,,
21174000381,B02,,,
21174000383,B01,,,
21174000383,B02,,,
21174000385,B01,,,
21174000387,B03,,,
21174000387,H31,,,
21174000388,B01,,,
21174000388,B02,,,
21174000389,B01,,,
21174000389,B02,,,
21174000391,B01,,,
21174000391,B02,,,
21174000392,B01,,,
21174000392,B02,,,
21174000393,B01,,,
21174000393,B02,,,
21174000396,B01,,,
21174000396,B02,,,
21174000397,B01,,,
21174000397,B02,,,
21174000399,B01,,,
21174000399,B02,,,
21174000400,B01,,,
21174000400,B02,,,
21174000402,B03,,,
21174000403,B01,,,
21174000403,B02,,,
21174000405,B01,,,
21174000405,B02,,,
21174000406,B01,,,
21174000406,B02,,,
21174000409,H31,,,
21174000410,B01,,,
21174000411,B01,,,
21174000411,B02,,,
21174000413,B01,,,
21174000413,B02,,,
21174000414,B01,,,
21174000414,B02,,,
21174000417,B01,,,
21174000417,B02,,,
21174000420,B03,,,
21174000423,B03,,,
21174000424,B03,,,
21174000425,B03,,,
21174000427,B03,,,
21174000430,B01,,,
21174000430,B02,,,
21174000432,B01,,,
21174000435,B01,,,
21174000437,B01,,,
21174000437,B02,,,
21174000440,B03,,,
21174000443,B01,,,
21174000446,B03,,,
21174000451,B01,,,
21174000451,B02,,,
21174000452,B01,,,
21174000452,B02,,,
21174000453,B03,,,
21174000457,B01,,,
22611000001,B01,,,
22611000001,B03,,,
22611000100,B01,,,
22611000100,B02,,,
22611000101,B01,,,
22611000101,B02,,,
22611000103,B03,,,
22611000105,B01,,,
22611000105,B02,,,
22611000105,B03,,,
22611000106,B01,,,
22611000107,B01,,,
22611000107,B02,,,
22611000111,B01,,,
22611000111,B02,,,
22611000114,B01,,,
22614000050,B01,,,
22614000050,B03,,,
22614000083,B01,,,
22614000083,B02,,,
22614000084,B03,,,
22614000087,B01,,,
22614000090,B01,,,
22614000090,B02,,,
22614000093,B01,,,
22614000093,B03,,,
22614000097,B01,,,
22614000097,B02,,,
22614000098,B01,,,
22614000098,B05,,,
22617000011,B03,,,
22617000190,B01,,,
22617000190,B03,,,
22617000193,B01,,,
22617000195,B01,,,
22617000199,B01,,,
22617000199,B02,,,
22617000200,B01,,,
22617000202,B01,,,
22617000202,B03,,,
22617000212,B01,,,
22617000212,B02,,,
22620000007,B01,,,
22620000007,B02,,,
22620000012,B03,,,
22620000091,B01,,,
22620000121,B03,,,
22620000138,B01,,,
22620000138,B02,,,
22620000138,B03,,,
22620000146,B01,,,
22620000146,B02,,,
22620000147,B01,,,
22620000147,B03,,,
22620000151,B03,,,
22620000153,B01,,,
22620000155,B01,,,
22620000155,B02,,,
22620000156,B01,,,
22620000156,B02,,,
22620000159,B01,,,
22620000162,B01,,,
22620000162,B02,,,
22620000164,B01,,,
22620000165,B03,,,
22620000167,B01,,,
22620000167,B02,,,
22620000168,B06,,,
22620000169,B01,,,
22620000169,B02,,,
22620000173,B01,,,
22620000173,B03,,,
22623000010,B03,,,
22623000092,B03,,,
22623000360,B03,,,
22623000383,B01,,,
22623000383,B03,,,
22623000388,B01,,,
22623000388,B03,,,
22623000392,B01,,,
22623000393,B03,,,
22623000393,H31,,,
22623000394,B01,,,
22623000395,B01,,,
22623000395,B02,,,
22623000395,B05,,,
22623000397,B01,,,
22623000397,B02,,,
22623000398,B01,,,
22623000398,B02,,,
22623000401,B01,,,
22623000402,B01,,,
22623000404,B03,,,
22623000405,B01,,,
22623000405,B05,,,
22623000407,B01,,,
22623000407,B02,,,
22623000408,B01,,,
22623000408,B02,,,
22623000411,B03,,,
22623000411,B04,,,
22623000412,B01,,,
22623000412,B03,,,
22623000413,B01,,,
22623000413,B02,,,
22623000414,B01,,,
22623000414,B02,,,
22623000417,B01,,,
22623000417,B02,,,
22623000417,B05,,,
22623000418,B01,,,
22623000418,B02,,,
22623000418,B06,,,
22623000420,B01,,,
22623000420,B02,,,
22623000420,B03,,,
22623000423,B01,,,
22623000423,B02,,,
22623000425,B01,,,
22623000425,B02,,,
22623000425,B03,,,
22623000427,B01,,,
22623000428,B01,,,
22623000428,B03,,,
22623000429,B01,,,
22623000429,B02,,,
22623000431,B01,,,
22623000431,B02,,,
22623000437,B01,,,
22623000437,B02,,,
22623000441,B03,,,
22623000442,B03,,,
22623000443,B01,,,
22623000443,B02,,,
22623000451,B01,,,
22623000451,B02,,,
22623000452,B01,,,
22623000452,B02,,,
22623000453,B01,,,
22623000453,B02,,,
22623000453,B06,,,
22623000456,B01,,,
22623000456,B02,,,
22623000456,B03,,,
22623000457,B01,,,
22623000457,B02,,,
22623000459,B01,,,
22623000459,B02,,,
22623000460,B01,,,
22626000037,B03,,,
22626000119,B03,,,
22626000140,B01,,,
22626000140,B02,,,
22626000140,B03,,,
22626000157,B03,,,
22626000272,B03,,,
22626000279,B01,,,
22626000279,B03,,,
22626000304,B01,,,
22626000304,B02,,,
22626000307,B01,,,
22626000307,B02,,,
22626000307,B03,,,
22626000309,B01,,,
22626000310,B01,,,
22626000311,B01,,,
22626000311,B02,,,
22626000313,B01,,,
22626000313,B02,,,
22626000314,B01,,,
22626000314,B02,,,
22626000317,B01,,,
22626000318,B01,,,
22626000318,B02,,,
22626000319,B01,,,
22626000319,B02,,,
22626000320,B01,,,
22626000320,B02,,,
22626000322,B01,,,
22626000323,B01,,,
22626000324,B01,,,
22626000324,B02,,,
22626000324,B05,,,
22626000325,B01,,,
22626000325,B02,,,
22626000326,B01,,,
22626000326,B02,,,
22626000327,B01,,,
22626000328,B01,,,
22626000328,B03,,,
22626000330,B01,,,
22626000330,B02,,,
22626000331,B01,,,
22626000331,B02,,,
22626000332,B01,,,
22626000332,B05,,,
22626000333,B01,,,
22626000333,B02,,,
22626000335,B01,,,
22626000337,B01,,,
22626000337,B02,,,
22626000339,B01,,,
22626000339,B02,,,
22626000341,B01,,,
22626000341,B02,,,
22626000342,B01,,,
22626000347,B01,,,
22626000347,B02,,,
22626000348,B01,,,
22626000348,B02,,,
22626000350,B01,,,
22626000350,B02,,,
22626000350,B03,,,
22626000352,B01,,,
22626000352,B02,,,
22626000354,B01,,,
22626000354,B02,,,
22626000356,B01,,,
22626000356,B03,,,
22626000357,B01,,,
22626000357,B03,,,
22626000361,B01,,,
22626000366,B01,,,
22626000366,B02,,,
22626000367,B01,,,
22626000367,B02,,,
22626000372,B01,,,
22626000372,B02,,,
22629000166,B03,,,
22629000186,B01,,,
22629000186,B03,,,
22629000187,B03,,,
22629000226,B01,,,
22629000227,B01,,,
22629000227,B02,,,
22629000227,B05,,,
22629000229,B06,,,
22629000230,B01,,,
22629000230,B02,,,
22629000232,B01,,,
22629000232,B02,,,
22629000232,B06,,,
22629000233,B01,,,
22629000234,B01,,,
22629000235,B01,,,
22629000235,B02,,,
22629000236,B01,,,
22629000236,B02,,,
22629000237,B01,,,
22629000238,B01,,,
22629000238,B02,,,
22629000239,B01,,,
22629000239,B03,,,
22629000242,B01,,,
22629000242,B03,,,
22629000243,B01,,,
22629000247,B03,,,
22629000248,B03,,,
22629000252,B01,,,
22629000252,B02,,,
22629000254,B01,,,
22629000255,B01,,,
22629000255,B02,,,
22629000256,B01,,,
22629000256,B02,,,
22629000257,B01,,,
22629000257,B05,,,
22629000258,B01,,,
22629000258,B02,,,
22629000258,B03,,,
22629000259,B01,,,
22629000261,B06,,,
22629000262,B01,,,
22629000262,B02,,,
22629000262,B05,,,
22629000264,B01,,,
22629000264,B02,,,
22629000265,B01,,,
22629000265,B05,,,
22629000267,B03,,,
22629000268,B03,,,
22629000270,B01,,,
22629000270,B02,,,
22632000014,B03,,,
22632000019,B03,,,
22632000025,B01,,,
22632000025,B03,,,
22632000099,B03,,,
22632000177,B01,,,
22632000209,B01,,,
22632000209,B03,,,
22632000235,B03,,,
22632000241,B03,,,
22632000251,B01,,,
22632000251,B02,,,
22632000255,B01,,,
22632000255,B03,,,
22632000257,B01,,,
22632000257,B02,,,
22632000257,B03,,,
22632000262,B01,,,
22632000262,B02,,,
22632000262,B03,,,
22632000263,B01,,,
22632000263,B02,,,
22632000263,B03,,,
22632000269,B01,,,
22632000269,B03,,,
22632000287,B01,,,
22632000287,B03,,,
22632000290,B01,,,
22632000290,B03,,,
22632000294,B01,,,
22632000294,B02,,,
22632000295,B01,,,
22632000298,B01,,,
22632000298,B03,,,
22632000300,B01,,,
22632000300,B02,,,
22632000302,B01,,,
22632000304,B01,,,
22632000304,B02,,,
22632000304,B05,,,
22632000305,B01,,,
22632000309,B01,,,
22632000309,B03,,,
22632000310,B03,,,
22632000311,B01,,,
22632000311,B02,,,
22632000312,B03,,,
22632000314,B01,,,
22632000316,B01,,,
22632000316,B03,,,
22632000317,B01,,,
22632000319,B01,,,
22632000319,B03,,,
22632000320,B01,,,
22632000320,B02,,,
22632000322,B01,,,
22632000322,B02,,,
22632000325,B01,,,
22632000325,B02,,,
22632000326,B01,,,
22632000326,B02,,,
22632000330,B01,,,
22632000335,B03,,,
22632000336,B01,,,
22632000341,B01,,,
22632000341,B03,,,
22635000002,B01,,,
22635000002,B03,,,
22635000013,B03,,,
22635000024,B01,,,
22635000024,B02,,,
22635000024,B03,,,
22635000125,B01,,,
22635000125,B02,,,
22635000134,B01,,,
22635000134,B02,,,
22635000140,B03,,,
22635000186,B03,,,
22635000238,B01,,,
22635000238,B03,,,
22635000238,B05,,,
22635000255,B01,,,
22635000255,B03,,,
22635000257,B03,,,
22635000258,B01,,,
22635000258,B03,,,
22635000258,H31,,,
22635000269,B01,,,
22635000269,B02,,,
22635000282,B01,,,
22635000282,B02,,,
22635000282,B03,,,
22635000285,B03,,,
22635000287,B01,,,
22635000287,B03,,,
22635000289,B03,,,
22635000290,B01,,,
22635000290,B03,,,
22635000291,B01,,,
22635000291,B03,,,
22635000293,B01,,,
22635000293,B02,,,
22635000293,B03,,,
22635000296,B01,,,
22635000298,B01,,,
22635000298,B03,,,
22635000300,B01,,,
22635000300,B02,,,
22635000302,B01,,,
22635000302,B02,,,
22635000305,B01,,,
22635000305,B02,,,
22635000306,B06,,,
22635000307,B01,,,
22635000307,B03,,,
22635000308,B01,,,
22635000308,B02,,,
22635000309,B01,,,
22635000309,B03,,,
22635000310,B01,,,
22635000310,B02,,,
22635000312,B01,,,
22635000312,B03,,,
22635000314,B01,,,
22635000314,B03,,,
22635000315,B01,,,
22635000322,B01,,,
22635000324,B01,,,
22635000326,B03,,,
22635000327,B01,,,
22635000327,B02,,,
22635000329,B01,,,
22635000329,B02,,,
22635000330,B01,,,
22635000330,B03,,,
22635000331,B01,,,
22635000331,B03,,,
22635000332,B01,,,
22635000332,B03,,,
22635000333,B01,,,
22635000333,B02,,,
22635000338,B01,,,
22635000338,B02,,,
22635000339,B01,,,
22635000339,B03,,,
22635000340,B01,,,
22635000340,B02,,,
22635000340,B03,,,
22635000340,B05,,,
22635000346,B01,,,
22635000346,B02,,,
22635000347,B01,,,
22638000002,B03,,,
22638000006,B03,,,
22638000013,B03,,,
22638000133,B01,,,
22638000133,B02,,,
22638000152,B03,,,
22638000185,B03,,,
22638000232,B03,,,
22638000233,B01,,,
22638000233,B02,,,
22638000235,B01,,,
22638000235,B02,,,
22638000237,B03,,,
22638000238,B01,,,
22638000239,B01,,,
22638000239,B03,,,
22638000240,B03,,,
22638000241,B01,,,
22638000241,B02,,,
22638000242,B01,,,
22638000242,B02,,,
22638000244,B03,,,
22638000246,B01,,,
22638000247,B01,,,
22638000247,B02,,,
22638000251,B03,,,
22638000252,B01,,,
22638000254,B01,,,
22638000254,B06,,,
22638000255,B01,,,
22638000258,B01,,,
22638000260,B01,,,
22638000264,B01,,,
22638000267,B01,,,
22638000268,B01,,,
22638000269,B01,,,
22638000272,B01,,,
22638000272,B02,,,
22638000274,B01,,,
22638000274,B02,,,
22638000274,B05,,,
22638000274,B06,,,
22638000275,B01,,,
22638000276,B03,,,
22638000277,B01,,,
22638000278,B01,,,
22638000279,B01,,,
22638000279,B03,,,
22638000282,B01,,,
22638000282,B02,,,
22638000282,B03,,,
22638000284,B03,,,
22638000286,B01,,,
22638000287,B06,,,
22638000289,B06,,,
22641000008,B03,,,
22641000013,B03,,,
22641000013,H31,,,
22641000013,H32,,,
22641000222,B01,,,
22641000222,B03,,,
22641000223,B03,,,
22641000224,B01,,,
22641000227,B01,,,
22641000227,B03,,,
22641000228,B01,,,
22641000230,B03,,,
22641000231,B01,,,
22641000231,B02,,,
22641000232,B01,,,
22641000232,B03,,,
22641000233,B01,,,
22641000233,B02,,,
22641000235,B01,,,
22641000235,B02,,,
22641000235,B03,,,
22641000237,B01,,,
22641000237,B02,,,
22641000242,B01,,,
22641000242,B02,,,
22641000244,B01,,,
22641000244,B03,,,
22641000246,B03,,,
22641000248,B01,,,
22641000251,B01,,,
22641000251,B03,,,
22641000253,B01,,,
22641000253,B03,,,
22641000259,B01,,,
22641000259,B02,,,
22641000262,B01,,,
22641000262,B02,,,
22641000262,B03,,,
22641000264,B01,,,
22641000264,B03,,,
22641000269,B01,,,
22641000271,B01,,,
22644000049,B01,,,
22644000049,B02,,,
22644000050,B03,,,
22644000052,B01,,,
22644000054,B01,,,
22644000054,B03,,,
22644000055,B03,,,
22644000055,H31,,,
22644000059,B01,,,
22644000060,B06,,,
22644000061,B01,,,
22644000061,B02,,,
22644000062,B06,,,
22644000068,B03,,,
22644000071,B01,,,
22644000076,B03,,,
22647000002,B01,,,
22647000002,B03,,,
22647000206,B01,,,
22647000206,B02,,,
22647000207,B01,,,
22647000207,B02,,,
22647000208,B01,,,
22647000208,B02,,,
22647000208,B03,,,
22647000209,B01,,,
22647000209,B02,,,
22647000213,B01,,,
22647000213,B02,,,
22647000218,B01,,,
22647000219,B01,,,
22647000219,B02,,,
22647000219,B03,,,
22647000220,B01,,,
22647000220,B02,,,
22647000221,B01,,,
22647000221,B02,,,
22647000221,B03,,,
22647000223,B01,,,
22647000223,B03,,,
22647000224,B01,,,
22647000224,B03,,,
22647000230,B01,,,
22647000230,B03,,,
22647000232,B01,,,
22647000233,B01,,,
22647000233,B02,,,
22647000233,B03,,,
22647000235,B01,,,
22647000235,B03,,,
22647000236,B03,,,
22647000243,B01,,,
22650000031,B03,,,
22650000081,B03,,,
22650000098,B03,,,
22650000112,B01,,,
22650000112,B03,,,
22650000112,B05,,,
22650000131,B01,,,
22650000131,B02,,,
22650000133,B01,,,
22650000134,B01,,,
22650000134,B02,,,
22650000135,B01,,,
22650000135,B02,,,
22650000136,B01,,,
22650000136,B02,,,
22650000136,B03,,,
22650000138,B01,,,
22650000140,B01,,,
22650000141,B01,,,
22650000141,B02,,,
22650000142,B01,,,
22650000143,B01,,,
22650000143,B05,,,
22650000146,B01,,,
22650000146,B02,,,
22650000148,B01,,,
22650000148,B02,,,
22650000151,B01,,,
22650000151,B02,,,
22650000151,B03,,,
22650000151,H31,,,
22650000152,B01,,,
22650000152,B02,,,
22650000156,B01,,,
22650000157,B03,,,
22650000160,B01,,,
22650000164,B01,,,
22650000164,B03,,,
22650000165,B01,,,
22650000165,B02,,,
22650000165,B05,,,
22650000169,B01,,,
22650000169,B03,,,
22650000172,B03,,,
22650000174,B01,,,
22650000174,B02,,,
22650000175,B01,,,
22650000175,B02,,,
22650000175,B03,,,
22653000140,B01,,,
22653000140,B03,,,
22653000166,B03,,,
22653000167,B01,,,
22653000168,B03,,,
22653000170,B01,,,
22653000170,B02,,,
22653000171,B01,,,
22653000171,B06,,,
22653000172,B01,,,
22653000173,B01,,,
22653000175,B01,,,
22653000175,B03,,,
22653000176,B01,,,
22653000178,B01,,,
22653000178,B02,,,
22653000179,B01,,,
22653000179,B03,,,
22653000180,B03,,,
22653000181,B03,,,
22653000183,B01,,,
22653000183,B03,,,
22653000185,B01,,,
22653000188,B01,,,
22653000189,B01,,,
22653000190,B01,,,
22653000193,B01,,,
22653000193,B02,,,
22653000194,B04,,,
22653000196,B03,,,
22653000198,B01,,,
22653000199,B01,,,
22653000199,B02,,,
22653000200,B01,,,
22653000201,B01,,,
22653000201,B02,,,
22653000202,B01,,,
22653000203,B01,,,
22653000203,B02,,,
22653000203,B03,,,
22671000002,B03,,,
22671000031,B01,,,
22671000031,B02,,,
22671000031,B03,,,
22671000118,B01,,,
22671000118,B03,,,
22671000126,B01,,,
22671000148,B01,,,
22671000148,B02,,,
22671000148,B03,,,
22671000148,H31,,,
22671000158,B01,,,
22671000176,B01,,,
22671000176,B03,,,
22671000185,B01,,,
22671000185,B03,,,
22671000188,B01,,,
22671000201,B06,,,
22671000202,B01,,,
22671000202,B05,,,
22671000208,B01,,,
22671000208,B03,,,
22671000208,H31,,,
22671000211,B03,,,
22671000215,B01,,,
22671000215,B03,,,
22671000220,B01,,,
22671000220,B03,,,
22671000221,B01,,,
22671000222,B01,,,
22671000222,B02,,,
22671000222,B05,,,
22671000226,B01,,,
22671000231,B01,,,
22671000231,B03,,,
22671000237,B01,,,
22671000237,B06,,,
22671000239,B01,,,
22671000239,B02,,,
22671000244,B01,,,
22671000244,B02,,,
22671000244,B03,,,
22671000244,H31,,,
22671000245,B03,,,
22671000248,B01,,,
22671000251,B01,,,
22671000259,B01,,,
22671000259,B02,,,
22671000261,B01,,,
22671000263,B01,,,
22671000264,B03,,,
22671000266,B01,,,
22671000271,B03,,,
22671000272,B01,,,
22671000272,B02,,,
22671000273,B01,,,
22671000273,B02,,,
22671000276,B01,,,
22671000276,B02,,,
22711000002,B03,,,
22711000005,B01,,,
22711000005,B03,,,
22711000044,B01,,,
22711000044,B02,,,
22711000159,B03,,,
22711000167,B01,,,
22711000167,B02,,,
22711000168,B01,,,
22711000168,B02,,,
22711000170,B01,,,
22711000170,B02,,,
22711000171,B01,,,
22711000172,B01,,,
22711000172,B02,,,
22711000173,B01,,,
22711000176,B01,,,
22711000177,B01,,,
22711000177,B02,,,
22711000178,B01,,,
22711000180,B01,,,
22711000180,B02,,,
22711000183,B01,,,
22711000184,B01,,,
22714000012,B03,,,
22714000014,B03,,,
22714000020,B03,,,
22714000351,B03,,,
22714000367,B01,,,
22714000367,H31,,,
22714000581,B01,,,
22714000581,B03,,,
22714000584,B01,,,
22714000584,B03,,,
22714000595,B03,,,
22714000601,B01,,,
22714000601,B03,,,
22714000604,B06,,,
22714000605,B05,,,
22714000606,B03,,,
22714000608,B01,,,
22714000608,B02,,,
22714000609,B01,,,
22714000610,B01,,,
22714000615,B03,,,
22714000615,H31,,,
22714000616,B03,,,
22714000617,B01,,,
22714000617,B03,,,
22714000618,B01,,,
22714000619,B01,,,
22714000619,B03,,,
22714000620,B01,,,
22714000620,B05,,,
22714000621,B01,,,
22714000622,B01,,,
22714000623,B01,,,
22714000623,B02,,,
22714000625,B01,,,
22714000625,B02,,,
22714000627,B01,,,
22714000628,B03,,,
22714000632,B01,,,
22714000633,B03,,,
22714000636,B01,,,
22714000645,B03,,,
22714000646,B01,,,
22714000647,B06,,,
22714000648,B01,,,
22714000648,B02,,,
22714000655,B01,,,
22714000655,B03,,,
22714000656,B03,,,
22714000657,B01,,,
22714000658,B01,,,
22714000659,B01,,,
22714000662,B01,,,
22714000664,B01,,,
22714000664,B03,,,
22714000665,B01,,,
22714000669,B01,,,
22714000670,B01,,,
22714000672,B03,,,
22714000673,B01,,,
22714000674,B01,,,
22714000676,B01,,,
22714000678,B01,,,
22714000679,B01,,,
22714000681,B01,,,
22714000682,B03,,,
22714000683,B03,,,
22714000685,B01,,,
22714000686,B01,,,
22714000692,B01,,,
22714000695,B01,,,
22714000696,B01,,,
22714000698,B01,,,
22714000699,B01,,,
22714000700,B03,,,
22717000006,B01,,,
22717000006,B02,,,
22717000006,B03,,,
22717000019,B03,,,
22717000317,B01,,,
22717000317,B03,,,
22717000318,B01,,,
22717000318,B03,,,
22717000348,B03,,,
22717000349,B01,,,
22717000349,B02,,,
22717000349,B05,,,
22717000356,B03,,,
22717000374,B01,,,
22717000374,B02,,,
22717000374,B03,,,
22717000375,B01,,,
22717000375,B03,,,
22717000388,B01,,,
22717000389,B01,,,
22717000390,B01,,,
22717000392,B01,,,
22717000392,B02,,,
22717000392,B03,,,
22717000394,B03,,,
22717000395,B01,,,
22717000395,B02,,,
22717000399,B03,,,
22717000401,B01,,,
22717000402,B01,,,
22717000403,B01,,,
22717000406,B03,,,
22717000407,B03,,,
22717000409,B01,,,
22717000409,B02,,,
22717000412,B01,,,
22717000412,B02,,,
22717000414,B01,,,
22717000414,B03,,,
22717000415,B01,,,
22717000415,B02,,,
22717000415,B03,,,
22717000415,H31,,,
22717000416,B06,,,
22717000418,B01,,,
22717000418,B02,,,
22717000420,B01,,,
22717000425,B06,,,
22717000430,B01,,,
22717000430,B02,,,
22717000430,B03,,,
22717000432,B01,,,
22717000433,B03,,,
22717000435,B03,,,
22717000437,B01,,,
22717000437,B02,,,
22717000439,B01,,,
22717000441,B01,,,
22717000442,B01,,,
22717000442,B02,,,
22717000443,B01,,,
22717000443,B02,,,
22717000444,B01,,,
22717000445,B01,,,
22717000446,B03,,,
22717000448,B01,,,
22717000449,B01,,,
22717000451,B01,,,
22717000451,B02,,,
22717000453,B03,,,
22717000456,B01,,,
22717000456,B02,,,
22717000458,B01,,,
22720000126,B03,,,
22720000148,B01,,,
22720000148,B02,,,
22720000148,B03,,,
22720000148,H31,,,
22720000259,B03,,,
22720000270,B01,,,
22720000271,B01,,,
22720000271,B03,,,
22720000272,B01,,,
22720000276,B01,,,
22720000278,B03,,,
22720000279,B01,,,
22720000280,B01,,,
22720000280,B02,,,
22720000287,B01,,,
22720000287,B03,,,
22720000288,B01,,,
22720000288,B03,,,
22720000292,B01,,,
22720000293,B01,,,
22720000293,B02,,,
22720000296,B01,,,
22720000296,B02,,,
22720000297,B01,,,
22720000299,B01,,,
22720000299,B02,,,
22720000300,B01,,,
22720000300,B02,,,
22720000301,B01,,,
22720000301,B03,,,
22720000302,B03,,,
22720000303,B01,,,
22720000304,B01,,,
22720000304,B02,,,
22720000304,B05,,,
22720000307,B03,,,
22720000310,B01,,,
22720000313,B01,,,
22720000317,B01,,,
22720000317,B02,,,
22720000319,B01,,,
22720000319,B03,,,
22720000320,B01,,,
22720000320,B02,,,
22720000321,B01,,,
22720000322,B01,,,
22720000322,B02,,,
22720000322,B03,,,
22720000323,B01,,,
22720000323,B02,,,
22720000329,B01,,,
22720000330,B01,,,
22720000330,B02,,,
22720000335,B01,,,
22720000335,B02,,,
22720000336,B01,,,
22720000336,B02,,,
22720000345,B01,,,
22720000346,B01,,,
22720000349,B01,,,
22723000005,B03,,,
22723000010,B03,,,
22723000426,B01,,,
22723000426,B02,,,
22723000426,B03,,,
22723000450,B03,,,
22723000570,B01,,,
22723000572,B03,,,
22723000573,B06,,,
22723000576,B01,,,
22723000576,B03,,,
22723000577,B03,,,
22723000581,B01,,,
22723000581,B02,,,
22723000581,B03,,,
22723000585,B01,,,
22723000585,B02,,,
22723000588,B01,,,
22723000590,B01,,,
22723000590,B03,,,
22723000593,B03,,,
22723000596,B01,,,
22723000596,B03,,,
22723000598,B01,,,
22723000600,B01,,,
22723000604,B01,,,
22723000604,B03,,,
22723000607,B06,,,
22723000613,B01,,,
22723000615,B01,,,
22723000615,B02,,,
22723000616,B01,,,
22723000621,B01,,,
22723000621,B03,,,
22723000622,B03,,,
22723000625,B01,,,
22723000625,B02,,,
22723000626,B01,,,
22723000626,B02,,,
22723000627,B01,,,
22723000627,B03,,,
22723000628,B01,,,
22723000629,B01,,,
22723000629,B03,,,
22723000630,B03,,,
22723000632,B01,,,
22723000634,B03,,,
22723000635,B01,,,
22723000636,B01,,,
22723000637,B01,,,
22723000637,B02,,,
22723000638,B01,,,
22723000640,B01,,,
22723000643,B03,,,
22723000644,B01,,,
22723000646,B01,,,
22723000646,B02,,,
22723000648,B01,,,
22723000654,B01,,,
22723000655,B01,,,
22723000655,B03,,,
22723000656,B01,,,
22723000657,B01,,,
22723000657,B03,,,
22723000661,B01,,,
22723000664,B01,,,
22723000665,B01,,,
22723000668,B01,,,
22723000669,B01,,,
22723000670,B01,,,
22723000670,B02,,,
22723000671,B01,,,
22723000671,B03,,,
22723000673,B01,,,
22723000673,B03,,,
22723000674,B01,,,
22723000674,B02,,,
22723000675,B01,,,
22723000675,B02,,,
22723000678,B01,,,
22723000679,B06,,,
22723000680,B01,,,
22723000681,B01,,,
22723000681,B03,,,
22723000685,B01,,,
22723000685,B02,,,
22723000685,B03,,,
22723000686,B03,,,
22723000689,B03,,,
22723000691,B01,,,
22723000692,B01,,,
22723000692,B02,,,
22723000693,B01,,,
22723000694,B01,,,
22723000694,B03,,,
22723000697,B01,,,
22723000697,B02,,,
22723000698,B01,,,
22723000698,B03,,,
22723000699,B01,,,
22723000700,B01,,,
22723000701,B01,,,
22723000701,B03,,,
22723000702,B03,,,
22723000703,B01,,,
22723000705,B01,,,
22723000706,B01,,,
22723000706,B03,,,
22723000707,B01,,,
22723000712,B01,,,
22723000717,B03,,,
22723000718,B01,,,
22723000719,B03,,,
22723000720,B03,,,
22723000721,B01,,,
22723000723,B01,,,
22723000726,B01,,,
22723000726,B02,,,
22723000726,B03,,,
22726000006,B03,,,
22726000009,B01,,,
22726000009,B03,,,
22726000045,B03,,,
22726000362,B01,,,
22726000362,B03,,,
22726000374,B01,,,
22726000374,B03,,,
22726000378,B01,,,
22726000379,B01,,,
22726000380,B01,,,
22726000380,B03,,,
22726000381,B03,,,
22726000382,B01,,,
22726000382,B02,,,
22726000385,B01,,,
22726000386,B01,,,
22726000386,B02,,,
22726000387,B01,,,
22726000389,B01,,,
22726000392,B01,,,
22726000392,B03,,,
22726000394,B01,,,
22726000396,B01,,,
22726000398,B01,,,
22726000399,B03,,,
22726000402,B01,,,
22726000403,B03,,,
22726000404,B01,,,
22726000406,B01,,,
22726000407,B01,,,
22726000407,B03,,,
22726000410,B01,,,
22726000414,B01,,,
22726000416,B01,,,
22726000417,B01,,,
22726000417,B02,,,
22726000423,B01,,,
22726000423,B02,,,
22726000424,B01,,,
22726000427,B01,,,
22726000428,B01,,,
22726000429,B06,,,
22726000430,B06,,,
22726000431,B01,,,
22726000431,B02,,,
22726000435,B03,,,
22726000437,B01,,,
22726000438,B01,,,
22726000439,B01,,,
22726000447,B01,,,
22726000448,B01,,,
22726000448,B02,,,
22726000449,B01,,,
22726000450,B01,,,
22726000450,B03,,,
22726000451,B01,,,
22726000451,B03,,,
22726000452,B01,,,
22726000454,B01,,,
22726000454,B03,,,
22726000456,B03,,,
22726000456,B04,,,
22726000457,B01,,,
22726000460,B01,,,
22726000462,B01,,,
22726000462,B03,,,
22726000463,B01,,,
22726000463,B02,,,
22726000465,B01,,,
22726000467,B01,,,
22726000470,B01,,,
22726000470,B02,,,
22726000471,B01,,,
22726000473,B01,,,
22726000477,B01,,,
22726000479,B01,,,
22726000480,B01,,,
22726000481,B01,,,
22726000481,B03,,,
22726000484,B03,,,
22726000486,B01,,,
22726000486,B02,,,
22726000487,B01,,,
22726000487,B03,,,
22726000488,B01,,,
22726000488,B03,,,
22726000489,B01,,,
22726000491,B01,,,
22726000493,B01,,,
22726000494,B06,,,
22726000496,B01,,,
22726000497,B01,,,
22726000498,B01,,,
22726000501,B01,,,
22726000504,B01,,,
22726000504,B03,,,
22726000508,B01,,,
22726000512,B01,,,
22726000512,B05,,,
22726000519,B01,,,
22726000519,B02,,,
22726000527,B01,,,
22726000528,B01,,,
22729000007,B01,,,
22729000007,B02,,,
22729000007,B03,,,
22729000015,B03,,,
22729000020,B03,,,
22729000184,B01,,,
22729000190,B03,,,
22729000354,B03,,,
22729000401,B01,,,
22729000401,B03,,,
22729000498,B03,,,
22729000507,B03,,,
22729000556,B01,,,
22729000557,B01,,,
22729000559,B01,,,
22729000559,B02,,,
22729000561,B03,,,
22729000562,B01,,,
22729000562,B03,,,
22729000563,B03,,,
22729000563,B04,,,
22729000566,B01,,,
22729000566,B02,,,
22729000570,B01,,,
22729000572,B01,,,
22729000572,B02,,,
22729000574,B01,,,
22729000574,B03,,,
22729000575,B01,,,
22729000576,B01,,,
22729000576,B02,,,
22729000578,B01,,,
22729000578,B03,,,
22729000582,B01,,,
22729000584,B01,,,
22729000584,B02,,,
22729000586,B01,,,
22729000586,B03,,,
22729000586,H31,,,
22729000587,B03,,,
22729000590,B01,,,
22729000590,B03,,,
22729000596,B03,,,
22729000599,B01,,,
22729000601,B01,,,
22729000602,B01,,,
22729000602,B03,,,
22729000604,B01,,,
22729000608,B01,,,
22729000609,B01,,,
22729000609,B03,,,
22729000612,B01,,,
22729000613,B01,,,
22729000613,B03,,,
22729000614,B01,,,
22729000615,B01,,,
22729000617,B03,,,
22729000617,B04,,,
22729000619,B01,,,
22729000624,B03,,,
22729000628,B01,,,
22729000628,B02,,,
22729000630,B03,,,
22729000631,B01,,,
22729000631,B02,,,
22729000632,B01,,,
22729000633,B01,,,
22729000634,B01,,,
22729000634,B02,,,
22729000637,B03,,,
22729000638,B01,,,
22729000640,B01,,,
22729000641,B01,,,
22729000642,B01,,,
22729000644,B01,,,
22729000645,B01,,,
22729000645,B02,,,
22729000647,B01,,,
22729000647,B03,,,
22729000653,B03,,,
22729000654,B01,,,
22729000656,B01,,,
22729000657,B01,,,
22729000658,B01,,,
22729000659,B01,,,
22729000660,B03,,,
22729000661,B01,,,
22729000662,B01,,,
22729000662,B02,,,
22729000664,B01,,,
22729000664,B03,,,
22729000667,B01,,,
22729000668,B01,,,
22729000669,B01,,,
22729000670,B01,,,
22729000670,B02,,,
22729000671,B03,,,
22729000673,B01,,,
22729000673,B03,,,
22729000674,B01,,,
22729000674,B03,,,
22729000675,B01,,,
22729000675,B02,,,
22729000675,B03,,,
22729000677,B01,,,
22729000678,B03,,,
22729000679,B01,,,
22729000681,B03,,,
22729000682,B01,,,
22729000685,B01,,,
22729000686,B01,,,
22729000687,B01,,,
22729000688,B01,,,
22729000689,B01,,,
22729000690,B01,,,
22729000690,B03,,,
22729000694,B01,,,
22729000696,B01,,,
22729000698,B01,,,
22729000699,B01,,,
22729000699,B03,,,
22729000699,H31,,,
22729000700,B01,,,
22729000701,B01,,,
22729000701,B02,,,
22729000702,B03,,,
22729000704,B01,,,
22729000705,B01,,,
22729000706,B01,,,
22729000707,B03,,,
22729000708,B03,,,
22729000709,B01,,,
22729000709,B03,,,
22729000716,B03,,,
22729000717,B03,,,
22729000719,B01,,,
22729000723,B01,,,
22729000723,B03,,,
22729000725,B01,,,
22729000728,B01,,,
22729000730,B01,,,
22771000013,B01,,,
22771000013,B03,,,
22771000133,B03,,,
22771000169,B03,,,
22771000200,B01,,,
22771000202,B01,,,
22771000211,B01,,,
22771000212,B03,,,
22771000219,B01,,,
22771000219,B02,,,
22771000222,B01,,,
22771000227,B01,,,
22771000227,B03,,,
22771000228,B01,,,
22771000228,B02,,,
22771000230,B03,,,
22771000232,B01,,,
22771000233,B01,,,
22771000234,B01,,,
22771000234,B02,,,
22771000236,B01,,,
22771000238,B01,,,
22771000238,B02,,,
22771000239,B03,,,
22771000241,B01,,,
22771000242,B01,,,
22771000243,B03,,,
22771000245,B03,,,
22771000247,B01,,,
22771000248,B01,,,
22771000249,B01,,,
22771000252,B01,,,
22771000255,B01,,,
22771000255,B03,,,
22771000259,B01,,,
22771000264,B03,,,
22771000266,B03,,,
22771000269,B01,,,
22771000270,B03,,,
22771000271,B03,,,
22771000274,B03,,,
22771000276,B03,,,
22772000063,B01,,,
22811000057,B01,,,
22811000136,B03,,,
22811000136,H31,,,
22811000144,B01,,,
22811000144,B02,,,
22811000147,B03,,,
22811000150,B03,,,
22811000153,B03,,,
22811000155,B01,,,
22811000160,B01,,,
22811000160,B02,,,
22811000160,B06,,,
22811000166,B03,,,
22811000169,B01,,,
22811000169,B02,,,
22811000175,B01,,,
22811000175,B02,,,
22811000177,B01,,,
22811000177,B02,,,
22811000177,B03,,,
22811000178,B03,,,
22811000180,B01,,,
22811000180,B03,,,
22811000181,B01,,,
22811000181,B02,,,
22811000182,B01,,,
22811000182,B02,,,
22811000186,B01,,,
22811000186,B02,,,
22811000188,B01,,,
22811000193,B01,,,
22811000193,B02,,,
22811000193,B03,,,
22811000196,B01,,,
22811000196,B03,,,
22811000197,B03,,,
22811000198,B01,,,
22811000198,B03,,,
22811000199,B03,,,
22811000202,B03,,,
22811000203,B01,,,
22811000206,B01,,,
22814000104,B03,,,
22814000104,H31,,,
22814000105,B01,,,
22814000105,B02,,,
22814000107,B01,,,
22814000107,B02,,,
22814000108,B01,,,
22814000108,B02,,,
22814000109,B01,,,
22814000109,B02,,,
22814000110,B01,,,
22814000110,B02,,,
22814000117,B03,,,
22817000200,B01,,,
22817000200,B03,,,
22817700448,B03,,,
22817700449,B03,,,
22817700474,B03,,,
22817700488,B01,,,
22817700488,B02,,,
22817700489,B01,,,
22817700489,B02,,,
22817700490,B03,,,
22817700494,B01,,,
22817700494,B02,,,
22817700497,B01,,,
22817700497,B02,,,
22817700498,B01,,,
22817700498,B02,,,
22817700499,B01,,,
22817700501,B01,,,
22817700501,B02,,,
22817700504,B01,,,
22817700504,B02,,,
22817700505,B01,,,
22817700505,B02,,,
22817700505,B05,,,
22817700508,B01,,,
22817700510,B01,,,
22817700510,B02,,,
22817700512,B01,,,
22817700513,B01,,,
22817700513,B02,,,
22817700514,B03,,,
22817700524,B01,,,
22817700524,B02,,,
22817700525,B01,,,
22817700525,B02,,,
22817700529,B01,,,
22817700529,B02,,,
22817700530,B01,,,
22817700530,B02,,,
22817700531,B01,,,
22817700531,B02,,,
22817700534,B01,,,
22817700534,B02,,,
22817700536,B01,,,
22817700536,B02,,,
22817700541,B03,,,
22817700546,B01,,,
22817700546,B02,,,
22817700547,B01,,,
22817700547,B02,,,
22817700548,B01,,,
22817700548,B02,,,
22817700549,B01,,,
22817700549,B02,,,
22817700553,B01,,,
22817700553,B02,,,
22817700560,B01,,,
22817700560,B02,,,
22817700560,B05,,,
22817700561,B06,,,
22817700562,B01,,,
22817700562,B02,,,
22817700564,B01,,,
22817700564,B03,,,
22817700566,B01,,,
22817700566,B02,,,
22817700567,B01,,,
22817700567,B03,,,
22817700571,B01,,,
22817700571,B02,,,
22817700572,B01,,,
22817700572,B02,,,
22817700573,B03,,,
22817700573,H31,,,
22817700573,H32,,,
22817700573,H33,,,
22817700574,B01,,,
22817700574,B02,,,
22817700575,B01,,,
22817700575,B02,,,
22817700580,B01,,,
22817700580,B02,,,
22817700581,B01,,,
22817700581,B02,,,
22817700583,B01,,,
22817700583,B02,,,
22817700585,B01,,,
22817700585,B02,,,
22817700589,B01,,,
22817700589,B02,,,
22817700594,B01,,,
22817700594,B02,,,
22817700600,B01,,,
22817700600,B02,,,
22817700601,B05,,,
22817700602,B01,,,
22817700605,B01,,,
22817700605,B02,,,
22817700606,B03,,,
22817700610,B01,,,
22817700610,B02,,,
22817700610,B03,,,
22817700610,B05,,,
22817700612,B01,,,
22817700614,B01,,,
22817700615,B03,,,
22817700616,B01,,,
22817700618,B01,,,
22817700618,B02,,,
22817700619,B01,,,
22817700619,B02,,,
22817700621,B01,,,
22817700621,B02,,,
22817700621,B05,,,
22817700621,B06,,,
22817700622,B01,,,
22817700622,B02,,,
22817700623,B01,,,
22817700623,B02,,,
22817700626,B01,,,
22817700626,B02,,,
22817700627,B01,,,
22817700627,B02,,,
22817700628,B01,,,
22817700628,B02,,,
22817700630,B01,,,
22817700630,B02,,,
22817700630,B05,,,
22817700631,B01,,,
22817700633,B01,,,
22817700633,B02,,,
22817700634,B03,,,
22817700635,B01,,,
22817700635,B02,,,
22817700638,B01,,,
22817700643,B01,,,
22817700643,B03,,,
22817700645,B01,,,
22817700646,B01,,,
22817700646,B02,,,
22817700648,B01,,,
22817700649,B01,,,
22817700649,B02,,,
22817700654,B01,,,
22817700654,B02,,,
22817700654,B03,,,
22817700654,H31,,,
22817700656,B01,,,
22817700656,B02,,,
22817700658,B01,,,
22817700658,B02,,,
22817700659,B01,,,
22817700659,B02,,,
22817700660,B01,,,
22817700663,B03,,,
22817700664,B03,,,
22817700666,B01,,,
22817700666,B03,,,
22817700669,B01,,,
22817700670,B01,,,
22817700670,B02,,,
22817700671,B01,,,
22817700671,B02,,,
22817700674,B01,,,
22817700676,B03,,,
22817700677,B01,,,
22817700677,B02,,,
22817700679,B01,,,
22817700679,B02,,,
22817700681,B01,,,
22817700682,B01,,,
22817700682,B02,,,
22817700683,B03,,,
22817700689,B01,,,
22817700689,B02,,,
22818500010,B01,,,
22818500190,B01,,,
22818500190,B02,,,
22818500190,B03,,,
22818500193,B01,,,
22818500193,B03,,,
22818500195,B01,,,
22818500195,B03,,,
22818500203,B01,,,
22818500203,B03,,,
22818500214,B03,,,
22818500214,H31,,,
22818500232,B01,,,
22818500232,B02,,,
22818500232,B03,,,
22818500241,B01,,,
22818500241,B02,,,
22818500243,B01,,,
22818500243,B02,,,
22818500244,B01,,,
22818500244,B02,,,
22818500246,B01,,,
22818500246,B02,,,
22818500252,B01,,,
22818500252,B02,,,
22818500256,B03,,,
22818500257,B03,,,
22818500262,B01,,,
22818500263,B01,,,
22818500263,B02,,,
22818500265,B01,,,
22818500265,B02,,,
22818500265,B03,,,
22818500268,B01,,,
22818500268,B02,,,
22818500268,B05,,,
22818500269,B03,,,
22818500270,B01,,,
22818500270,B02,,,
22818500271,B01,,,
22818500271,B02,,,
22818500276,B03,,,
22818500279,B01,,,
22818500279,B02,,,
22818500282,B01,,,
22818500282,B02,,,
22818500288,B01,,,
22818500288,B02,,,
22818500290,B03,,,
22818500291,B03,,,
22818500293,B01,,,
22818500293,B02,,,
22818500294,B01,,,
22818500294,B02,,,
22818500296,B01,,,
22818500296,B02,,,
22818500298,B01,,,
22818500300,B01,,,
22818500300,B02,,,
22818500300,B03,,,
22818500301,B03,,,
22818500302,B01,,,
22818500302,B02,,,
22818500304,B01,,,
22818500304,B02,,,
22818500305,B01,,,
22818500308,B03,,,
22818500310,B01,,,
22818500310,B02,,,
22818500311,B01,,,
22818500311,B02,,,
22818500312,B01,,,
22818500317,B01,,,
22818500317,B03,,,
22818500320,B03,,,
22818500323,B01,,,
22818500323,B02,,,
22818500326,B03,,,
22818500327,B01,,,
22818500327,B02,,,
22818500327,B03,,,
22818500329,B01,,,
22818500329,B02,,,
22818500330,B01,,,
22818500331,B03,,,
22818500332,B01,,,
22818500333,B01,,,
22818500333,B02,,,
22818500334,B03,,,
22818500334,H31,,,
22818500336,B03,,,
22820000212,B01,,,
22820000212,B02,,,
22820000472,B01,,,
22820000472,B02,,,
22820000502,B01,,,
22820000502,B02,,,
22820000625,B01,,,
22820000625,B02,,,
22820000625,B03,,,
22820000632,B01,,,
22820000632,B02,,,
22820000632,B03,,,
22820000681,B01,,,
22820000681,B02,,,
22820000687,B03,,,
22820000688,B01,,,
22820000688,B03,,,
22820000689,B03,,,
22820000693,B01,,,
22820000693,B02,,,
22820000696,B01,,,
22820000696,B02,,,
22820000698,B01,,,
22820000698,B02,,,
22820000698,B03,,,
22820000699,B01,,,
22820000699,B03,,,
22820000702,B05,,,
22820000704,B01,,,
22820000704,B03,,,
22820000705,B03,,,
22820000708,B01,,,
22820000718,B01,,,
22820000718,B02,,,
22820000719,B03,,,
22820000720,B03,,,
22820000722,B03,,,
22820000727,B01,,,
22820000727,B02,,,
22820000734,B01,,,
22820000734,B02,,,
22820000735,B01,,,
22820000735,B02,,,
22820000737,B01,,,
22820000737,B02,,,
22820000746,B01,,,
22820000746,B02,,,
22820000748,B01,,,
22820000748,B02,,,
22820000749,B01,,,
22820000749,B02,,,
22820000761,B01,,,
22820000761,B02,,,
22820000766,B01,,,
22820000766,B02,,,
22820000775,B01,,,
22820000775,B03,,,
22820000778,B01,,,
22820000778,B02,,,
22820000781,B01,,,
22820000781,B02,,,
22820000782,B01,,,
22820000782,B03,,,
22820000787,B06,,,
22820000789,B06,,,
22820000794,B03,,,
22820000795,B01,,,
22820000797,B01,,,
22820000797,B02,,,
22820000801,B01,,,
22820000801,B02,,,
22820000802,B01,,,
22820000802,B02,,,
22820000804,B03,,,
22820000809,B01,,,
22820000809,B02,,,
22820000810,B01,,,
22820000810,B02,,,
22820000817,B01,,,
22820000817,B02,,,
22820000819,B01,,,
22820000819,B02,,,
22820000821,B01,,,
22820000825,B06,,,
22820000828,B01,,,
22820000828,B03,,,
22820000829,B01,,,
22820000829,B02,,,
22820000829,B03,,,
22820000835,B01,,,
22820000835,B02,,,
22820000835,B06,,,
22820000837,B01,,,
22820000841,B01,,,
22820000841,B02,,,
22820000853,B01,,,
22820000853,B02,,,
22820000854,B01,,,
22820000854,B02,,,
22820000856,B01,,,
22820000857,B01,,,
22820000857,B02,,,
22820000858,B01,,,
22820000858,B02,,,
22820000859,B01,,,
22820000859,B02,,,
22820000866,B01,,,
22820000866,B02,,,
22820000869,B01,,,
22820000869,B03,,,
22820000870,B01,,,
22820000870,B03,,,
22820000876,B01,,,
22820000876,B02,,,
22820000881,B01,,,
22820000881,B02,,,
22820000883,B01,,,
22820000884,B01,,,
22820000884,B02,,,
22820000887,B01,,,
22820000887,B02,,,
22820000888,B01,,,
22820000888,B02,,,
22820000890,B06,,,
22820000892,B01,,,
22820000892,B02,,,
22820000893,B01,,,
22820000894,B01,,,
22820000894,B02,,,
22820000895,B01,,,
22820000895,B02,,,
22820000896,B01,,,
22820000896,B02,,,
22820000901,B01,,,
22820000901,B02,,,
22820000902,B01,,,
22820000902,B02,,,
22820000902,B05,,,
22820000903,B01,,,
22820000903,B02,,,
22820000911,B01,,,
22820000911,B02,,,
22820000912,B01,,,
22820000912,B02,,,
22820000913,B01,,,
22820000913,B02,,,
22820000913,B03,,,
22820000915,B03,,,
22820000916,B03,,,
22820000917,B03,,,
22820000920,B01,,,
22820000920,B03,,,
22820000920,B05,,,
22820000921,B01,,,
22820000921,B02,,,
22820000923,B01,,,
22820000923,B02,,,
22820000930,B04,,,
22820000931,B03,,,
22820000932,B01,,,
22820000932,B02,,,
22820000943,B01,,,
22820000948,B01,,,
22820000950,B03,,,
22820000953,B01,,,
22820000953,B02,,,
22820000953,B05,,,
22820000954,B03,,,
22820000956,B01,,,
22820000956,B02,,,
22820000957,B01,,,
22820000957,B03,,,
22820000958,B01,,,
22820000958,B02,,,
22820000960,B03,,,
22820000961,B03,,,
22820000962,B03,,,
22820000963,B03,,,
22820000968,B01,,,
22820000968,B02,,,
22820000977,B01,,,
22820000977,B02,,,
22820000977,B03,,,
22820000978,B01,,,
22820000978,B02,,,
22820000980,B01,,,
22823700039,B01,,,
22823700039,B02,,,
22823700469,B03,,,
22823700533,B01,,,
22823700569,B01,,,
22823700569,B03,,,
22823700575,B01,,,
22823700575,B02,,,
22823700575,B03,,,
22823700595,B01,,,
22823700595,B02,,,
22823700595,B03,,,
22823700596,B01,,,
22823700596,B02,,,
22823700596,B03,,,
22823700600,B01,,,
22823700600,B02,,,
22823700604,B01,,,
22823700604,B02,,,
22823700617,B01,,,
22823700617,B02,,,
22823700624,B01,,,
22823700624,B02,,,
22823700624,B03,,,
22823700624,B04,,,
22823700625,B01,,,
22823700625,B03,,,
22823700644,B01,,,
22823700644,B03,,,
22823700653,B03,,,
22823700653,H31,,,
22823700653,H32,,,
22823700655,B01,,,
22823700655,B03,,,
22823700657,B01,,,
22823700657,B02,,,
22823700661,B01,,,
22823700661,B02,,,
22823700664,B01,,,
22823700664,B02,,,
22823700667,B01,,,
22823700667,B02,,,
22823700670,B01,,,
22823700670,B02,,,
22823700672,B01,,,
22823700672,B02,,,
22823700683,B01,,,
22823700683,B02,,,
22823700685,B01,,,
22823700685,B02,,,
22823700687,B03,,,
22823700693,B01,,,
22823700693,B02,,,
22823700700,B01,,,
22823700702,B01,,,
22823700702,B02,,,
22823700706,B01,,,
22823700706,B03,,,
22823700707,B01,,,
22823700708,B01,,,
22823700708,B02,,,
22823700712,B01,,,
22823700712,B02,,,
22823700713,B01,,,
22823700716,B01,,,
22823700717,B01,,,
22823700717,B02,,,
22823700723,B01,,,
22823700723,B02,,,
22823700724,B01,,,
22823700724,B02,,,
22823700725,B06,,,
22823700727,B01,,,
22823700727,B03,,,
22823700730,B01,,,
22823700730,B02,,,
22823700731,B01,,,
22823700731,B02,,,
22823700733,B01,,,
22823700733,B02,,,
22823700734,B01,,,
22823700734,B02,,,
22823700735,B01,,,
22823700736,B01,,,
22823700739,B03,,,
22823700743,B01,,,
22823700744,B01,,,
22823700744,B02,,,
22823700745,B01,,,
22823700745,B02,,,
22823700746,B01,,,
22823700746,B02,,,
22823700749,B03,,,
22823700751,B01,,,
22823700752,B01,,,
22823700752,B02,,,
22823700752,B05,,,
22823700755,B01,,,
22823700755,B02,,,
22823700758,B01,,,
22823700758,B02,,,
22823700758,B03,,,
22823700758,B05,,,
22823700759,B01,,,
22823700759,B02,,,
22823700760,B01,,,
22823700761,B01,,,
22823700762,B01,,,
22823700762,B02,,,
22823700762,B05,,,
22823700763,B01,,,
22823700763,B02,,,
22823700764,B06,,,
22823700765,B01,,,
22823700766,B01,,,
22823700766,B02,,,
22823700768,B03,,,
22823700769,B01,,,
22823700769,B02,,,
22823700770,B01,,,
22823700772,B01,,,
22823700772,B02,,,
22823700773,B01,,,
22823700775,B01,,,
22823700775,B02,,,
22823700777,B03,,,
22823700781,B01,,,
22823700781,B02,,,
22824500084,B03,,,
22824500235,B01,,,
22824500235,B02,,,
22824500255,B03,,,
22824500263,B01,,,
22824500263,B02,,,
22824500263,B03,,,
22824500327,B01,,,
22824500327,B02,,,
22824500327,B03,,,
22824500389,B01,,,
22824500389,B02,,,
22824500389,B03,,,
22824500404,B03,,,
22824500408,B01,,,
22824500408,B02,,,
22824500420,B03,,,
22824500420,H31,,,
22824500422,B01,,,
22824500422,B02,,,
22824500423,B01,,,
22824500423,B02,,,
22824500425,B01,,,
22824500425,B02,,,
22824500426,B01,,,
22824500426,B02,,,
22824500430,B01,,,
22824500430,B02,,,
22824500435,B01,,,
22824500435,B03,,,
22824500454,B01,,,
22824500454,B02,,,
22824500455,B01,,,
22824500455,B02,,,
22824500460,B01,,,
22824500461,B01,,,
22824500461,B02,,,
22824500463,B01,,,
22824500463,B02,,,
22824500470,B01,,,
22824500470,B02,,,
22824500476,B01,,,
22824500476,B02,,,
22824500478,B01,,,
22824500478,B02,,,
22824500479,B01,,,
22824500479,B02,,,
22824500482,B01,,,
22824500482,B02,,,
22824500487,B01,,,
22824500487,B03,,,
22824500490,B01,,,
22824500490,B02,,,
22824500493,B01,,,
22824500493,B02,,,
22824500493,B06,,,
22824500497,B01,,,
22824500497,B02,,,
22824500501,B06,,,
22824500504,B01,,,
22824500505,B01,,,
22824500506,B03,,,
22824500512,B03,,,
22824500516,B01,,,
22824500516,B02,,,
22824500518,B01,,,
22824500518,B03,,,
22824500525,B03,,,
22824500526,B03,,,
22824500526,H31,,,
22824500531,B01,,,
22824500535,B01,,,
22824500536,B01,,,
22824500536,B02,,,
22824500537,B01,,,
22824500537,B02,,,
22824500538,B01,,,
22824500538,B02,,,
22824500540,B01,,,
22824500542,B01,,,
22824500545,B03,,,
22824500546,B01,,,
22824500546,B02,,,
22824500551,B01,,,
22824500551,B02,,,
22824500553,B01,,,
22824500554,B01,,,
22824500556,B01,,,
22824500556,B02,,,
22824500557,B01,,,
22824500557,B02,,,
22824500563,B03,,,
22824500572,B01,,,
22824500572,B02,,,
22824500573,B01,,,
22824500576,B01,,,
22824500576,B03,,,
22824500578,B03,,,
22824500583,B03,,,
22826000013,B01,,,
22826000013,B02,,,
22826000152,B03,,,
22826000152,H31,,,
22826000195,B01,,,
22826000195,B02,,,
22826000316,B01,,,
22826000316,B02,,,
22826000319,B01,,,
22826000319,B03,,,
22826000354,B01,,,
22826000354,B02,,,
22826000363,B03,,,
22826000366,B01,,,
22826000366,B02,,,
22826000366,B03,,,
22826000366,H31,,,
22826000366,H32,,,
22826000370,B01,,,
22826000378,B01,,,
22826000378,B02,,,
22826000393,B01,,,
22826000393,B02,,,
22826000399,B01,,,
22826000399,B02,,,
22826000410,B03,,,
22826000422,B01,,,
22826000422,B03,,,
22826000423,B03,,,
22826000424,B03,,,
22826000430,B01,,,
22826000430,B02,,,
22826000440,B01,,,
22826000440,B03,,,
22826000449,B01,,,
22826000449,B02,,,
22826000452,B01,,,
22826000452,B03,,,
22826000467,B03,,,
22826000473,B01,,,
22826000473,B03,,,
22826000474,B01,,,
22826000474,B02,,,
22826000477,B01,,,
22826000477,B02,,,
22826000477,B03,,,
22826000484,B01,,,
22826000484,B02,,,
22826000484,B03,,,
22826000488,B01,,,
22826000488,B02,,,
22826000490,B01,,,
22826000490,B02,,,
22826000492,B01,,,
22826000492,B03,,,
22826000492,H31,,,
22826000493,B01,,,
22826000493,B03,,,
22826000495,B01,,,
22826000495,B02,,,
22826000497,B01,,,
22826000497,B02,,,
22826000498,B01,,,
22826000498,B02,,,
22826000498,B03,,,
22826000510,H31,,,
22826000510,H32,,,
22826000514,B01,,,
22826000514,B02,,,
22826000515,B03,,,
22826000519,B01,,,
22826000519,B02,,,
22826000520,B01,,,
22826000520,B02,,,
22826000521,B01,,,
22826000522,B01,,,
22826000522,B02,,,
22826000522,B03,,,
22826000534,B01,,,
22826000534,B02,,,
22826000537,B01,,,
22826000537,B02,,,
22826000540,B01,,,
22826000542,B01,,,
22826000542,B02,,,
22826000544,B01,,,
22826000544,B02,,,
22826000546,B01,,,
22826000546,B02,,,
22826000548,B03,,,
22826000548,H31,,,
22826000549,B01,,,
22826000549,B02,,,
22826000554,B03,,,
22826000564,B01,,,
22826000564,B02,,,
22826000568,B01,,,
22826000568,B03,,,
22826000570,B03,,,
22826000594,B03,,,
22826000597,B01,,,
22826000599,B01,,,
22826000599,B02,,,
22826000613,B01,,,
22826000613,B02,,,
22826000618,B03,,,
22826000619,B03,,,
22826000628,B01,,,
22826000628,B02,,,
22826000631,B03,,,
22826000633,B01,,,
22826000633,B02,,,
22826000633,B03,,,
22826000634,B01,,,
22826000635,B01,,,
22826000635,B02,,,
22826000644,B01,,,
22826000644,B02,,,
22826000648,B01,,,
22826000648,B02,,,
22826000650,B01,,,
22826000656,B01,,,
22826000656,B02,,,
22826000656,B03,,,
22826000657,B01,,,
22826000658,B03,,,
22826000659,B03,,,
22826000660,B03,,,
22826000663,B01,,,
22826000663,B02,,,
22826000664,B05,,,
22826000670,B01,,,
22826000672,B03,,,
22826000676,B01,,,
22826000676,B02,,,
22826000679,B01,,,
22826000679,B02,,,
22826000680,B01,,,
22826000680,B02,,,
22826000682,B01,,,
22826000682,B02,,,
22826000691,B01,,,
22826000691,B02,,,
22826000694,B01,,,
22826000694,B03,,,
22826000696,B01,,,
22826000696,B02,,,
22826000699,B01,,,
22826000699,B02,,,
22826000700,B01,,,
22826000700,B02,,,
22826000701,B01,,,
22826000703,B03,,,
22826000704,B01,,,
22826000704,B02,,,
22826000706,B03,,,
22826000707,B01,,,
22826000707,B02,,,
22826000709,B01,,,
22826000710,B01,,,
22826000710,B02,,,
22826000712,B01,,,
22826000717,B01,,,
22826000717,B02,,,
22826000718,B03,,,
22826000721,B01,,,
22826000722,B03,,,
22826000723,B01,,,
22826000727,B03,,,
22826000737,B01,,,
22826000741,B02,,,
22826000741,B03,,,
22826000742,B01,,,
22826000742,B02,,,
22826000743,B01,,,
22826000745,B05,,,
22826000748,B01,,,
22826000752,B01,,,
22826000752,B02,,,
22826000754,B01,,,
22826000754,B02,,,
22826000756,B01,,,
22826000758,B01,,,
22826000758,B02,,,
22826000760,B01,,,
22826000760,B02,,,
22826000761,B01,,,
22826000761,B02,,,
22826000770,B01,,,
22826000770,B02,,,
22826000770,B05,,,
22871000014,B03,,,
22871000131,B03,,,
22871000151,B03,,,
22871000152,B01,,,
22871000152,B02,,,
22871000153,B01,,,
22871000153,B02,,,
22871000154,B01,,,
22871000154,B02,,,
22871000154,H31,,,
22871000162,B01,,,
22871000162,B02,,,
22871000163,B01,,,
22871000163,B02,,,
22871000165,B01,,,
22871000165,B02,,,
22871000165,B03,,,
22871000169,B01,,,
22871000169,B02,,,
22871000170,B01,,,
22871000170,B02,,,
22872000010,B01,,,
22872000010,B03,,,
22872000014,B01,,,
22872000017,B03,,,
22872000021,B03,,,
22872000023,B03,,,
22872000025,B03,,,
22911000007,B01,,,
22911000009,B01,,,
22911000009,B02,,,
22911000009,B03,,,
22911000014,B01,,,
22911000014,B03,,,
22911000048,B01,,,
22911000048,B02,,,
22911000048,B03,,,
22911000051,B01,,,
22911000051,B02,,,
22911000051,B03,,,
22911000287,B01,,,
22911000308,B01,,,
22911000312,B01,,,
22911000312,B02,,,
22911000326,B01,,,
22911000326,B02,,,
22911000327,B01,,,
22911000327,B03,,,
22911000328,B01,,,
22911000329,B01,,,
22911000330,B01,,,
22911000334,B03,,,
22911000335,B01,,,
22911000336,B01,,,
22911000339,B01,,,
22911000339,B02,,,
22911000340,B03,,,
22911000341,B01,,,
22911000341,B02,,,
22911000344,B01,,,
22911000344,B02,,,
22911000345,B01,,,
22911000346,B03,,,
22911000347,B01,,,
22911000349,B01,,,
22911000349,B05,,,
22911000352,B01,,,
22911000352,B03,,,
22911000353,B01,,,
22911000355,B01,,,
22911000355,B02,,,
22911000356,B01,,,
22911000356,B02,,,
22911000357,B01,,,
22911000357,B02,,,
22911000357,B03,,,
22914000019,B03,,,
22914000042,B01,,,
22914000042,B02,,,
22914000042,B03,,,
22914000079,B01,,,
22914000079,B02,,,
22914000093,B01,,,
22914000093,B02,,,
22914000093,B03,,,
22914000135,B01,,,
22914000135,B02,,,
22914000135,B03,,,
22914000261,B01,,,
22914000261,B03,,,
22914000265,B01,,,
22914000265,B02,,,
22914000280,B01,,,
22914000280,B02,,,
22914000280,B03,,,
22914000287,B01,,,
22914000287,B02,,,
22914000371,B01,,,
22914000371,B02,,,
22914000388,B01,,,
22914000388,B03,,,
22914000389,B01,,,
22914000389,B02,,,
22914000389,B03,,,
22914000454,B01,,,
22914000454,B02,,,
22914000456,B02,,,
22914000459,B01,,,
22914000460,B01,,,
22914000460,B02,,,
22914000463,B01,,,
22914000463,B02,,,
22914000463,B05,,,
22914000465,B01,,,
22914000467,B01,,,
22914000468,B01,,,
22914000469,B01,,,
22914000470,B01,,,
22914000470,B02,,,
22914000471,B01,,,
22914000471,B02,,,
22914000471,B05,,,
22914000472,B01,,,
22914000476,B01,,,
22914000477,B01,,,
22914000477,B03,,,
22914000478,B01,,,
22914000479,B01,,,
22914000480,B01,,,
22914000480,B02,,,
22914000481,B01,,,
22914000482,B01,,,
22914000483,B01,,,
22914000485,B03,,,
22914000486,B01,,,
22914000486,B03,,,
22914000488,B01,,,
22914000490,B01,,,
22914000491,B01,,,
22914000491,B02,,,
22914000492,B01,,,
22914000493,B01,,,
22914000493,B02,,,
22914000495,B03,,,
22914000496,B06,,,
22914000497,B01,,,
22914000497,B02,,,
22914000498,B01,,,
22914000498,B02,,,
22914000499,B03,,,
22914000500,B01,,,
22914000500,B02,,,
22914000500,B03,,,
22914000502,B01,,,
22914000502,B02,,,
22914000503,B01,,,
22914000506,B01,,,
22914000508,B06,,,
22914000510,B01,,,
22914000510,B02,,,
22914000510,B03,,,
22914000514,B01,,,
22914000514,B02,,,
22914000515,B01,,,
22914000515,B02,,,
22914000518,B01,,,
22914000518,B05,,,
22914000519,B01,,,
22914000520,B01,,,
22914000520,B02,,,
22914000523,B01,,,
22914000523,B02,,,
22914000525,B01,,,
22914000527,B01,,,
22914000528,B01,,,
22914000529,B01,,,
22914000531,B01,,,
22914000531,B03,,,
22914000533,B05,,,
22914000535,B01,,,
22914000536,B01,,,
22914000536,B02,,,
22914000536,B03,,,
22914000540,B01,,,
22914000546,B01,,,
22914000546,B03,,,
22914000548,B01,,,
22915500001,B03,,,
22915500005,B03,,,
22915500012,B03,,,
22915500033,B03,,,
22915500048,B03,,,
22915500115,B01,,,
22915500115,B02,,,
22915500115,B03,,,
22915500115,H31,,,
22915500117,B01,,,
22915500117,B02,,,
22915500117,B03,,,
22915500123,B01,,,
22915500135,B01,,,
22915500135,B02,,,
22915500135,B03,,,
22915500158,B01,,,
22915500173,B01,,,
22915500189,B01,,,
22915500189,B02,,,
22915500190,B01,,,
22915500210,B01,,,
22915500217,B01,,,
22915500261,B01,,,
22915500261,B02,,,
22915500261,B03,,,
22915500261,B05,,,
22915500267,B01,,,
22915500267,B02,,,
22915500282,B01,,,
22915500282,B02,,,
22915500311,B01,,,
22915500320,B01,,,
22915500320,B03,,,
22915500325,B01,,,
22915500325,B03,,,
22915500326,B01,,,
22915500327,B01,,,
22915500328,B01,,,
22915500329,B01,,,
22915500329,B03,,,
22915500330,B01,,,
22915500332,B01,,,
22915500332,B05,,,
22915500333,B03,,,
22915500334,B01,,,
22915500334,B03,,,
22915500335,B01,,,
22915500338,B01,,,
22915500338,B02,,,
22915500338,B03,,,
22915500339,B01,,,
22915500341,B01,,,
22915500342,B01,,,
22915500342,B02,,,
22915500344,B01,,,
22915500345,B01,,,
22915500345,B02,,,
22915500349,B01,,,
22915500350,B01,,,
22915500351,B01,,,
22915500351,B02,,,
22915500353,B01,,,
22915500353,B03,,,
22915500354,B01,,,
22915500355,B01,,,
22915500356,B01,,,
22915500357,B01,,,
22915500357,B02,,,
22915500358,B01,,,
22915500358,B06,,,
22915500360,B01,,,
22915500361,B06,,,
22915500362,B01,,,
22915500364,B01,,,
22915500365,B01,,,
22915500366,B01,,,
22915500366,B02,,,
22915500366,B03,,,
22915500368,B01,,,
22915500368,B02,,,
22915500369,B05,,,
22915500370,B01,,,
22915500370,B02,,,
22915500371,B03,,,
22915500374,B01,,,
22915500374,B03,,,
22915500376,B01,,,
22915500376,B02,,,
22915500379,B01,,,
22915500379,B05,,,
22915500380,B01,,,
22915500380,B02,,,
22915500382,B01,,,
22915500382,B02,,,
22915500386,B01,,,
22915500386,B02,,,
22915500386,B03,,,
22915500387,B01,,,
22915500387,B02,,,
22915500388,B01,,,
22915500389,B01,,,
22915500389,B02,,,
22915500390,B01,,,
22915500390,B02,,,
22915500392,B01,,,
22915500392,B03,,,
22915500392,B05,,,
22915500393,B01,,,
22915500396,B01,,,
22915500397,B01,,,
22915500398,B05,,,
22915500399,B01,,,
22915500399,B02,,,
22915500399,B05,,,
22915500400,B01,,,
22915500401,B01,,,
22915500401,B06,,,
22915500403,B01,,,
22915500403,B02,,,
22915500403,B03,,,
22915500407,B01,,,
22915500407,B02,,,
22915500407,B03,,,
22915500407,B05,,,
22915500410,B01,,,
22915500413,B01,,,
22915500413,B02,,,
22917000028,B01,,,
22917000028,B02,,,
22917000302,B01,,,
22917000302,B02,,,
22917000324,B01,,,
22917000324,B03,,,
22917000344,B01,,,
22917000344,B02,,,
22917000352,B03,,,
22917000384,B01,,,
22917000384,B02,,,
22917000401,B01,,,
22917000401,B03,,,
22917000414,B01,,,
22917000414,B02,,,
22917000414,B03,,,
22917000424,B01,,,
22917000424,B03,,,
22917000442,B01,,,
22917000442,B02,,,
22917000445,B01,,,
22917000445,B03,,,
22917000481,B03,,,
22917000486,B03,,,
22917000495,B01,,,
22917000495,B02,,,
22917000495,B03,,,
22917000525,B02,,,
22917000525,B03,,,
22917000555,B03,,,
22917000560,B01,,,
22917000560,B02,,,
22917000565,B01,,,
22917000565,B02,,,
22917000565,B03,,,
22917000601,B01,,,
22917000601,B02,,,
22917000601,B03,,,
22917000613,B01,,,
22917000613,B02,,,
22917000629,B03,,,
22917000632,B01,,,
22917000632,B03,,,
22917000634,B01,,,
22917000634,B03,,,
22917000635,B01,,,
22917000635,B02,,,
22917000636,B01,,,
22917000636,B02,,,
22917000636,B03,,,
22917000637,B01,,,
22917000637,B02,,,
22917000641,B03,,,
22917000642,B03,,,
22917000643,B01,,,
22917000645,B03,,,
22917000646,B01,,,
22917000651,B01,,,
22917000651,B02,,,
22917000651,B03,,,
22917000653,B01,,,
22917000653,B02,,,
22917000658,B01,,,
22917000658,B03,,,
22917000659,B01,,,
22917000659,B02,,,
22917000660,B01,,,
22917000660,B03,,,
22917000661,B01,,,
22917000661,B02,,,
22917000661,B05,,,
22917000663,B06,,,
22917000664,B01,,,
22917000664,B03,,,
22917000665,B01,,,
22917000665,B03,,,
22917000666,B01,,,
22917000666,B02,,,
22917000666,B03,,,
22917000666,H31,,,
22917000670,B01,,,
22917000671,B01,,,
22917000671,B05,,,
22917000672,B01,,,
22917000674,B01,,,
22917000674,B02,,,
22917000674,B03,,,
22917000675,B01,,,
22917000675,B03,,,
22917000677,B01,,,
22917000677,B02,,,
22917000683,B06,,,
22917000684,B01,,,
22917000684,B02,,,
22917000685,B01,,,
22917000688,B01,,,
22917000688,B03,,,
22917000689,B01,,,
22917000689,B02,,,
22917000689,B03,,,
22917000691,B01,,,
22917000691,B02,,,
22917000691,B03,,,
22917000693,B01,,,
22917000696,B01,,,
22917000698,B01,,,
22917000698,B03,,,
22917000698,B05,,,
22917000700,B01,,,
22917000700,B02,,,
22917000703,B01,,,
22917000703,B03,,,
22917000704,B01,,,
22917000704,B02,,,
22917000705,B01,,,
22917000708,B01,,,
22917000708,B02,,,
22917000709,B01,,,
22917000709,B02,,,
22917000712,B01,,,
22917000712,B03,,,
22917000714,B03,,,
22917000715,B01,,,
22917000715,B02,,,
22917000716,B03,,,
22917000718,B01,,,
22917000718,B02,,,
22917000719,B01,,,
22917000719,B02,,,
22917000720,B01,,,
22917000722,B01,,,
22917000722,B03,,,
22917000723,B01,,,
22917000723,B02,,,
22917000723,B03,,,
22917000730,B01,,,
22917000732,B01,,,
22917000732,B02,,,
22917000733,B01,,,
22917000737,B01,,,
22917000737,B02,,,
22917000737,B03,,,
22917000738,B01,,,
22917000738,B02,,,
22917000739,B06,,,
22917000741,B03,,,
22917000742,B03,,,
22917000743,B01,,,
22917000743,B02,,,
22917000744,B01,,,
22917000744,B02,,,
22917000747,B01,,,
22917000747,B02,,,
22917000749,B01,,,
22917000751,B01,,,
22917000751,B02,,,
22917000751,B03,,,
22917000753,B01,,,
22917000753,B02,,,
22917000756,B01,,,
22917000756,B02,,,
22917000760,B01,,,
22917000762,B01,,,
22917000762,B02,,,
22917000763,B01,,,
22917000763,B02,,,
22917000764,B01,,,
22917000764,B03,,,
22917000766,B01,,,
22917000766,B02,,,
22917000768,B01,,,
22917000771,B01,,,
22917000771,B02,,,
22917000776,B03,,,
22917000777,B05,,,
22917000781,B01,,,
22917000782,B01,,,
22917000782,B02,,,
22917000783,B01,,,
22917000783,B02,,,
22917000784,B01,,,
22917000786,B03,,,
22917000790,B01,,,
22917000790,B02,,,
22917000791,B01,,,
22917000791,B02,,,
22917000792,B01,,,
22917000792,B02,,,
22917000797,B01,,,
22917000797,B02,,,
22917000798,B01,,,
22917000798,B02,,,
22917000800,B06,,,
22917000801,B01,,,
22917000803,B01,,,
22917000803,B02,,,
22917000803,B03,,,
22920000002,B01,,,
22920000007,B03,,,
22920000022,B01,,,
22920000022,B02,,,
22920000022,B03,,,
22920000117,B01,,,
22920000139,B01,,,
22920000139,B02,,,
22920000139,B03,,,
22920000174,B03,,,
22920000197,B03,,,
22920000206,B03,,,
22920000250,B01,,,
22920000250,B02,,,
22920000270,B01,,,
22920000274,B01,,,
22920000275,B01,,,
22920000275,B02,,,
22920000277,B01,,,
22920000277,B03,,,
22920000281,B01,,,
22920000281,B02,,,
22920000281,B03,,,
22920000295,B01,,,
22920000295,B02,,,
22920000295,B03,,,
22920000309,B01,,,
22920000309,B02,,,
22920000320,B01,,,
22920000320,B03,,,
22920000322,B01,,,
22920000322,B02,,,
22920000322,B03,,,
22920000323,B01,,,
22920000323,B03,,,
22920000329,B01,,,
22920000330,B01,,,
22920000334,B01,,,
22920000334,B03,,,
22920000336,B01,,,
22920000336,B02,,,
22920000339,B01,,,
22920000339,B02,,,
22920000339,B03,,,
22920000343,B01,,,
22920000343,B02,,,
22920000348,B01,,,
22920000348,B03,,,
22920000350,B01,,,
22920000350,B02,,,
22920000364,B01,,,
22920000364,B02,,,
22920000374,B03,,,
22920000383,B01,,,
22920000383,B03,,,
22920000384,B03,,,
22920000385,B03,,,
22920000391,B01,,,
22920000393,B03,,,
22920000395,B01,,,
22920000395,B03,,,
22920000399,B01,,,
22920000399,B03,,,
22920000402,B01,,,
22920000402,B02,,,
22920000406,B01,,,
22920000407,B01,,,
22920000407,B02,,,
22920000407,B03,,,
22920000409,B06,,,
22920000411,B01,,,
22920000417,B01,,,
22920000417,B02,,,
22920000417,B05,,,
22920000418,B01,,,
22920000418,B03,,,
22920000419,B01,,,
22920000420,B01,,,
22920000422,B01,,,
22920000422,B02,,,
22920000427,B01,,,
22920000427,B05,,,
22920000432,B01,,,
22920000432,B02,,,
22920000433,B01,,,
22920000437,B01,,,
22920000439,B03,,,
22920000440,B01,,,
22920000445,B01,,,
22920000446,B01,,,
22920000446,B02,,,
22920000447,B01,,,
22920000447,B02,,,
22920000447,B03,,,
22920000449,B01,,,
22920000450,B01,,,
22920000451,B01,,,
22920000451,B02,,,
22920000453,B01,,,
22920000454,B01,,,
22920000454,B02,,,
22920000456,B03,,,
22920000457,B01,,,
22920000457,B03,,,
22920000459,B01,,,
22920000459,B02,,,
22920000461,B01,,,
22920000463,B03,,,
22920000464,B01,,,
22920000465,B01,,,
22920000465,B02,,,
22920000469,B01,,,
22920000469,B02,,,
22920000470,B01,,,
22920000473,B03,,,
22920000475,B01,,,
22920000475,B02,,,
22920000476,B01,,,
22920000476,B02,,,
22920000480,B01,,,
22920000480,B02,,,
22920000483,B01,,,
22920000484,B01,,,
22920000487,B01,,,
22920000490,B01,,,
22920000490,B02,,,
22920000493,B01,,,
22920000493,B02,,,
22920000494,B01,,,
22920000495,B06,,,
22920000496,B01,,,
22920000497,B03,,,
22920000499,B03,,,
22920000501,B01,,,
22920000501,B02,,,
22920000502,B01,,,
22920000502,B03,,,
22920000503,B03,,,
22920000504,B01,,,
22920000505,B01,,,
22920000505,B03,,,
23011000007,B01,,,
23011000007,B03,,,
23011000008,B03,,,
23011000151,B01,,,
23011000151,B02,,,
23011000151,B03,,,
23011000185,B01,,,
23011000185,B02,,,
23011000185,B03,,,
23011000233,B03,,,
23011000295,B01,,,
23011000295,B03,,,
23011000307,B03,,,
23011000318,B01,,,
23011000318,B02,,,
23011000318,B03,,,
23011000335,B01,,,
23011000335,B02,,,
23011000335,B03,,,
23011000351,B03,,,
23011000353,B01,,,
23011000353,B02,,,
23011000353,B03,,,
23011000354,B01,,,
23011000354,B02,,,
23011000356,B01,,,
23011000356,B02,,,
23011000357,B03,,,
23011000360,B01,,,
23011000360,B02,,,
23011000362,B03,,,
23011000364,B01,,,
23011000364,B02,,,
23011000365,B01,,,
23011000365,B03,,,
23011000369,B01,,,
23011000369,B02,,,
23011000372,B03,,,
23011000374,B06,,,
23011000377,B01,,,
23011000380,B01,,,
23011000380,B02,,,
23011000383,B03,,,
23011000386,B01,,,
23011000386,B03,,,
23011000387,B03,,,
23011000392,B01,,,
23011000392,B03,,,
23011000394,B01,,,
23011000394,B02,,,
23011000394,B03,,,
23011000396,B01,,,
23011000396,B03,,,
23011000399,B01,,,
23011000401,B03,,,
23011000403,B01,,,
23011000403,B02,,,
23011000404,B03,,,
23011000405,B01,,,
23011000405,B02,,,
23011000406,B01,,,
23011000408,B01,,,
23011000408,B02,,,
23011000411,B01,,,
23011000411,B02,,,
23011000412,B06,,,
23011000413,B03,,,
23011000414,B01,,,
23011000414,B02,,,
23011000415,B01,,,
23011000415,B02,,,
23011000417,B01,,,
23011000417,B02,,,
23011000420,B01,,,
23011000420,B02,,,
23011000421,B01,,,
23011000421,B03,,,
23011000422,B01,,,
23011000422,B03,,,
23011000424,B01,,,
23011000426,B01,,,
23011000426,B02,,,
23011000427,B01,,,
23014000009,B01,,,
23014000009,B02,,,
23014000009,B03,,,
23014000031,B01,,,
23014000220,B01,,,
23014000220,B02,,,
23014000250,B01,,,
23014000250,B02,,,
23014000271,B01,,,
23014000271,B02,,,
23014000432,B01,,,
23014000432,B02,,,
23014000432,B03,,,
23014000444,B03,,,
23014000448,B03,,,
23014000479,B03,,,
23014000510,B01,,,
23014000510,B02,,,
23014000512,B01,,,
23014000512,B02,,,
23014000515,B03,,,
23014000532,B01,,,
23014000532,B02,,,
23014000536,B01,,,
23014000536,B02,,,
23014000537,B01,,,
23014000537,B02,,,
23014000539,B03,,,
23014000540,B03,,,
23014000542,B01,,,
23014000542,B02,,,
23014000543,B01,,,
23014000543,B02,,,
23014000548,B03,,,
23014000551,B01,,,
23014000551,B02,,,
23014000551,B03,,,
23014000554,B01,,,
23014000554,B02,,,
23014000560,B03,,,
23014000569,B01,,,
23014000569,B03,,,
23014000572,B01,,,
23014000572,B02,,,
23014000575,B01,,,
23014000575,B02,,,
23014000577,B01,,,
23014000579,B01,,,
23014000579,B02,,,
23014000579,B03,,,
23014000581,B01,,,
23014000582,B01,,,
23014000582,B02,,,
23014000582,B03,,,
23014000584,B03,,,
23014000586,B03,,,
23014000587,B01,,,
23014000587,B02,,,
23014000590,B03,,,
23014000592,B01,,,
23014000592,B02,,,
23014000593,B01,,,
23014000593,B02,,,
23014000595,B01,,,
23014000596,B01,,,
23014000596,B02,,,
23014000598,B01,,,
23014000603,B01,,,
23014000603,B02,,,
23014000604,B01,,,
23014000604,B02,,,
23014000606,B01,,,
23014000606,B03,,,
23014000607,B01,,,
23014000607,B02,,,
23014000607,B03,,,
23014000609,B01,,,
23014000611,B01,,,
23014000611,B02,,,
23014000612,B01,,,
23014000614,B01,,,
23014000614,B02,,,
23014000616,B01,,,
23014000616,B02,,,
23014000616,B03,,,
23014000618,B01,,,
23014000618,B02,,,
23014000619,B01,,,
23014000619,B02,,,
23014000621,B01,,,
23014000622,B06,,,
23014000623,B01,,,
23014000623,B02,,,
23014000626,B06,,,
23014000627,B01,,,
23014000627,B02,,,
23014000628,B01,,,
23014000628,B02,,,
23014000629,B01,,,
23014000629,B02,,,
23014000634,B01,,,
23017000172,B03,,,
23017000240,B03,,,
23017000249,B01,,,
23017000249,B03,,,
23017000292,B03,,,
23017000292,H31,,,
23017000323,B01,,,
23017000323,B03,,,
23017000327,B01,,,
23017000327,B03,,,
23017000329,B03,,,
23017000361,B03,,,
23017000387,B01,,,
23017000387,B02,,,
23017000387,B03,,,
23017000394,B01,,,
23017000394,B03,,,
23017000407,B01,,,
23017000407,B03,,,
23017000417,B01,,,
23017000417,B02,,,
23017000417,B03,,,
23017000437,B03,,,
23017000438,B01,,,
23017000438,B03,,,
23017000439,B03,,,
23017000455,B01,,,
23017000455,B02,,,
23017000458,B01,,,
23017000458,B03,,,
23017000464,B01,,,
23017000464,B03,,,
23017000484,B03,,,
23017000493,B03,,,
23017000496,B01,,,
23017000497,B01,,,
23017000497,B02,,,
23017000500,B01,,,
23017000500,B05,,,
23017000501,B01,,,
23017000501,B02,,,
23017000502,B01,,,
23017000502,B02,,,
23017000502,B03,,,
23017000505,B03,,,
23017000507,B01,,,
23017000507,B02,,,
23017000507,B05,,,
23017000508,B01,,,
23017000508,B02,,,
23017000508,B03,,,
23017000509,B06,,,
23017000510,B03,,,
23017000512,B01,,,
23017000512,B02,,,
23017000513,B01,,,
23017000515,B01,,,
23017000515,B03,,,
23017000521,B01,,,
23017000521,B03,,,
23017000522,B01,,,
23017000522,B03,,,
23017000525,B01,,,
23017000525,B05,,,
23017000527,B01,,,
23017000527,B02,,,
23017000528,B01,,,
23017000528,B02,,,
23017000529,B01,,,
23017000529,B02,,,
23017000530,B01,,,
23017000530,B02,,,
23017000530,B03,,,
23017000531,B01,,,
23017000531,B02,,,
23017000532,B01,,,
23017000534,B03,,,
23017000536,B03,,,
23017000538,B01,,,
23017000538,B02,,,
23017000539,B01,,,
23017000539,B03,,,
23017000543,B01,,,
23017000543,B02,,,
23017000544,B01,,,
23017000550,B01,,,
23017000550,B02,,,
23017000552,B05,,,
23017000553,B01,,,
23017000553,B02,,,
23017000555,B01,,,
23017000555,B02,,,
23017000557,B01,,,
23017000557,B02,,,
23017000558,B01,,,
23017000558,B02,,,
23017000559,B01,,,
23017000559,B02,,,
23017000560,B01,,,
23017000560,B02,,,
23017000560,B05,,,
23017000562,B01,,,
23017000563,B01,,,
23017000563,B02,,,
23017000566,B01,,,
23017000566,B02,,,
23017000569,B01,,,
23017000570,B01,,,
23017000570,B03,,,
23017000571,B01,,,
23017000573,B01,,,
23017000573,B03,,,
23017000574,B01,,,
23017000574,B02,,,
23017000575,B01,,,
23017000575,B02,,,
23017000576,B03,,,
23017000577,B01,,,
23017000580,B01,,,
23017000580,B03,,,
23017000581,B01,,,
23017000581,B02,,,
23017000581,B03,,,
23017000584,B03,,,
23017000584,H31,,,
23017000586,B03,,,
23017000588,B01,,,
23017000589,B01,,,
23017000589,B02,,,
23017000593,B01,,,
23017000593,B03,,,
23017000594,B01,,,
23017000594,B02,,,
23017000595,B01,,,
23017000596,B01,,,
23017000597,B01,,,
23017000599,B01,,,
23017000602,B01,,,
23017000602,B02,,,
23017000602,B03,,,
23017000604,B01,,,
23017000607,B01,,,
23017000607,B02,,,
23017000608,B01,,,
23017000608,B02,,,
23017000609,B01,,,
23017000609,B06,,,
23017000611,B03,,,
23017000612,B01,,,
23017000614,B01,,,
23017000614,B02,,,
23020000027,B03,,,
23020000144,B03,,,
23020000144,H31,,,
23020000333,B03,,,
23020000356,B03,,,
23020000358,B01,,,
23020000358,B03,,,
23020000359,B01,,,
23020000359,B02,,,
23020000377,B01,,,
23020000377,B02,,,
23020000377,B03,,,
23020000379,B01,,,
23020000379,B02,,,
23020000379,B03,,,
23020000388,B01,,,
23020000388,B02,,,
23020000388,B03,,,
23020000392,B01,,,
23020000397,B01,,,
23020000397,B02,,,
23020000397,B05,,,
23020000401,B02,,,
23020000402,B03,,,
23020000404,B03,,,
23020000405,B01,,,
23020000405,B02,,,
23020000406,B01,,,
23020000406,B03,,,
23020000409,B03,,,
23020000410,B01,,,
23020000410,B05,,,
23020000413,B01,,,
23020000413,B03,,,
23020000416,B01,,,
23020000416,B02,,,
23020000417,B01,,,
23020000418,B01,,,
23020000418,B05,,,
23020000420,B01,,,
23020000420,B02,,,
23020000423,B01,,,
23020000423,B02,,,
23020000425,B01,,,
23020000425,B02,,,
23020000425,B05,,,
23020000426,B03,,,
23020000428,B01,,,
23020000428,B02,,,
23020000429,B01,,,
23020000429,B03,,,
23020000430,B01,,,
23020000430,B05,,,
23020000432,B01,,,
23020000432,B02,,,
23020000432,B05,,,
23020000433,B01,,,
23020000433,B02,,,
23020000434,B01,,,
23020000434,B02,,,
23020000438,B01,,,
23020000438,B02,,,
23020000439,B01,,,
23020000439,B02,,,
23020000440,B03,,,
23020000441,B03,,,
23020000443,B01,,,
23020000445,B01,,,
23020000445,B05,,,
23020000447,B01,,,
23020000450,B03,,,
23020000452,B01,,,
23020000452,B02,,,
23020000453,B01,,,
23020000453,B03,,,
23020000455,B01,,,
23020000455,B03,,,
23020000459,B01,,,
23020000459,B02,,,
23020000459,B03,,,
23020000462,B01,,,
23020000462,B02,,,
23020000462,B05,,,
23020000464,B01,,,
23020000464,B03,,,
23020000465,B03,,,
23020000468,B01,,,
23020000469,B01,,,
23020000470,B01,,,
23020000470,B05,,,
23023000008,B03,,,
23023000101,B01,,,
23023000101,B02,,,
23023000101,B03,,,
23023000108,B01,,,
23023000108,B02,,,
23023000117,B01,,,
23023000117,B02,,,
23023000118,B01,,,
23023000120,B01,,,
23023000120,B02,,,
23023000120,B03,,,
23023000153,B01,,,
23023000153,B02,,,
23023000153,B03,,,
23023000153,H31,,,
23023000178,B01,,,
23023000178,B03,,,
23023000183,B03,,,
23023000191,B01,,,
23023000191,B02,,,
23023000191,B03,,,
23023000206,B01,,,
23023000206,B02,,,
23023000209,B01,,,
23023000219,B01,,,
23023000219,B02,,,
23023000222,B01,,,
23023000222,B03,,,
23023000223,B01,,,
23023000226,B03,,,
23023000227,B01,,,
23023000227,B02,,,
23023000229,B03,,,
23023000231,B01,,,
23023000231,B02,,,
23023000233,B01,,,
23023000234,B03,,,
23023000236,B01,,,
23023000236,B05,,,
23023000237,B01,,,
23023000237,B02,,,
23023000237,B03,,,
23023000239,B01,,,
23023000239,B02,,,
23023000239,B03,,,
23023000240,B01,,,
23023000241,B01,,,
23023000241,B02,,,
23023000242,B01,,,
23023000242,B02,,,
23023000243,B01,,,
23023000250,B03,,,
23023000251,B03,,,
23023000252,B01,,,
23023000252,B02,,,
23023000255,B03,,,
23023000256,B01,,,
23023000256,B02,,,
23023000259,B01,,,
23023000259,B02,,,
23023000259,B05,,,
23023000260,B01,,,
23023000260,B02,,,
23023000262,B03,,,
23023000263,B01,,,
23023000263,B02,,,
23023000265,B01,,,
23023000265,B02,,,
23023000266,B01,,,
23023000266,B05,,,
23023000268,B01,,,
23023000268,B02,,,
23023000271,B01,,,
23023000271,B02,,,
23023000272,B01,,,
23023000272,B06,,,
23023000273,B01,,,
23023000273,B02,,,
23023000275,B01,,,
23023000275,B02,,,
23023000277,B01,,,
23023000277,B02,,,
23111000150,B01,,,
23111000150,B03,,,
23111000154,B01,,,
23111000154,B02,,,
23111000155,B01,,,
23111000155,B02,,,
23111000155,B03,,,
23111000157,B01,,,
23111000157,B02,,,
23111000158,B01,,,
23111000158,B02,,,
23111000161,B01,,,
23111000161,B03,,,
23111000162,B03,,,
23111000164,B03,,,
23111000165,B03,,,
23111000167,B01,,,
23111000168,B01,,,
23111000168,B03,,,
23111000170,B01,,,
23111000170,B03,,,
23111000177,B05,,,
23111000179,B01,,,
23111000181,B01,,,
23111000183,B01,,,
23111000183,B03,,,
23111000186,B03,,,
23111000190,B01,,,
23111000190,B03,,,
23111000192,B01,,,
23111000192,B03,,,
23111000193,B01,,,
23111000193,B02,,,
23111000193,B03,,,
23111000195,B01,,,
23111000195,B02,,,
23111000196,B01,,,
23111000196,B02,,,
23111000197,B01,,,
23111000197,B03,,,
23111000198,B01,,,
23111000198,B02,,,
23111000201,B01,,,
23111000201,B02,,,
23111000201,B03,,,
23111000202,B01,,,
23111000204,B01,,,
23111000204,B03,,,
23111000206,B03,,,
23111000207,B01,,,
23111000207,B02,,,
23111000209,B01,,,
23111000211,B06,,,
23111000214,B01,,,
23111000214,B02,,,
23111000215,B01,,,
23111000215,B02,,,
23111000216,B01,,,
23111000216,B02,,,
23111000217,B03,,,
23111000218,B01,,,
23111000218,B02,,,
23111000218,B03,,,
23111000218,B05,,,
23111000218,H31,,,
23114000013,B03,,,
23114000206,B03,,,
23114000207,B03,,,
23114000209,B01,,,
23114000209,B03,,,
23114000211,B01,,,
23114000212,B03,,,
23114000214,B01,,,
23114000214,B02,,,
23114000215,B01,,,
23114000215,B03,,,
23114000218,B01,,,
23114000218,B03,,,
23114000219,B03,,,
23114000222,B01,,,
23114000223,B01,,,
23114000224,B01,,,
23114000224,B02,,,
23114000225,B01,,,
23114000227,B01,,,
23114000227,B02,,,
23114000228,B01,,,
23114000229,B01,,,
23114000230,B01,,,
23114000230,B02,,,
23114000231,B01,,,
23114000231,B03,,,
23114000233,B01,,,
23114000233,B03,,,
23114000235,B01,,,
23114000235,B02,,,
23114000237,B01,,,
23114000237,B02,,,
23114000239,B01,,,
23114000239,B02,,,
23114000241,B01,,,
23114000241,B03,,,
23114000242,B03,,,
23114000245,B01,,,
23114000245,B03,,,
23114000246,B01,,,
23114000246,B02,,,
23114000250,B01,,,
23114000250,B03,,,
23114000251,B01,,,
23114000256,B01,,,
23114000256,B02,,,
23114000257,B01,,,
23114000257,B03,,,
23114000259,B01,,,
23114000261,B01,,,
23114000261,B02,,,
23114000262,B01,,,
23114000262,B03,,,
23114000263,B01,,,
23114000263,B02,,,
23114000265,B01,,,
23114000265,B02,,,
23114000265,B03,,,
23114000266,B01,,,
23114000266,B03,,,
23114000267,B01,,,
23114000270,B01,,,
23114000270,B02,,,
23114000270,B03,,,
23114000275,B03,,,
23114000276,B03,,,
23114000277,B01,,,
23114000277,B02,,,
23114000279,B03,,,
23114000280,B01,,,
23114000281,B01,,,
23114000282,B01,,,
23114000282,B02,,,
23114000282,B03,,,
23114000284,B01,,,
23117000012,B01,,,
23117000012,B02,,,
23117000012,B03,,,
23117000066,B01,,,
23117000066,B02,,,
23117000067,B01,,,
23117000067,B02,,,
23117000067,B03,,,
23117000069,B03,,,
23117000069,H31,,,
23117000070,B01,,,
23117000072,B01,,,
23117000072,B03,,,
23117000075,B01,,,
23117000075,B03,,,
23117000076,B01,,,
23117000079,B01,,,
23117000079,B03,,,
23117000081,B01,,,
23117000082,B03,,,
23117000082,H31,,,
23117000083,B01,,,
23117000083,B02,,,
23117000084,B03,,,
23117000085,B01,,,
23117000085,B03,,,
23120000015,B01,,,
23120000015,B03,,,
23120000064,B03,,,
23120000084,B01,,,
23120000084,B02,,,
23120000084,B03,,,
23120000093,B01,,,
23120000094,B01,,,
23120000094,B02,,,
23120000094,B05,,,
23120000096,B05,,,
23120000097,B01,,,
23120000097,B02,,,
23120000098,B01,,,
23120000098,B02,,,
23120000099,B01,,,
23120000099,B03,,,
23120000101,B03,,,
23120000103,B01,,,
23120000104,B01,,,
23120000104,B02,,,
23120000105,B01,,,
23120000105,B03,,,
23120000108,B01,,,
23120000108,B02,,,
23120000108,B03,,,
23120000109,B01,,,
23120000109,B02,,,
23120000110,B01,,,
23120000110,B03,,,
23120000115,B01,,,
23120000115,B03,,,
23120000116,B01,,,
23120000116,B02,,,
23120000117,B01,,,
23120000117,B02,,,
23120000118,B01,,,
23120000118,B03,,,
23120000119,B03,,,
23120000120,B01,,,
23120000120,B03,,,
23120000121,B01,,,
23120000121,B03,,,
23120000122,B01,,,
23120000123,B01,,,
23120000125,B01,,,
23120000125,B03,,,
23120000127,B01,,,
23120000132,B01,,,
23120000132,B02,,,
23120000133,B01,,,
23120000133,B03,,,
23120000135,B03,,,
23120000136,B01,,,
23120000136,B02,,,
23120000136,B03,,,
23120000137,B01,,,
23120000139,B01,,,
23120000140,B01,,,
23120000141,B01,,,
23120000141,B03,,,
23171000002,B03,,,
23171000160,B03,,,
23171000163,B01,,,
23171000163,B02,,,
23171000164,B01,,,
23171000164,B02,,,
23171000164,B03,,,
23171000165,B01,,,
23171000165,B03,,,
23171000171,B01,,,
23171000171,B03,,,
23171000179,B01,,,
23171000179,B02,,,
23171000179,B03,,,
23171000192,B01,,,
23171000192,B03,,,
23171000194,B02,,,
23171000194,B03,,,
23171000195,B03,,,
23171000197,B03,,,
23171000198,B01,,,
23171000198,B02,,,
23171000200,B01,,,
23171000200,B02,,,
23171000200,B03,,,
23171000201,B03,,,
23171000204,B01,,,
23171000204,B03,,,
23171000205,B01,,,
23171000205,B02,,,
23171000207,B01,,,
23171000208,B01,,,
23171000208,B02,,,
23171000210,B01,,,
23171000210,B02,,,
23171000213,B01,,,
23171000213,B02,,,
23171000215,B01,,,
23171000215,B02,,,
23171000218,B01,,,
23171000219,B01,,,
23171000219,B02,,,
23171000220,B01,,,
23171000221,B01,,,
23171000222,B01,,,
23171000222,B02,,,
23171000223,B01,,,
23171000224,B03,,,
23171000225,B01,,,
23171000226,B01,,,
23171000226,B03,,,
23171000228,B01,,,
23171000228,B03,,,
23171000229,B01,,,
23171000233,B01,,,
23171000233,B03,,,
23171000235,B03,,,
23171000241,B01,,,
23171000242,B01,,,
23171000242,B02,,,
23171000243,B05,,,
23171000246,B01,,,
23171000246,B02,,,
23171000249,B01,,,
23171000249,B03,,,
23171000251,B01,,,
23171000251,B02,,,
23171000253,B01,,,
23171000253,B03,,,
23171000255,B03,,,
23171000262,B01,,,
23611000074,B03,,,
23611000074,H31,,,
23611000107,B03,,,
23611000109,B01,,,
23611000109,B03,,,
23611000125,B01,,,
23611000125,B03,,,
23611000126,B03,,,
23611000127,B01,,,
23611000127,B03,,,
23611000129,B01,,,
23611000129,B03,,,
23611000131,B01,,,
23611000132,B01,,,
23611000135,B01,,,
23611000135,B02,,,
23611000136,B01,,,
23611000136,B03,,,
23611000137,B01,,,
23611000137,B02,,,
23611000140,B01,,,
23611000145,B03,,,
23611000148,B01,,,
23611000148,B03,,,
23611000151,B01,,,
23611000151,B02,,,
23611000153,B01,,,
23611000153,B02,,,
23611000154,B01,,,
23611000157,B01,,,
23611000157,B02,,,
23611000159,B01,,,
23611000161,B01,,,
23611000163,B06,,,
23611000164,B06,,,
23611000165,B03,,,
23611000169,B01,,,
23611000169,B02,,,
23611000173,B03,,,
23611000177,B01,,,
23611000177,B03,,,
23611000178,B03,,,
23611000179,B01,,,
23611000180,B01,,,
23611000180,B02,,,
23611000183,B06,,,
23611000184,B01,,,
23611000184,B02,,,
23611000187,B01,,,
23611000188,B01,,,
23611000188,B02,,,
23611000190,B01,,,
23611000190,B02,,,
23611000193,B01,,,
23611000195,B01,,,
23611000198,B01,,,
24111000012,B03,,,
24111000013,B03,,,
24111000036,B03,,,
24111000051,B03,,,
24111000498,B03,,,
24111000637,B03,,,
24111000657,B01,,,
24111000657,B02,,,
24111000657,B03,,,
24111000682,B01,,,
24111000682,B02,,,
24111000682,B03,,,
24111000688,B01,,,
24111000688,B02,,,
24111000688,B03,,,
24111000692,B03,,,
24111000697,B01,,,
24111000697,B03,,,
24111000699,B03,,,
24111000700,B01,,,
24111000700,B02,,,
24111000700,B03,,,
24111000760,B01,,,
24111000760,B02,,,
24111000773,B01,,,
24111000773,B02,,,
24111000773,B03,,,
24111000777,B06,,,
24111000778,B03,,,
24111000779,B01,,,
24111000779,B02,,,
24111000788,B01,,,
24111000788,B02,,,
24111000792,B01,,,
24111000792,B02,,,
24111000793,B01,,,
24111000793,B02,,,
24111000795,B03,,,
24111000797,B01,,,
24111000797,B02,,,
24111000798,B01,,,
24111000798,B03,,,
24111000801,B01,,,
24111000804,B01,,,
24111000804,B02,,,
24111000805,B01,,,
24111000805,B02,,,
24111000805,B03,,,
24111000807,B01,,,
24111000808,B01,,,
24111000808,B02,,,
24111000809,B01,,,
24111000813,B03,,,
24111000814,B05,,,
24111000815,B03,,,
24111000822,B01,,,
24111000822,B02,,,
24111000827,B01,,,
24111000827,B02,,,
24111000832,B01,,,
24111000832,B02,,,
24111000833,B01,,,
24111000833,B02,,,
24111000839,B01,,,
24111000839,B02,,,
24111000840,B01,,,
24111000840,B02,,,
24111000844,B01,,,
24111000844,B02,,,
24111000846,B01,,,
24111000848,B01,,,
24111000848,B02,,,
24111000849,B01,,,
24111000849,B02,,,
24111000852,B05,,,
24111000853,B01,,,
24111000853,B02,,,
24111000854,B01,,,
24111000854,B02,,,
24111000859,B01,,,
24111000859,B02,,,
24111000864,B01,,,
24111000864,B03,,,
24111000867,B01,,,
24111000867,B02,,,
24111000868,B01,,,
24111000868,B03,,,
24111000869,B03,,,
24111000870,B01,,,
24111000870,B02,,,
24111000871,B01,,,
24111000871,B02,,,
24111000874,B01,,,
24111000874,B02,,,
24111000875,B01,,,
24111000875,B02,,,
24111000881,B01,,,
24111000881,B02,,,
24111000889,B01,,,
24111000894,B03,,,
24111000895,B01,,,
24111000895,B02,,,
24111000897,B01,,,
24111000899,B01,,,
24111000899,B02,,,
24111000906,B01,,,
24111000906,B03,,,
24111000908,B01,,,
24111000908,B02,,,
24111000909,B01,,,
24111000909,B02,,,
24111000912,B01,,,
24111000912,B02,,,
24111000913,B03,,,
24111000915,B01,,,
24111000918,B01,,,
24111000921,B03,,,
24111000922,B01,,,
24111000922,B02,,,
24111000923,B01,,,
24111000923,B02,,,
24111000923,B03,,,
24111000926,B01,,,
24111000926,B05,,,
24111000928,B01,,,
24111000928,B02,,,
24111000929,B01,,,
24111000929,B02,,,
24111000934,B01,,,
24111000934,B02,,,
24111000936,B01,,,
24111000936,B02,,,
24111000938,B01,,,
24111000938,B02,,,
24111000939,B03,,,
24111000944,B01,,,
24111000944,B02,,,
24111000946,B01,,,
24111000946,B02,,,
24111000947,B01,,,
24111000947,B02,,,
24111000948,B01,,,
24111000948,B02,,,
24111000948,B05,,,
24111000951,B01,,,
24111000951,B03,,,
24111000952,B01,,,
24111000952,B02,,,
24111000954,B03,,,
24111000955,B01,,,
24111000959,B01,,,
24111000959,B02,,,
24111000960,B03,,,
24111000962,B01,,,
24111000962,B02,,,
24111000964,B01,,,
24111000964,B02,,,
24111000967,B03,,,
24111000969,B03,,,
24111000970,B01,,,
24111000970,B02,,,
24111000971,B03,,,
24111000973,B03,,,
24111000974,B01,,,
24111000974,B02,,,
24111000975,B03,,,
24111000976,B01,,,
24111000976,B02,,,
24111000978,B01,,,
24111000978,B02,,,
24111000979,B01,,,
24111000979,B02,,,
24111000980,B01,,,
24111000980,B02,,,
24111000983,B03,,,
24111000984,B01,,,
24111000984,B02,,,
24111000991,B01,,,
24111000991,B02,,,
24111000991,B05,,,
24111000992,B01,,,
24111000995,B01,,,
24111000995,B02,,,
24111000996,B03,,,
24111000997,B01,,,
24111000997,B02,,,
24111000998,B03,,,
24111000999,B01,,,
24111001000,B01,,,
24111001000,B02,,,
24111001002,B01,,,
24111001002,B03,,,
24111001004,B01,,,
24111001005,B01,,,
24111001005,B02,,,
24111001006,B01,,,
24111001006,B02,,,
24111001006,B03,,,
24111001009,B01,,,
24111001011,B01,,,
24111001011,B02,,,
24111001017,B01,,,
24111001020,B01,,,
24111001020,B02,,,
24111001023,B01,,,
24111001023,B02,,,
24111001025,B03,,,
24111001028,B01,,,
24111001032,B01,,,
24111001032,B02,,,
24111001033,B01,,,
24111001033,B02,,,
24111001033,B03,,,
24111001038,B01,,,
24111001038,B02,,,
24111001040,B01,,,
24111001040,B02,,,
24111001041,B03,,,
24111001043,B01,,,
24111001043,B02,,,
24111001043,B03,,,
24111001044,B01,,,
24111001045,B01,,,
24111001045,B02,,,
24111001045,B03,,,
24111001048,B01,,,
24111001049,B03,,,
24111001051,B01,,,
24111001051,B02,,,
24111001052,B03,,,
24111001053,B01,,,
24111001054,B01,,,
24111001054,B02,,,
24111001056,B01,,,
24111001056,B02,,,
24111001058,B01,,,
24111001058,B02,,,
24111001061,B03,,,
24111001064,B03,,,
24111001066,B03,,,
24111001067,B01,,,
24111001068,B01,,,
24111001068,B02,,,
24111001069,B03,,,
24111001072,B01,,,
24111001072,B02,,,
24111001074,B03,,,
24111001079,B03,,,
24111001082,B01,,,
24111001087,B01,,,
24111001087,B02,,,
24111001088,B01,,,
24111001090,B01,,,
24111001090,B02,,,
24111001092,B01,,,
24111001092,B02,,,
24111001095,B01,,,
24111001095,B02,,,
24111001096,B01,,,
24111001096,B02,,,
24111001097,B03,,,
24111001103,B01,,,
24111001103,B02,,,
24111001108,B01,,,
24111001108,B03,,,
24111001109,B03,,,
24111001117,B01,,,
24111001117,B02,,,
24113000013,B03,,,
24113000021,B01,,,
24113000021,B02,,,
24113000021,B03,,,
24113000025,B03,,,
24113000039,B03,,,
24113000041,B03,,,
24113000042,B03,,,
24113000267,B03,,,
24113000327,B03,,,
24113000376,B03,,,
24113000514,B03,,,
24113000526,B03,,,
24113000538,B03,,,
24113000588,B01,,,
24113000588,B02,,,
24113000588,B03,,,
24113000588,B05,,,
24113000618,B03,,,
24113000640,B06,,,
24113000643,B03,,,
24113000646,B03,,,
24113000647,B01,,,
24113000647,B02,,,
24113000647,B03,,,
24113000650,B03,,,
24113000651,B01,,,
24113000655,B01,,,
24113000655,B02,,,
24113000656,B01,,,
24113000656,B02,,,
24113000657,B01,,,
24113000658,B01,,,
24113000659,B01,,,
24113000662,B01,,,
24113000662,B02,,,
24113000665,B01,,,
24113000665,B02,,,
24113000666,B01,,,
24113000666,B02,,,
24113000667,B03,,,
24113000669,B03,,,
24113000671,B01,,,
24113000671,B02,,,
24113000673,B01,,,
24113000673,B02,,,
24113000674,B01,,,
24113000675,B01,,,
24113000676,B01,,,
24113000676,B02,,,
24113000676,B03,,,
24113000678,B01,,,
24113000678,B02,,,
24113000680,B01,,,
24113000681,B01,,,
24113000681,B02,,,
24113000683,B01,,,
24113000683,B02,,,
24113000686,B01,,,
24113000688,B01,,,
24113000688,B02,,,
24113000689,B01,,,
24113000689,B02,,,
24113000690,B03,,,
24113000692,B01,,,
24113000693,B01,,,
24113000693,B02,,,
24113000694,B03,,,
24113000698,B01,,,
24113000698,B02,,,
24113000707,B01,,,
24113000707,B02,,,
24113000715,B01,,,
24113000715,B02,,,
24113000715,B03,,,
24113000717,B01,,,
24113000719,B03,,,
24113000721,B01,,,
24113000722,B01,,,
24113000730,B01,,,
24113000732,B03,,,
24113000733,B01,,,
24113000735,B01,,,
24113000736,B01,,,
24113000737,B03,,,
24113000738,B01,,,
24113000738,B02,,,
24113000739,B01,,,
24113000740,B03,,,
24113000742,B01,,,
24113000743,B01,,,
24113000743,B02,,,
24113000744,B01,,,
24113000744,B03,,,
24113000747,B01,,,
24113000747,B02,,,
24113000747,B05,,,
24113000749,B01,,,
24113000749,B02,,,
24113000752,B03,,,
24113000753,B01,,,
24113000753,B06,,,
24113000757,B01,,,
24113000757,B02,,,
24113000759,B01,,,
24113000759,B02,,,
24113000765,B01,,,
24113000766,B01,,,
24113000766,B03,,,
24113000767,B01,,,
24113000768,B01,,,
24113000768,B03,,,
24113000773,B01,,,
24113000774,B03,,,
24113000776,B01,,,
24113000776,B02,,,
24113000778,B01,,,
24113000778,B02,,,
24113000780,B03,,,
24113000781,B06,,,
24113000782,B03,,,
24113000784,B01,,,
24113000786,B01,,,
24113000788,B03,,,
24113000790,B01,,,
24113000790,B02,,,
24113000791,B01,,,
24113000791,B02,,,
24113000791,B03,,,
24113000792,B01,,,
24113000792,B03,,,
24113000798,B01,,,
24113000798,B02,,,
24113000799,B01,,,
24113000800,B01,,,
24113000801,B03,,,
24113000802,B01,,,
24113000802,B03,,,
24113000804,B01,,,
24113000804,B02,,,
24113000805,B01,,,
24113000805,B02,,,
24113000806,B03,,,
24113000807,B01,,,
24113000810,B01,,,
24113000811,B01,,,
24113000813,B01,,,
24113000813,B02,,,
24113000814,B01,,,
24113000817,B01,,,
24113000822,B03,,,
24113000824,B01,,,
24113000825,B01,,,
24113000829,B01,,,
24113000832,B01,,,
24113000832,B02,,,
24115000666,B01,,,
24115000666,B02,,,
24115000666,B03,,,
24115000712,B03,,,
24115000770,B01,,,
24115000770,B03,,,
24115000775,B03,,,
24115000776,B03,,,
24115000778,B01,,,
24115000780,B01,,,
24115000783,B01,,,
24115000784,B03,,,
24115000785,B03,,,
24115000793,B01,,,
24115000795,B01,,,
24115000799,B01,,,
24115000800,B01,,,
24115000801,B01,,,
24115000801,B02,,,
24115000804,B01,,,
24115000804,B02,,,
24115000805,B03,,,
24115000807,B01,,,
24115000807,B02,,,
24115000808,B03,,,
24115000809,B01,,,
24115000809,B03,,,
24115000810,B01,,,
24115000811,B01,,,
24115000815,B01,,,
24115000815,B02,,,
24115000819,B01,,,
24115000819,B02,,,
24115000820,B01,,,
24115000822,B01,,,
24115000822,B02,,,
24115000824,B03,,,
24115000827,B01,,,
24115000827,B02,,,
24115000831,B01,,,
24115000831,B03,,,
24115000833,B03,,,
24115000840,B03,,,
24115000841,B03,,,
24115000845,B01,,,
24115000845,B02,,,
24115000846,B01,,,
24115000846,B02,,,
24115000848,B03,,,
24115000849,B01,,,
24115000849,B02,,,
24115000849,B03,,,
24115000850,B01,,,
24115000853,B01,,,
24115000854,B01,,,
24115000854,B02,,,
24115000855,B03,,,
24115000856,B03,,,
24115000857,B01,,,
24115000859,B01,,,
24115000859,B03,,,
24115000861,B01,,,
24115000861,B02,,,
24115000862,B01,,,
24115000862,B02,,,
24115000863,B01,,,
24115000864,B01,,,
24115000867,B03,,,
24115000868,B03,,,
24115000869,B03,,,
24115000873,B01,,,
24115000879,B01,,,
24115000879,B03,,,
24115000881,B01,,,
24115000881,B02,,,
24115000883,B01,,,
24115000883,B02,,,
24115000884,B03,,,
24115000885,B01,,,
24115000885,B02,,,
24115000886,B01,,,
24115000890,B01,,,
24115000890,B02,,,
24115000891,B01,,,
24115000892,B03,,,
24115000893,B01,,,
24115000893,B02,,,
24115000894,B03,,,
24115000902,B01,,,
24115000902,B03,,,
24115000902,H31,,,
24115000902,H32,,,
24115000903,B01,,,
24115000904,B03,,,
24115000905,B01,,,
24115000906,B01,,,
24115000906,B02,,,
24115000907,B01,,,
24115000908,B05,,,
24115000909,B01,,,
24115000909,B02,,,
24115000911,B01,,,
24115000912,B01,,,
24115000912,B02,,,
24115000913,B01,,,
24115000913,B02,,,
24115000917,B03,,,
24115000918,B01,,,
24115000919,B01,,,
24115000919,B02,,,
24115000920,B01,,,
24115000921,B03,,,
24115000926,B01,,,
24115000927,B03,,,
24115000932,B03,,,
24115000935,B01,,,
24115000935,B02,,,
24115000937,B01,,,
24115000938,B01,,,
24115000938,B02,,,
24115000939,B01,,,
24115000939,B05,,,
24115000940,B01,,,
24115000940,B03,,,
24115000941,B01,,,
24115000942,B03,,,
24115000944,B03,,,
24115000946,B03,,,
24115000949,B01,,,
24115000949,B02,,,
24115000955,B03,,,
24115000956,B01,,,
24115000957,B01,,,
24115000957,B03,,,
24115000959,B01,,,
24115000964,B03,,,
24115000965,B01,,,
24115000969,B01,,,
24115000969,B02,,,
24115000970,B01,,,
24115000970,B02,,,
24115000971,B01,,,
24115000971,B03,,,
24115000973,B01,,,
24115000973,B03,,,
24115000975,B01,,,
24115000977,B01,,,
24115000977,B02,,,
24115000977,B03,,,
24115000978,B01,,,
24115000978,B02,,,
24115000979,B03,,,
24115000980,B01,,,
24115000980,B02,,,
24115000982,B03,,,
24115000983,B01,,,
24115000983,B02,,,
24115000985,B03,,,
24115000986,B01,,,
24115000989,B01,,,
24115000989,B03,,,
24115000993,B01,,,
24115000993,B02,,,
24115000994,B01,,,
24115000994,B03,,,
24115000995,B03,,,
24115000996,B01,,,
24115000997,B01,,,
24115000997,B02,,,
24117000004,B03,,,
24117000317,B03,,,
24117000356,B03,,,
24117000357,B01,,,
24117000357,B02,,,
24117000361,B03,,,
24117000364,B01,,,
24117000364,B02,,,
24117000364,B03,,,
24117000368,B01,,,
24117000368,B02,,,
24117000368,B03,,,
24117000368,B05,,,
24117000371,B01,,,
24117000371,B02,,,
24117000371,B03,,,
24117000389,B01,,,
24117000389,B02,,,
24117000389,B03,,,
24117000392,B03,,,
24117000394,B01,,,
24117000394,B02,,,
24117000394,B03,,,
24117000395,B03,,,
24117000413,B01,,,
24117000413,B02,,,
24117000413,B03,,,
24117000421,B01,,,
24117000421,B02,,,
24117000421,B03,,,
24117000431,B01,,,
24117000431,B02,,,
24117000433,B01,,,
24117000434,B01,,,
24117000436,B01,,,
24117000436,B02,,,
24117000437,B01,,,
24117000439,B01,,,
24117000439,B02,,,
24117000443,B03,,,
24117000445,B01,,,
24117000445,B02,,,
24117000446,B01,,,
24117000446,B02,,,
24117000446,B03,,,
24117000453,B01,,,
24117000453,B02,,,
24117000456,B01,,,
24117000456,B02,,,
24117000458,B01,,,
24117000458,B02,,,
24117000461,B01,,,
24117000461,B02,,,
24117000461,B03,,,
24117000462,B03,,,
24117000465,B03,,,
24117000466,B01,,,
24117000466,B03,,,
24117000469,B01,,,
24117000469,B02,,,
24117000470,B01,,,
24117000470,B02,,,
24117000479,B01,,,
24117000479,B02,,,
24117000479,B03,,,
24117000479,B05,,,
24117000482,B03,,,
24117000487,B01,,,
24117000487,B02,,,
24117000490,B01,,,
24117000493,B01,,,
24117000493,B02,,,
24117000494,B01,,,
24117000494,B02,,,
24117000495,B01,,,
24117000495,B02,,,
24117000496,B01,,,
24117000496,B02,,,
24117000499,B03,,,
24117000501,B01,,,
24117000501,B02,,,
24117000503,B01,,,
24117000503,B02,,,
24117000504,B01,,,
24117000504,B02,,,
24117000505,B01,,,
24117000505,B03,,,
24117000506,B01,,,
24117000506,B02,,,
24117000507,B01,,,
24117000507,B02,,,
24117000508,B01,,,
24117000508,B02,,,
24117000511,B01,,,
24117000512,B01,,,
24117000512,B02,,,
24117000519,B03,,,
24117000520,B01,,,
24117000523,B01,,,
24117000523,B02,,,
24117000526,B01,,,
24117000526,B02,,,
24117000528,B01,,,
24117000528,B02,,,
24117000528,B03,,,
24117000528,B04,,,
24117000531,B01,,,
24117000531,B02,,,
24117000531,B03,,,
24117000533,B01,,,
24117000533,B02,,,
24117000533,B06,,,
24117000536,B01,,,
24117000536,B02,,,
24117000538,B01,,,
24117000539,B01,,,
24117000539,B02,,,
24117000544,B01,,,
24117000544,B02,,,
24117000544,B03,,,
24117000545,B03,,,
24117000554,B01,,,
24117000554,B03,,,
24117000555,B01,,,
24117000555,B03,,,
24117000559,B01,,,
24117000559,B02,,,
24117000563,B01,,,
24117000563,B02,,,
24117000567,B01,,,
24117000567,B02,,,
24117000568,B01,,,
24117000569,B01,,,
24117000569,B02,,,
24117000570,B01,,,
24117000570,B02,,,
24117000570,B03,,,
24117000570,H31,,,
24117000574,B01,,,
24117000574,B02,,,
24117000580,B01,,,
24117000580,B02,,,
24117000582,B01,,,
24117000582,B02,,,
24117000586,B01,,,
24117000586,B02,,,
24117000588,B01,,,
24117000588,B02,,,
24117000588,B03,,,
24117000592,B01,,,
24117000592,B02,,,
24117000599,B03,,,
24117000600,B01,,,
24117000600,B02,,,
24119000007,B03,,,
24119000026,B01,,,
24119000026,B03,,,
24119000031,B03,,,
24119000037,B03,,,
24119000043,B03,,,
24119000047,B03,,,
24119000052,B03,,,
24119000862,B01,,,
24119000862,B02,,,
24119000880,B01,,,
24119000880,B02,,,
24119000893,B03,,,
24119001035,B03,,,
24119001118,B01,,,
24119001118,B02,,,
24119001121,B01,,,
24119001121,B03,,,
24119001126,B01,,,
24119001126,B02,,,
24119001127,B03,,,
24119001128,B03,,,
24119001131,B03,,,
24119001138,B01,,,
24119001138,B03,,,
24119001140,B03,,,
24119001147,B03,,,
24119001150,B01,,,
24119001150,B03,,,
24119001153,B01,,,
24119001159,B01,,,
24119001159,B02,,,
24119001160,B01,,,
24119001160,B02,,,
24119001164,B01,,,
24119001164,B02,,,
24119001166,B01,,,
24119001166,B02,,,
24119001173,B01,,,
24119001176,B01,,,
24119001176,B02,,,
24119001176,B03,,,
24119001178,B06,,,
24119001180,B01,,,
24119001182,B01,,,
24119001182,B02,,,
24119001184,B01,,,
24119001184,B02,,,
24119001185,B01,,,
24119001185,B02,,,
24119001185,B03,,,
24119001185,H31,,,
24119001189,B03,,,
24119001195,B01,,,
24119001195,B02,,,
24119001198,B01,,,
24119001198,B02,,,
24119001199,B01,,,
24119001199,B02,,,
24119001200,B01,,,
24119001200,B02,,,
24119001205,B03,,,
24119001206,B01,,,
24119001206,B02,,,
24119001207,B01,,,
24119001207,B02,,,
24119001216,B01,,,
24119001216,B02,,,
24119001217,B01,,,
24119001217,B02,,,
24119001218,B01,,,
24119001218,B02,,,
24119001219,B01,,,
24119001219,B02,,,
24119001220,B01,,,
24119001220,B02,,,
24119001224,B01,,,
24119001224,B02,,,
24119001225,B01,,,
24119001225,B02,,,
24119001230,B01,,,
24119001230,B02,,,
24119001233,B01,,,
24119001233,B02,,,
24119001235,B01,,,
24119001235,B03,,,
24119001236,B01,,,
24119001236,B02,,,
24119001236,B05,,,
24119001236,B06,,,
24119001238,B01,,,
24119001238,B02,,,
24119001238,B03,,,
24119001241,B01,,,
24119001241,B02,,,
24119001242,B01,,,
24119001242,B02,,,
24119001243,B01,,,
24119001243,B02,,,
24119001247,B01,,,
24119001247,B02,,,
24119001251,B01,,,
24119001251,B02,,,
24119001252,B05,,,
24119001257,B01,,,
24119001257,B02,,,
24119001259,B03,,,
24119001261,B01,,,
24119001261,B02,,,
24119001262,B01,,,
24119001264,B01,,,
24119001266,B01,,,
24119001267,B03,,,
24119001269,B01,,,
24119001269,B02,,,
24119001273,B01,,,
24119001273,B02,,,
24119001274,B01,,,
24119001276,B01,,,
24119001276,B02,,,
24119001280,B01,,,
24119001280,B02,,,
24119001282,B01,,,
24119001282,B02,,,
24119001283,B06,,,
24119001285,B01,,,
24119001285,B02,,,
24119001286,B01,,,
24119001286,B02,,,
24119001290,B01,,,
24119001290,B03,,,
24119001291,B01,,,
24119001291,B06,,,
24119001293,B01,,,
24119001293,B02,,,
24119001296,B01,,,
24119001296,B02,,,
24119001300,B01,,,
24119001300,B02,,,
24119001304,B01,,,
24119001308,B03,,,
24119001315,B01,,,
24119001316,B03,,,
24119001317,B01,,,
24119001317,B02,,,
24119001319,B01,,,
24119001319,B02,,,
24119001321,B01,,,
24119001321,B02,,,
24119001325,B01,,,
24119001325,B02,,,
24119001327,B03,,,
24119001329,B01,,,
24119001329,B02,,,
24119001332,B01,,,
24119001332,B02,,,
24119001335,B06,,,
24119001339,B01,,,
24119001339,B02,,,
24119001340,B03,,,
24119001345,B06,,,
24119001346,B03,,,
24119001347,B03,,,
24119001349,B03,,,
24119001355,B01,,,
24119001355,B03,,,
24119001359,B03,,,
24119001363,B03,,,
24119001365,B01,,,
24119001365,B02,,,
24119001372,B01,,,
24119001374,B03,,,
24119001375,B01,,,
24119001375,B02,,,
24119001376,B01,,,
24119001377,B01,,,
24119001383,B01,,,
24119001385,B01,,,
24119001385,B02,,,
24119001387,B01,,,
24119001387,B02,,,
24119001387,B03,,,
24119001391,B03,,,
24119001392,B01,,,
24119001392,B02,,,
24119001393,B01,,,
24119001393,B02,,,
24119001397,B03,,,
24119001401,B01,,,
24119001403,B01,,,
24119001403,B02,,,
24119001406,B01,,,
24119001406,B02,,,
24119001407,B01,,,
24119001407,B02,,,
24119001408,B01,,,
24119001408,B02,,,
24119001409,B01,,,
24119001411,B01,,,
24119001414,B01,,,
24119001415,B01,,,
24119001415,B02,,,
24119001418,B01,,,
24119001425,B01,,,
24119001425,B02,,,
24119001426,B03,,,
24119001428,B01,,,
24119001428,B02,,,
24119001430,B03,,,
24119001432,B01,,,
24119001432,B02,,,
24119001434,B01,,,
24119001434,B02,,,
24119001435,B01,,,
24119001435,B02,,,
24119001438,B01,,,
24119001445,B01,,,
24119001445,B02,,,
24119001448,B01,,,
24119001449,B03,,,
24119001453,B01,,,
24119001454,B01,,,
24119001454,B03,,,
24119001456,B01,,,
24119001473,B01,,,
24119001473,B02,,,
24119001475,B01,,,
24119001479,B03,,,
24119001480,B01,,,
24119001480,B02,,,
24119001482,B03,,,
24119001488,B01,,,
24119001488,B02,,,
24119001488,B05,,,
24119001489,B03,,,
24119001490,B01,,,
24119001490,B02,,,
24119001493,B01,,,
24119001493,B02,,,
24119001497,B01,,,
24119001497,B02,,,
24119001499,B01,,,
24119001499,B02,,,
24119001502,B01,,,
24119001504,B01,,,
24119001504,B02,,,
24119001505,B06,,,
24119001510,B01,,,
24119001510,B02,,,
24121000220,B01,,,
24121000220,B03,,,
24121000226,B01,,,
24121000226,B02,,,
24121000230,B01,,,
24121000230,B02,,,
24121000230,B03,,,
24121000233,B03,,,
24121000244,B01,,,
24121000244,B02,,,
24121000245,B01,,,
24121000248,B01,,,
24121000248,B02,,,
24121000249,B01,,,
24121000249,B02,,,
24121000250,B01,,,
24121000252,B01,,,
24121000253,B01,,,
24121000254,B03,,,
24121000263,B01,,,
24121000263,B02,,,
24121000264,B01,,,
24121000264,B02,,,
24121000267,B01,,,
24121000267,B02,,,
24121000272,B01,,,
24121000273,B06,,,
24121000274,B01,,,
24121000274,B02,,,
24121000275,B01,,,
24121000275,B03,,,
24121000276,B01,,,
24121000276,B02,,,
24121000281,B01,,,
24121000281,B02,,,
24121000283,B01,,,
24121000288,B01,,,
24121000288,B03,,,
24121000290,B01,,,
24121000290,B02,,,
24121000291,B01,,,
24121000291,B02,,,
24121000292,B01,,,
24121000293,B01,,,
24121000293,B02,,,
24121000293,B03,,,
24121000294,B01,,,
24122000001,B03,,,
24122000002,B03,,,
24122000008,B03,,,
24122000030,B03,,,
24122000033,B03,,,
24122000070,B03,,,
24122000153,B01,,,
24122000153,B02,,,
24122000153,B03,,,
24122000159,B03,,,
24122000171,B03,,,
24122000206,B03,,,
24122000208,B01,,,
24122000208,B03,,,
24122000227,B01,,,
24122000227,B03,,,
24122000249,B03,,,
24122000253,B03,,,
24122000263,B01,,,
24122000263,B02,,,
24122000280,B03,,,
24122000307,B01,,,
24122000307,B02,,,
24122000307,B03,,,
24122000307,B05,,,
24122000324,B01,,,
24122000324,B02,,,
24122000336,B01,,,
24122000336,B03,,,
24122000338,B01,,,
24122000338,B02,,,
24122000357,B03,,,
24122000359,B01,,,
24122000359,B02,,,
24122000363,B01,,,
24122000363,B02,,,
24122000370,B01,,,
24122000370,B02,,,
24122000373,B03,,,
24122000373,B05,,,
24122000374,B01,,,
24122000374,B02,,,
24122000379,B01,,,
24122000379,B02,,,
24122000381,B01,,,
24122000381,B02,,,
24122000387,B01,,,
24122000387,B02,,,
24122000388,B01,,,
24122000388,B02,,,
24122000389,B01,,,
24122000389,B02,,,
24122000390,B01,,,
24122000396,B01,,,
24122000396,B02,,,
24122000398,B01,,,
24122000398,B02,,,
24122000400,B01,,,
24122000400,B02,,,
24122000401,B01,,,
24122000401,B02,,,
24122000402,B01,,,
24122000402,B02,,,
24122000403,B01,,,
24122000403,B02,,,
24122000408,B01,,,
24122000410,B01,,,
24122000410,B02,,,
24122000411,B01,,,
24122000411,B02,,,
24122000412,B03,,,
24122000412,B04,,,
24122000413,B01,,,
24122000413,B02,,,
24122000413,B03,,,
24122000415,B01,,,
24122000415,B02,,,
24122000416,B06,,,
24122000420,B01,,,
24122000420,B03,,,
24122000423,B01,,,
24122000423,B02,,,
24122000426,B01,,,
24122000426,B02,,,
24122000426,B03,,,
24122000431,B03,,,
24122000432,B03,,,
24122000434,B01,,,
24122000434,B02,,,
24122000434,B05,,,
24122000436,B01,,,
24122000436,B02,,,
24122000436,B03,,,
24122000438,B03,,,
24122000445,B03,,,
24122000446,B01,,,
24122000446,B02,,,
24122000449,B05,,,
24122000451,B01,,,
24122000451,B02,,,
24122000453,B01,,,
24122000453,B02,,,
24122000454,B01,,,
24122000454,B02,,,
24122000459,B03,,,
24122000464,B03,,,
24122000467,B01,,,
24122000467,B02,,,
24122000473,B01,,,
24122000474,B01,,,
24122000476,B01,,,
24122000479,B01,,,
24122000479,B02,,,
24122000481,B01,,,
24122000481,B02,,,
24122000483,B01,,,
24122000485,B03,,,
24122000486,B01,,,
24122000486,B02,,,
24122000491,B01,,,
24122000491,B02,,,
24122000492,B01,,,
24122000492,B02,,,
24122000499,B01,,,
24122000499,B03,,,
24122000500,B03,,,
24122000502,B03,,,
24122000503,B01,,,
24122000503,B02,,,
24122000506,B01,,,
24122000506,B02,,,
24122000509,B03,,,
24122000510,B01,,,
24122000510,B02,,,
24122000510,B03,,,
24122000511,B01,,,
24122000511,B02,,,
24122000514,B01,,,
24122000514,B02,,,
24122000517,B01,,,
24122000517,B03,,,
24125000029,B01,,,
24125000029,B03,,,
24125000095,B01,,,
24125000095,B03,,,
24125000156,B03,,,
24125000165,B03,,,
24125000167,B03,,,
24125000168,B01,,,
24125000168,B02,,,
24125000168,B03,,,
24125000181,B03,,,
24125000186,B03,,,
24125000206,B03,,,
24125000228,B03,,,
24125000230,B01,,,
24125000230,B02,,,
24125000230,B03,,,
24125000231,B01,,,
24125000232,B03,,,
24125000235,B01,,,
24125000236,B01,,,
24125000237,B03,,,
24125000240,B01,,,
24125000240,B03,,,
24125000241,B01,,,
24125000241,B02,,,
24125000241,B05,,,
24125000256,B01,,,
24125000258,B01,,,
24125000258,B03,,,
24125000262,B01,,,
24125000262,B02,,,
24125000263,B01,,,
24125000263,B02,,,
24125000264,B01,,,
24125000267,B01,,,
24125000267,B03,,,
24125000268,B01,,,
24125000269,B01,,,
24125000269,B02,,,
24125000270,B01,,,
24125000270,B02,,,
24125000270,B03,,,
24125000273,B01,,,
24125000273,B02,,,
24125000278,B05,,,
24125000284,B01,,,
24125000285,B01,,,
24125000288,B01,,,
24125000288,B02,,,
24125000288,B05,,,
24127000007,B03,,,
24127000009,B03,,,
24127000020,B03,,,
24127000022,B03,,,
24127000026,B03,,,
24127000042,B03,,,
24127000842,B03,,,
24127000861,B03,,,
24127000872,B03,,,
24127000876,B03,,,
24127000892,B01,,,
24127000892,B02,,,
24127000897,B01,,,
24127000897,B02,,,
24127000899,B01,,,
24127000899,B02,,,
24127000902,B01,,,
24127000902,B02,,,
24127000905,B01,,,
24127000905,B02,,,
24127000912,B01,,,
24127000912,B02,,,
24127000914,B03,,,
24127000930,B01,,,
24127000934,B01,,,
24127000934,B02,,,
24127000935,B03,,,
24127000936,B01,,,
24127000936,B02,,,
24127000942,B03,,,
24127000943,B01,,,
24127000943,B03,,,
24127000949,B01,,,
24127000949,B02,,,
24127000950,B01,,,
24127000950,B02,,,
24127000962,B01,,,
24127000962,B02,,,
24127000963,B01,,,
24127000963,B02,,,
24127000964,B03,,,
24127000969,B01,,,
24127000969,B02,,,
24127000970,B01,,,
24127000970,B02,,,
24127000971,B01,,,
24127000971,B02,,,
24127000975,B01,,,
24127000975,B02,,,
24127000981,B01,,,
24127000981,B02,,,
24127000984,B01,,,
24127000984,B02,,,
24127000985,B01,,,
24127000985,B02,,,
24127000986,B01,,,
24127000991,B01,,,
24127000991,B02,,,
24127000992,B03,,,
24127000996,B01,,,
24127000996,B02,,,
24127001003,B01,,,
24127001003,B02,,,
24127001004,B01,,,
24127001004,B02,,,
24127001005,B01,,,
24127001008,B03,,,
24127001009,B01,,,
24127001009,B02,,,
24127001011,B03,,,
24127001026,B01,,,
24127001027,B01,,,
24127001027,B03,,,
24127001027,B04,,,
24127001029,B01,,,
24127001029,B02,,,
24127001030,B01,,,
24127001030,B03,,,
24127001032,B01,,,
24127001032,B03,,,
24127001033,B01,,,
24127001035,B01,,,
24127001035,B02,,,
24127001035,B05,,,
24127001036,B01,,,
24127001039,B01,,,
24127001039,B02,,,
24127001046,B01,,,
24127001046,B02,,,
24127001048,B01,,,
24127001048,B02,,,
24127001050,B01,,,
24127001050,B02,,,
24127001054,B04,,,
24127001055,B03,,,
24127001057,B01,,,
24127001057,B03,,,
24127001058,B01,,,
24127001058,B02,,,
24127001060,B01,,,
24127001060,B02,,,
24127001064,B01,,,
24127001067,B01,,,
24127001067,B02,,,
24127001070,B01,,,
24127001070,B02,,,
24127001081,B03,,,
24127001085,B01,,,
24127001085,B03,,,
24127001086,B03,,,
24127001087,B01,,,
24127001087,B02,,,
24127001088,B01,,,
24127001088,B03,,,
24127001092,B06,,,
24127001093,B01,,,
24127001096,B01,,,
24127001096,B02,,,
24127001102,B01,,,
24127001102,B02,,,
24127001104,B01,,,
24127001104,B03,,,
24127001107,B01,,,
24127001107,B02,,,
24127001109,B01,,,
24127001109,B02,,,
24127001110,B03,,,
24127001112,B01,,,
24127001112,B02,,,
24127001115,B01,,,
24127001115,B02,,,
24127001116,B03,,,
24127001117,B01,,,
24127001118,B01,,,
24127001118,B02,,,
24127001118,B03,,,
24127001120,B01,,,
24127001121,B01,,,
24127001121,B02,,,
24127001122,B01,,,
24127001122,B02,,,
24127001123,B01,,,
24127001123,B02,,,
24127001125,B01,,,
24127001126,B01,,,
24127001127,B03,,,
24127001127,B04,,,
24127001128,B03,,,
24127001131,B03,,,
24127001132,B03,,,
24127001133,B01,,,
24127001137,B01,,,
24127001137,B02,,,
24127001142,B01,,,
24127001142,B02,,,
24127001143,B01,,,
24127001146,B01,,,
24127001146,B02,,,
24127001147,B01,,,
24127001147,B03,,,
24127001152,B01,,,
24128000541,B03,,,
24128000547,B01,,,
24128000547,B02,,,
24128000574,B03,,,
24128000881,B03,,,
24128000923,B01,,,
24128000923,B02,,,
24128000932,B01,,,
24128000932,B02,,,
24128000932,B03,,,
24128001123,B03,,,
24128001127,B01,,,
24128001127,B02,,,
24128001127,B03,,,
24128001161,B03,,,
24128001174,B01,,,
24128001174,B02,,,
24128001186,B03,,,
24128001209,B01,,,
24128001209,B03,,,
24128001257,B01,,,
24128001257,B02,,,
24128001265,B01,,,
24128001265,B02,,,
24128001265,B03,,,
24128001270,B03,,,
24128001275,B03,,,
24128001285,B03,,,
24128001286,B01,,,
24128001286,B02,,,
24128001288,B01,,,
24128001288,B02,,,
24128001288,B03,,,
24128001289,B01,,,
24128001289,B02,,,
24128001289,B05,,,
24128001290,B01,,,
24128001290,B02,,,
24128001290,B03,,,
24128001291,B01,,,
24128001291,B03,,,
24128001296,B01,,,
24128001296,B02,,,
24128001305,B01,,,
24128001305,B02,,,
24128001314,B01,,,
24128001314,B02,,,
24128001318,B03,,,
24128001320,B01,,,
24128001323,B03,,,
24128001328,B03,,,
24128001336,B01,,,
24128001336,B02,,,
24128001337,B03,,,
24128001344,B01,,,
24128001344,B03,,,
24128001344,H31,,,
24128001352,B03,,,
24128001353,B01,,,
24128001353,B02,,,
24128001359,B01,,,
24128001359,B02,,,
24128001360,B03,,,
24128001362,B01,,,
24128001362,B02,,,
24128001364,B01,,,
24128001364,B02,,,
24128001365,B06,,,
24128001367,B01,,,
24128001371,B01,,,
24128001371,B02,,,
24128001371,B03,,,
24128001376,B01,,,
24128001378,B01,,,
24128001378,B02,,,
24128001379,B01,,,
24128001381,B01,,,
24128001381,B02,,,
24128001381,B06,,,
24128001382,B03,,,
24128001383,B01,,,
24128001383,B02,,,
24128001389,B01,,,
24128001389,B02,,,
24128001392,B01,,,
24128001392,B02,,,
24128001394,B03,,,
24128001396,B01,,,
24128001396,B02,,,
24128001397,B01,,,
24128001397,B02,,,
24128001403,B01,,,
24128001404,B01,,,
24128001404,B02,,,
24128001405,B01,,,
24128001405,B02,,,
24128001413,B01,,,
24128001417,B06,,,
24128001419,B01,,,
24128001419,B02,,,
24128001421,B01,,,
24128001422,B01,,,
24128001422,B02,,,
24128001437,B01,,,
24128001437,B02,,,
24128001440,B03,,,
24128001443,B01,,,
24128001443,B02,,,
24128001447,B06,,,
24128001448,B01,,,
24128001448,B02,,,
24128001449,B01,,,
24128001449,B02,,,
24128001451,B01,,,
24128001455,B04,,,
24128001461,B01,,,
24128001461,B02,,,
24128001461,B03,,,
24128001461,H31,,,
24128001463,B01,,,
24128001464,B01,,,
24128001473,B01,,,
24128001473,B02,,,
24128001475,B01,,,
24128001475,B02,,,
24128001475,B03,,,
24128001476,B01,,,
24128001476,B02,,,
24128001479,B01,,,
24128001483,B01,,,
24128001484,B01,,,
24128001486,B03,,,
24128001486,H31,,,
24128001494,B01,,,
24128001494,B02,,,
24128001495,B01,,,
24128001495,B02,,,
24128001500,B05,,,
24128001507,B01,,,
24128001511,B03,,,
24128001512,B01,,,
24128001512,B03,,,
24128001512,B05,,,
24128001513,B01,,,
24128001513,B02,,,
24128001514,B03,,,
24128001516,B03,,,
24128001517,B01,,,
24128001517,B02,,,
24128001519,B01,,,
24128001519,B02,,,
24128001520,B01,,,
24128001520,B02,,,
24128001527,B01,,,
24128001527,B02,,,
24128001528,B01,,,
24128001532,B01,,,
24128001532,B02,,,
24128001535,B01,,,
24128001535,B02,,,
24128001541,B01,,,
24128001541,B02,,,
24128001548,B01,,,
24128001548,B02,,,
24128001548,B05,,,
24128001552,B03,,,
24128001555,B06,,,
24128001557,B03,,,
24128001558,B01,,,
24128001558,B02,,,
24128001560,B01,,,
24128001560,B02,,,
24128001567,B01,,,
24128001567,B02,,,
24128001570,B01,,,
24128001572,B01,,,
24128001573,B01,,,
24128001573,B03,,,
24128001574,B01,,,
24128001574,B02,,,
24128001579,B01,,,
24128001581,B01,,,
24128001581,B02,,,
24128001582,B01,,,
24128001584,B01,,,
24128001585,B03,,,
24128001588,B01,,,
24128001588,B02,,,
24128001591,B01,,,
24128001592,B01,,,
24128001592,B02,,,
24128001597,B01,,,
24128001599,B01,,,
24128001601,B01,,,
24128001601,B02,,,
24128001601,B05,,,
24128001604,B01,,,
24128001605,B01,,,
24128001607,B01,,,
24128001610,B01,,,
24128001610,B02,,,
24128001612,B01,,,
24128001613,B01,,,
24128001614,B01,,,
24128001614,B02,,,
24128001615,B01,,,
24128001616,B01,,,
24128001616,B02,,,
24128001618,B01,,,
24128001618,B02,,,
24128001620,B01,,,
24128001622,B01,,,
24128001622,B03,,,
24128001622,B05,,,
24128001623,B01,,,
24128001629,B03,,,
24128001636,B01,,,
24128001637,B01,,,
24128001637,B02,,,
24128001643,B01,,,
24128001644,B03,,,
24128001645,B01,,,
24128001648,B01,,,
24128001648,B02,,,
24128001651,B03,,,
24128001652,B03,,,
24128001653,B01,,,
24128001653,B03,,,
24128001655,B03,,,
24128001659,B01,,,
24128001659,B02,,,
24128001659,B03,,,
24128001660,B01,,,
24128001660,B02,,,
24128001660,B03,,,
24128001662,B01,,,
24128001665,B01,,,
24128001668,B01,,,
24128001668,B02,,,
24128001671,B03,,,
24128001674,B01,,,
24128001674,B03,,,
24128001675,B01,,,
24128001675,B02,,,
24128001677,B03,,,
24128001681,B03,,,
24128001681,H31,,,
24128001681,H32,,,
24128001684,B01,,,
24128001684,B02,,,
24128001692,B03,,,
24128001695,B01,,,
24128001703,B03,,,
24129000005,B03,,,
24129000006,B03,,,
24129000007,B03,,,
24129000008,B03,,,
24129000026,B01,,,
24129000026,B02,,,
24129000027,B01,,,
24129000027,B02,,,
24129000027,B05,,,
24129000031,B01,,,
24129000031,B02,,,
24129000032,B01,,,
24129000032,B02,,,
24129000037,B01,,,
24129000037,B02,,,
24129000038,B01,,,
24129000038,B02,,,
24129000039,B06,,,
24131000130,B01,,,
24131000130,B03,,,
24131000163,B03,,,
24131000163,H31,,,
24131000163,H32,,,
24131000172,B01,,,
24131000172,B02,,,
24131000172,B03,,,
24131000196,B03,,,
24131000197,B01,,,
24131000197,B05,,,
24131000204,B01,,,
24131000204,B02,,,
24131000211,B03,,,
24131000213,B03,,,
24131000216,B01,,,
24131000217,B01,,,
24131000217,B03,,,
24131000218,B01,,,
24131000218,B02,,,
24131000220,B01,,,
24131000220,B02,,,
24131000224,B01,,,
24131000224,B02,,,
24131000225,B03,,,
24131000227,B01,,,
24131000227,B03,,,
24131000230,B01,,,
24131000230,B02,,,
24131000231,B01,,,
24131000231,B02,,,
24131000234,B01,,,
24131000234,B03,,,
24131000236,B01,,,
24131000236,B02,,,
24131000238,B03,,,
24131000240,B01,,,
24131000241,B01,,,
24131000242,B01,,,
24131000242,B02,,,
24131000243,B03,,,
24131000245,B01,,,
24131000246,B01,,,
24131000246,B02,,,
24131000249,B03,,,
24131000253,B01,,,
24131000253,B02,,,
24131000253,B03,,,
24131000254,B01,,,
24131000254,B02,,,
24131000255,B01,,,
24131000255,B02,,,
24131000256,B01,,,
24131000259,B01,,,
24131000259,B02,,,
24131000259,B05,,,
24136000024,B03,,,
24136000460,B01,,,
24136000460,B02,,,
24136000460,B03,,,
24136000492,B01,,,
24136000492,B02,,,
24136000492,B03,,,
24136000499,B01,,,
24136000499,B02,,,
24136000499,B03,,,
24136000499,H31,,,
24136000501,B04,,,
24136000591,B03,,,
24136000594,B03,,,
24136000596,B01,,,
24136000596,B02,,,
24136000596,B03,,,
24136000596,B04,,,
24136000641,B03,,,
24136000658,B01,,,
24136000658,B03,,,
24136000662,B03,,,
24136000671,B01,,,
24136000671,B02,,,
24136000672,B03,,,
24136000672,H31,,,
24136000674,B01,,,
24136000674,B03,,,
24136000691,B01,,,
24136000691,B03,,,
24136000691,H31,,,
24136000696,B01,,,
24136000696,B02,,,
24136000696,B03,,,
24136000704,B03,,,
24136000715,B01,,,
24136000715,B02,,,
24136000715,B03,,,
24136000720,B03,,,
24136000721,B03,,,
24136000721,H31,,,
24136000726,B01,,,
24136000726,B03,,,
24136000726,B04,,,
24136000726,B05,,,
24136000726,B06,,,
24136000735,B03,,,
24136000764,B03,,,
24136000773,B01,,,
24136000773,B02,,,
24136000776,B03,,,
24136000799,B03,,,
24136000812,B01,,,
24136000812,B02,,,
24136000812,B03,,,
24136000813,B01,,,
24136000813,B03,,,
24136000829,B01,,,
24136000829,B02,,,
24136000831,B01,,,
24136000831,B03,,,
24136000839,B01,,,
24136000839,B02,,,
24136000839,B03,,,
24136000857,B01,,,
24136000857,B02,,,
24136000857,B03,,,
24136000857,H31,,,
24136000868,B03,,,
24136000874,B03,,,
24136000875,B01,,,
24136000875,B03,,,
24136000880,B03,,,
24136000880,H31,,,
24136000885,B03,,,
24136000888,B01,,,
24136000888,B02,,,
24136000888,B03,,,
24136000891,B01,,,
24136000891,B03,,,
24136000892,B03,,,
24136000893,B01,,,
24136000893,B02,,,
24136000893,B03,,,
24136000893,H31,,,
24136000898,B01,,,
24136000898,B02,,,
24136000899,B01,,,
24136000899,B02,,,
24136000899,B03,,,
24136000900,B01,,,
24136000900,B02,,,
24136000901,B01,,,
24136000901,B02,,,
24136000901,B05,,,
24136000911,B01,,,
24136000911,B02,,,
24136000911,B03,,,
24136000916,B03,,,
24136000919,B03,,,
24136000921,B01,,,
24136000921,B02,,,
24136000925,B03,,,
24136000937,B01,,,
24136000944,B01,,,
24136000944,B02,,,
24136000947,B01,,,
24136000947,B02,,,
24136000952,B03,,,
24136000958,B03,,,
24136000965,B01,,,
24136000974,B01,,,
24136000974,B02,,,
24136000975,B03,,,
24136000976,B01,,,
24136000976,B03,,,
24136000979,B03,,,
24136000981,B01,,,
24136000981,B02,,,
24136000982,B03,,,
24136000988,B01,,,
24136000988,B02,,,
24136000989,B01,,,
24136000989,B02,,,
24136000990,B01,,,
24136000991,B01,,,
24136000991,B02,,,
24136000995,B01,,,
24136000995,B02,,,
24136001000,B03,,,
24136001004,B01,,,
24136001004,B02,,,
24136001007,B01,,,
24136001007,B02,,,
24136001013,B01,,,
24136001013,B02,,,
24136001015,B01,,,
24136001015,B02,,,
24136001018,B03,,,
24136001024,B06,,,
24136001025,B01,,,
24136001025,B02,,,
24136001028,B01,,,
24136001028,B02,,,
24136001028,B03,,,
24136001029,B03,,,
24136001032,B03,,,
24136001033,B01,,,
24136001033,B02,,,
24136001035,H31,,,
24136001036,B01,,,
24136001036,B02,,,
24136001037,B01,,,
24136001037,B03,,,
24136001038,B01,,,
24136001039,B01,,,
24136001041,B01,,,
24136001041,B02,,,
24136001041,B03,,,
24136001046,B01,,,
24136001046,B02,,,
24136001048,B01,,,
24136001048,B02,,,
24136001050,B01,,,
24136001050,B03,,,
24136001052,B03,,,
24136001056,B01,,,
24136001056,B02,,,
24136001056,B03,,,
24136001059,B01,,,
24136001062,B03,,,
24136001063,B01,,,
24136001063,B02,,,
24136001064,B06,,,
24136001065,B01,,,
24136001065,B02,,,
24136001066,B01,,,
24136001066,B02,,,
24136001067,B06,,,
24136001073,B01,,,
24136001079,B01,,,
24136001080,B01,,,
24136001080,B02,,,
24136001081,B01,,,
24136001082,B01,,,
24136001082,B02,,,
24136001087,B01,,,
24136001087,B02,,,
24136001090,B01,,,
24136001090,B02,,,
24136001091,B01,,,
24136001096,B03,,,
24136001101,B01,,,
24136001101,B03,,,
24136001105,B01,,,
24136001108,B01,,,
24136001109,B01,,,
24136001109,B02,,,
24136001116,B01,,,
24136001116,B02,,,
24136001117,B01,,,
24136001117,B02,,,
24136001118,B01,,,
24136001122,B01,,,
24136001122,B03,,,
24136001123,B03,,,
24136001125,B03,,,
24136001127,B01,,,
24136001127,B02,,,
24136001132,B01,,,
24136001132,B02,,,
24136001136,B01,,,
24136001136,B02,,,
24136001143,B05,,,
24136001144,B01,,,
24136001144,B03,,,
24136001146,B01,,,
24136001146,B06,,,
24136001151,B01,,,
24136001151,B02,,,
24136001156,B01,,,
24136001156,B02,,,
24136001158,B03,,,
24136001160,B01,,,
24136001160,B02,,,
24136001161,B01,,,
24136001161,B03,,,
24136001166,B01,,,
24136001166,B03,,,
24136001168,B01,,,
24136001169,B01,,,
24136001169,B02,,,
24136001169,B05,,,
24136001172,B03,,,
24136001177,B03,,,
24136001182,B03,,,
24136001183,B01,,,
24136001183,B02,,,
24136001184,B01,,,
24136001185,B01,,,
24136001187,B03,,,
24136001187,H31,,,
24136001190,B01,,,
24136001191,B01,,,
24136001193,B01,,,
24136001195,B03,,,
24136001196,B01,,,
24136001198,B01,,,
24136001199,B01,,,
24136001199,B02,,,
24136001202,B01,,,
24136001204,B01,,,
24136001211,B01,,,
24136001212,B01,,,
24136001212,B02,,,
24136001213,B01,,,
24136001213,B02,,,
24136001214,B01,,,
24136001214,B02,,,
24136001215,B01,,,
24136001215,B02,,,
24136001217,B03,,,
24136001218,B01,,,
24136001218,B02,,,
24136001218,B03,,,
24136001220,B03,,,
24137000042,B01,,,
24137000042,B02,,,
24137000042,B03,,,
24137000105,B01,,,
24137000105,B02,,,
24137000105,B03,,,
24137000106,B01,,,
24137000106,B02,,,
24137000106,B03,,,
24137000113,B03,,,
24137000114,B01,,,
24137000116,B01,,,
24137000116,B03,,,
24137000117,B01,,,
24137000117,B02,,,
24137000128,B01,,,
24137000128,B02,,,
24137000128,B03,,,
24137000133,B01,,,
24137000133,B02,,,
24137000133,B03,,,
24137000135,B01,,,
24137000136,B01,,,
24137000136,B03,,,
24137000144,B01,,,
24137000144,B02,,,
24137000144,B03,,,
24137000144,B05,,,
24137000148,B03,,,
24137000151,B01,,,
24137000151,B02,,,
24137000156,B01,,,
24137000156,B02,,,
24137000156,B03,,,
24137000157,B01,,,
24137000157,B02,,,
24137000159,B01,,,
24137000159,B02,,,
24137000161,B01,,,
24137000161,B03,,,
24137000162,B03,,,
24137000164,B01,,,
24137000165,B01,,,
24137000169,B01,,,
24139000008,B03,,,
24139000020,B03,,,
24139000026,B03,,,
24139000426,B01,,,
24139000426,B03,,,
24139000446,B01,,,
24139000446,B02,,,
24139000446,B03,,,
24139000446,B04,,,
24139000456,B03,,,
24139000484,B03,,,
24139000503,B03,,,
24139000511,B03,,,
24139000515,B01,,,
24139000515,B02,,,
24139000515,B06,,,
24139000516,B01,,,
24139000521,B03,,,
24139000523,B01,,,
24139000526,B01,,,
24139000526,B02,,,
24139000526,B03,,,
24139000536,B01,,,
24139000536,B02,,,
24139000542,B01,,,
24139000542,B02,,,
24139000552,B01,,,
24139000552,B02,,,
24139000557,B01,,,
24139000557,B02,,,
24139000558,B01,,,
24139000558,B02,,,
24139000560,B01,,,
24139000563,B06,,,
24139000572,B01,,,
24139000572,B03,,,
24139000583,B01,,,
24139000583,B02,,,
24139000589,B01,,,
24139000603,B03,,,
24139000606,B05,,,
24139000607,B03,,,
24139000611,B01,,,
24139000611,B02,,,
24139000615,B03,,,
24139000616,B01,,,
24139000619,B01,,,
24139000619,B02,,,
24139000624,B01,,,
24139000624,B02,,,
24139000631,B01,,,
24139000632,B01,,,
24139000632,B02,,,
24139000635,B01,,,
24139000635,B02,,,
24139000648,B01,,,
24139000648,B02,,,
24139000652,B01,,,
24139000653,B01,,,
24139000653,B02,,,
24139000657,B01,,,
24139000657,B02,,,
24139000658,B03,,,
24139000659,B01,,,
24139000659,B02,,,
24139000663,B01,,,
24139000663,B03,,,
24139000665,B01,,,
24139000665,B02,,,
24139000667,B01,,,
24139000673,B06,,,
24139000674,B01,,,
24139000674,B02,,,
24139000678,B01,,,
24139000678,B02,,,
24139000679,B01,,,
24139000679,B02,,,
24139000681,B01,,,
24139000681,B02,,,
24139000682,B01,,,
24139000682,B02,,,
24139000690,B01,,,
24139000691,B01,,,
24139000691,B02,,,
24139000694,B03,,,
24139000697,B03,,,
24139000701,B06,,,
24139000706,B01,,,
24139000706,B02,,,
24139000708,B03,,,
24139000709,B01,,,
24139000710,B01,,,
24139000712,B01,,,
24139000712,B02,,,
24139000719,B01,,,
24139000719,B02,,,
24139000721,B01,,,
24139000722,B01,,,
24139000725,B01,,,
24139000725,B03,,,
24139000729,B01,,,
24139000729,B02,,,
24139000729,B03,,,
24139000731,B01,,,
24139000731,B02,,,
24139000731,B05,,,
24139000732,B01,,,
24139000734,B01,,,
24139000734,B02,,,
24139000736,B03,,,
24139000738,B03,,,
24139000739,B03,,,
24139000741,B01,,,
24139000741,B02,,,
24139000748,B01,,,
24139000748,B02,,,
24139000749,B01,,,
24139000749,B02,,,
24139000752,B01,,,
24139000752,B03,,,
24139000754,B03,,,
24139000756,B03,,,
24139000757,B01,,,
24139000757,B03,,,
24139000759,B01,,,
24139000759,B02,,,
24139000759,B03,,,
24139000773,B03,,,
24139000777,B01,,,
24139000777,B02,,,
24141000004,B01,,,
24141000004,B02,,,
24141000015,B03,,,
24141000044,B01,,,
24141000044,B02,,,
24141000150,B03,,,
24141000206,B01,,,
24141000206,B02,,,
24141000319,B03,,,
24141000327,B01,,,
24141000327,B03,,,
24141000329,B01,,,
24141000329,B02,,,
24141000330,B01,,,
24141000330,B02,,,
24141000331,B01,,,
24141000340,B03,,,
24141000341,B01,,,
24141000341,B02,,,
24141000342,B01,,,
24141000342,B02,,,
24141000349,B01,,,
24141000350,B01,,,
24141000350,B03,,,
24141000351,B01,,,
24141000351,B03,,,
24141000352,B01,,,
24141000356,B03,,,
24141000357,B03,,,
24141000358,B03,,,
24141000362,B01,,,
24141000362,B02,,,
24141000369,B03,,,
24141000372,B03,,,
24141000374,B01,,,
24141000374,B02,,,
24141000375,B01,,,
24141000376,B01,,,
24141000377,B01,,,
24141000377,B02,,,
24141000378,B03,,,
24141000389,B03,,,
24141000394,B01,,,
24141000394,B02,,,
24141000397,B01,,,
24141000398,B01,,,
24141000404,B01,,,
24141000404,B03,,,
24141000407,B01,,,
24141000409,B03,,,
24141000410,B01,,,
24141000412,B03,,,
24141000415,B03,,,
24141000416,B01,,,
24141000416,B02,,,
24141000416,B03,,,
24141000417,B03,,,
24141000420,B01,,,
24143000007,B03,,,
24143000060,B01,,,
24143000060,B03,,,
24143000114,B01,,,
24143000119,B01,,,
24143000119,B03,,,
24143000125,B01,,,
24143000125,B02,,,
24143000129,B06,,,
24143000134,B01,,,
24143000136,B03,,,
24143000137,B01,,,
24143000137,B02,,,
24143000140,B01,,,
24143000140,B02,,,
24143000142,B01,,,
24143000142,B02,,,
24143000142,B03,,,
24143000143,B01,,,
24143000143,B02,,,
24143000148,B03,,,
24143000149,B01,,,
24143000150,B03,,,
24143000152,B01,,,
24143000152,B02,,,
24143000152,B03,,,
24143000163,B01,,,
24143000163,B02,,,
24145000025,B01,,,
24145000025,B02,,,
24145000025,B03,,,
24145000144,B03,,,
24145000152,B01,,,
24145000152,B02,,,
24145000152,B03,,,
24145000166,B03,,,
24145000170,B01,,,
24145000170,B02,,,
24145000170,B03,,,
24145000206,B03,,,
24145000207,B01,,,
24145000207,B02,,,
24145000208,B03,,,
24145000209,B03,,,
24145000213,B01,,,
24145000213,B02,,,
24145000216,B06,,,
24145000219,B03,,,
24145000220,B01,,,
24145000220,B03,,,
24145000221,B01,,,
24145000221,B02,,,
24145000222,B01,,,
24145000222,B02,,,
24145000225,B01,,,
24145000225,B02,,,
24145000225,B05,,,
24145000227,B03,,,
24145000229,B03,,,
24145000230,B01,,,
24145000230,B02,,,
24145000233,B01,,,
24145000237,B01,,,
24145000238,B01,,,
24145000238,B02,,,
24145000240,B01,,,
24145000240,B02,,,
24145000244,B03,,,
24145000246,B01,,,
24145000246,B02,,,
24145000249,B03,,,
24145000250,B01,,,
24145000250,B02,,,
24145000251,B01,,,
24145000251,B02,,,
24145000253,B01,,,
24145000253,B02,,,
24145000255,B01,,,
24145000255,B02,,,
24145000259,B01,,,
24145000259,B02,,,
24145000261,B01,,,
24145000261,B02,,,
24145000262,B01,,,
24145000262,B02,,,
24145000264,B01,,,
24145000265,B03,,,
24145000266,B06,,,
24145000267,B01,,,
24145000267,B02,,,
24145000268,B01,,,
24145000268,B02,,,
24145000272,B01,,,
24145000272,B02,,,
24145000275,B01,,,
24145000275,B02,,,
24145000275,B03,,,
24145000277,B01,,,
24145000277,B02,,,
24145000278,B01,,,
24145000280,B01,,,
24145000281,B01,,,
24145000281,B02,,,
24145000282,B01,,,
24145000283,B01,,,
24145000283,B02,,,
24145000285,B03,,,
24145000288,B03,,,
24145000288,H31,,,
24145000289,B03,,,
24145000293,B01,,,
24145000296,B01,,,
24145000296,B02,,,
24145000299,B01,,,
24145000299,B02,,,
24146000027,B03,,,
24146000028,B03,,,
24146000031,B01,,,
24146000031,B03,,,
24146000036,B03,,,
24146000037,B03,,,
24146000614,B01,,,
24146000614,B02,,,
24146000621,B01,,,
24146000621,B02,,,
24146000621,B03,,,
24146000673,B01,,,
24146000673,B02,,,
24146000673,B03,,,
24146000689,B01,,,
24146000689,B02,,,
24146000689,B03,,,
24146000702,B01,,,
24146000702,B02,,,
24146000702,B03,,,
24146000717,B03,,,
24146000729,B01,,,
24146000729,B03,,,
24146000736,B03,,,
24146000736,H31,,,
24146000736,H32,,,
24146000739,B03,,,
24146000745,B01,,,
24146000745,B02,,,
24146000745,B03,,,
24146000747,B01,,,
24146000747,B02,,,
24146000754,B01,,,
24146000754,B02,,,
24146000754,B03,,,
24146000759,B01,,,
24146000759,B02,,,
24146000759,B03,,,
24146000762,B03,,,
24146000777,B01,,,
24146000777,B02,,,
24146000800,B01,,,
24146000800,B02,,,
24146000810,B01,,,
24146000814,B03,,,
24146000815,B01,,,
24146000815,B02,,,
24146000820,B01,,,
24146000822,B01,,,
24146000822,B02,,,
24146000824,B03,,,
24146000825,B01,,,
24146000825,B02,,,
24146000825,B03,,,
24146000831,B01,,,
24146000831,B02,,,
24146000834,B06,,,
24146000835,B03,,,
24146000838,B03,,,
24146000845,B01,,,
24146000845,B02,,,
24146000848,B01,,,
24146000848,B02,,,
24146000849,B03,,,
24146000853,B01,,,
24146000858,B01,,,
24146000858,B02,,,
24146000859,B01,,,
24146000859,B02,,,
24146000860,B01,,,
24146000860,B02,,,
24146000865,B03,,,
24146000866,B03,,,
24146000867,B03,,,
24146000874,B01,,,
24146000874,B02,,,
24146000881,B01,,,
24146000881,B02,,,
24146000882,B01,,,
24146000882,B02,,,
24146000889,B01,,,
24146000889,B02,,,
24146000896,B01,,,
24146000896,B02,,,
24146000897,B01,,,
24146000897,B02,,,
24146000898,B01,,,
24146000898,B02,,,
24146000898,B03,,,
24146000900,B01,,,
24146000900,B02,,,
24146000906,B01,,,
24146000906,B02,,,
24146000907,B01,,,
24146000907,B02,,,
24146000908,B01,,,
24146000908,B05,,,
24146000917,B01,,,
24146000921,B03,,,
24146000923,B01,,,
24146000923,B02,,,
24146000928,B03,,,
24146000932,B01,,,
24146000932,B02,,,
24146000933,B01,,,
24146000933,B03,,,
24146000935,B01,,,
24146000935,B02,,,
24146000940,B01,,,
24146000940,B02,,,
24146000940,B03,,,
24146000942,B01,,,
24146000943,B01,,,
24146000943,B02,,,
24146000945,B01,,,
24146000945,B02,,,
24146000945,B03,,,
24146000947,B03,,,
24146000952,B01,,,
24146000952,B02,,,
24146000957,B03,,,
24146000958,B01,,,
24146000958,B02,,,
24146000958,B05,,,
24146000961,B03,,,
24146000962,B01,,,
24146000962,B02,,,
24146000966,B01,,,
24146000966,B02,,,
24146000973,B01,,,
24146000973,B02,,,
24146000974,B01,,,
24146000974,B03,,,
24146000978,B03,,,
24146000983,B01,,,
24146000983,B03,,,
24146000984,B01,,,
24146000984,B02,,,
24146000985,B03,,,
24146000986,B03,,,
24146000988,B01,,,
24146000994,B03,,,
24146000997,B01,,,
24146000997,B03,,,
24146000998,B01,,,
24146000998,B03,,,
24146001003,B01,,,
24146001003,B02,,,
24146001003,B05,,,
24146001008,B03,,,
24146001009,B01,,,
24146001010,B03,,,
24146001011,B01,,,
24146001011,B02,,,
24146001011,B03,,,
24146001012,B01,,,
24146001013,B03,,,
24146001017,B01,,,
24146001017,B03,,,
24146001021,B01,,,
24146001021,B02,,,
24146001022,B06,,,
24146001023,B01,,,
24146001023,B02,,,
24146001025,B06,,,
24146001028,B01,,,
24146001028,B02,,,
24146001028,B03,,,
24146001030,B03,,,
24146001034,B03,,,
24146001034,B04,,,
24146001035,B01,,,
24146001036,B01,,,
24146001036,B02,,,
24146001037,B06,,,
24146001040,B03,,,
24146001041,B06,,,
24146001044,B01,,,
24146001044,B02,,,
24146001045,B01,,,
24146001045,B02,,,
24146001045,B03,,,
24146001047,B01,,,
24146001049,B01,,,
24146001049,B02,,,
24146001050,B01,,,
24146001050,B02,,,
24146001052,B01,,,
24146001054,B01,,,
24146001058,B01,,,
24146001059,B01,,,
24146001059,B02,,,
24146001060,B01,,,
24146001060,B02,,,
24146001065,B01,,,
24146001065,B02,,,
24146001070,B01,,,
24146001073,B03,,,
24146001075,B01,,,
24146001075,B02,,,
24146001079,B01,,,
24146001079,B02,,,
24146001083,B03,,,
24146001087,B03,,,
24146001088,B01,,,
24146001088,B02,,,
24146001089,B03,,,
24146001090,B01,,,
24146001090,B02,,,
24146001090,B03,,,
24146001093,B03,,,
24146001095,B01,,,
24146001099,B01,,,
24146001099,B02,,,
24146001099,B05,,,
24146001101,B01,,,
24146001104,B03,,,
24146001105,B01,,,
24146001106,B01,,,
24146001107,B01,,,
24146001108,B01,,,
24146001108,B03,,,
24146001110,B03,,,
24146001111,B01,,,
24146001111,B02,,,
24146001112,B01,,,
24146001113,B03,,,
24146001116,B03,,,
24146001117,B03,,,
24146001124,B03,,,
24146001127,B01,,,
24146001128,B03,,,
24146001129,B01,,,
24146001129,B02,,,
24146001129,B03,,,
24146001132,B01,,,
24146001132,B02,,,
24148000008,B01,,,
24148000031,B01,,,
24148000031,B03,,,
24148000219,B01,,,
24148000219,B02,,,
24148000373,B03,,,
24148000393,B03,,,
24148000416,B03,,,
24148000432,B01,,,
24148000432,B02,,,
24148000432,B03,,,
24148000436,B01,,,
24148000436,B03,,,
24148000458,B03,,,
24148000478,B01,,,
24148000478,B03,,,
24148000478,H31,,,
24148000478,H32,,,
24148000484,B03,,,
24148000490,B03,,,
24148000494,B01,,,
24148000494,B02,,,
24148000495,B01,,,
24148000495,B02,,,
24148000498,B03,,,
24148000510,B01,,,
24148000513,B01,,,
24148000513,B02,,,
24148000517,B01,,,
24148000518,B01,,,
24148000522,B01,,,
24148000528,B03,,,
24148000528,H31,,,
24148000529,B03,,,
24148000536,B01,,,
24148000536,B02,,,
24148000537,B01,,,
24148000537,B02,,,
24148000539,B03,,,
24148000540,B01,,,
24148000540,B02,,,
24148000540,B03,,,
24148000546,B01,,,
24148000546,B02,,,
24148000547,B03,,,
24148000548,B03,,,
24148000550,B03,,,
24148000552,B01,,,
24148000552,B02,,,
24148000553,B03,,,
24148000553,H31,,,
24148000553,H32,,,
24148000554,B03,,,
24148000558,B03,,,
24148000562,B03,,,
24148000565,B01,,,
24148000565,B02,,,
24148000567,B01,,,
24148000567,B02,,,
24148000568,B03,,,
24148000569,B01,,,
24148000569,B02,,,
24148000572,B03,,,
24148000574,B01,,,
24148000574,B02,,,
24148000575,B01,,,
24148000575,B02,,,
24148000575,B03,,,
24148000575,B04,,,
24148000575,H31,,,
24148000581,B03,,,
24148000584,B01,,,
24148000587,B01,,,
24148000587,B02,,,
24148000594,B01,,,
24148000594,B02,,,
24148000594,B05,,,
24148000596,B01,,,
24148000600,B01,,,
24148000600,B02,,,
24148000601,B01,,,
24148000601,B02,,,
24148000602,B01,,,
24148000606,B03,,,
24148000609,B01,,,
24148000612,B01,,,
24148000612,B02,,,
24148000614,B01,,,
24148000618,B03,,,
24148000618,H31,,,
24148000621,B01,,,
24148000621,B02,,,
24148000631,B01,,,
24148000633,B01,,,
24148000633,B02,,,
24148000633,B03,,,
24148000634,B01,,,
24148000634,B02,,,
24148000634,B03,,,
24148000635,B01,,,
24148000635,B03,,,
24148000636,B01,,,
24148000636,B03,,,
24148000638,B03,,,
24148000645,B03,,,
24148000647,B01,,,
24148000647,B02,,,
24148000647,B03,,,
24148000650,B01,,,
24148000653,B01,,,
24148000654,B05,,,
24148000655,B01,,,
24148000655,B02,,,
24148000655,B05,,,
24148000656,B01,,,
24148000656,B02,,,
24148000657,B01,,,
24148000657,B02,,,
24148000659,B01,,,
24148000669,B01,,,
24148000670,B01,,,
24148000670,B02,,,
24148000671,B01,,,
24148000671,B02,,,
24148000673,B03,,,
24148000677,B01,,,
24148000682,B03,,,
24148000686,B01,,,
24148000686,B02,,,
24148000686,B03,,,
24148000687,B01,,,
24148000690,B01,,,
24148000690,B02,,,
24148000694,B03,,,
24148000701,B01,,,
24148000701,B02,,,
24148000702,B01,,,
24148000702,B02,,,
24148000703,B01,,,
24148000706,B01,,,
24148000706,B02,,,
24148000706,B05,,,
24150000005,B03,,,
24150000131,B03,,,
24150000133,B03,,,
24150000139,B03,,,
24150000142,B03,,,
24150000169,B01,,,
24150000169,B03,,,
24150000175,B01,,,
24150000175,B03,,,
24150000187,B03,,,
24150000190,B03,,,
24150000205,B03,,,
24150000206,B03,,,
24150000209,B03,,,
24150000216,B03,,,
24150000218,B06,,,
24150000221,B01,,,
24150000221,B02,,,
24150000224,B06,,,
24150000230,B03,,,
24150000233,B01,,,
24150000233,B02,,,
24150000235,B01,,,
24150000238,B01,,,
24150000239,B01,,,
24150000240,B01,,,
24150000241,B01,,,
24150000242,B01,,,
24150000244,B03,,,
24150000245,B01,,,
24150000245,B02,,,
24150000245,B03,,,
24150000252,B01,,,
24150000255,B01,,,
24150000255,B02,,,
24155000012,B01,,,
24155000012,B03,,,
24155000036,B03,,,
24155000168,B01,,,
24155000168,B02,,,
24155000208,B03,,,
24155000210,B01,,,
24155000210,B02,,,
24155000213,B03,,,
24155000215,B01,,,
24155000219,B01,,,
24155000219,B02,,,
24155000220,B01,,,
24155000220,B02,,,
24155000222,B01,,,
24155000223,B01,,,
24155000223,B02,,,
24155000226,B01,,,
24155000226,B02,,,
24155000228,B01,,,
24155000229,B03,,,
24155000230,B01,,,
24155000231,B01,,,
24155000232,B01,,,
24155000232,B02,,,
24155000234,B01,,,
24155000236,B01,,,
24155000236,B03,,,
24155000240,B01,,,
24155000240,B03,,,
24155000241,B01,,,
24155000241,B03,,,
24155000242,B03,,,
24155000244,B01,,,
24155000249,B01,,,
24155000250,B01,,,
24155000250,B02,,,
24155000251,B01,,,
24155000252,B01,,,
24155000257,B03,,,
24155000258,B01,,,
24155000261,B01,,,
24155000261,B02,,,
24155000261,B03,,,
24155000265,B03,,,
24155000268,B01,,,
24155000268,B02,,,
24155000272,B03,,,
24155000275,B01,,,
24155000275,B02,,,
24155000277,B01,,,
24155000277,B02,,,
24155000278,B01,,,
24155000278,B02,,,
24155000279,B01,,,
24155000279,B03,,,
24155000281,B01,,,
24155000281,B02,,,
24155000282,B01,,,
24155000286,B01,,,
24155000286,B02,,,
24155000287,B01,,,
24155000287,B02,,,
24155000289,B03,,,
24155000293,B01,,,
24155000293,B02,,,
24155000295,B01,,,
24155000296,B01,,,
24155000296,B02,,,
24155000297,B01,,,
24155000299,B01,,,
24155000303,B01,,,
24155000305,B03,,,
24155000306,B01,,,
24155000307,B01,,,
24155000308,B03,,,
24155000309,B01,,,
24155000309,B03,,,
24155000314,B01,,,
24155000315,B03,,,
24157000100,B03,,,
24157000234,B03,,,
24157000253,B01,,,
24157000253,B03,,,
24157000253,H31,,,
24157000253,H32,,,
24157000270,B03,,,
24157000274,B01,,,
24157000274,B02,,,
24157000274,B03,,,
24157000276,B03,,,
24157000288,B03,,,
24157000306,B03,,,
24157000323,B03,,,
24157000328,B03,,,
24157000333,B01,,,
24157000333,B02,,,
24157000333,B03,,,
24157000334,B01,,,
24157000334,B02,,,
24157000334,B03,,,
24157000335,B01,,,
24157000335,B02,,,
24157000335,B03,,,
24157000337,B01,,,
24157000337,B02,,,
24157000338,B01,,,
24157000340,B01,,,
24157000340,B03,,,
24157000345,B01,,,
24157000345,B02,,,
24157000346,B01,,,
24157000348,B01,,,
24157000348,B03,,,
24157000350,B01,,,
24157000350,B02,,,
24157000356,B01,,,
24157000356,B02,,,
24157000357,B01,,,
24157000357,B02,,,
24157000358,B03,,,
24157000359,B01,,,
24157000360,B01,,,
24157000360,B02,,,
24157000369,B03,,,
24157000373,B03,,,
24157000375,B03,,,
24157000381,B05,,,
24157000386,B03,,,
24157000387,B01,,,
24157000387,B02,,,
24157000388,B03,,,
24157000390,B01,,,
24157000390,B02,,,
24157000392,B01,,,
24157000392,B02,,,
24157000398,B01,,,
24157000398,B02,,,
24157000402,B01,,,
24157000402,B02,,,
24157000402,B05,,,
24157000402,B06,,,
24157000407,B01,,,
24157000407,B02,,,
24157000410,B04,,,
24157000412,B03,,,
24157000414,B01,,,
24157000418,B01,,,
24157000431,B03,,,
24157000439,B01,,,
24157000439,B02,,,
24157000452,B01,,,
24157000453,B03,,,
24157000454,B01,,,
24157000454,B02,,,
24157000459,B01,,,
24157000459,B02,,,
24157000463,B01,,,
24157000464,B01,,,
24157000464,B05,,,
24157000465,B01,,,
24157000465,B02,,,
24157000465,B05,,,
24157000467,B01,,,
24157000467,B03,,,
24157000471,B01,,,
24157000471,B02,,,
24157000473,B06,,,
24157000474,B01,,,
24157000474,B02,,,
24157000476,B01,,,
24157000476,B03,,,
24157000483,B03,,,
24157000485,B01,,,
24157000486,B01,,,
24157000487,B01,,,
24157000487,B02,,,
24157000488,B01,,,
24157000488,B02,,,
24157000490,B03,,,
24157000494,B03,,,
24159000012,B01,,,
24159000012,B03,,,
24159000037,B03,,,
24159000047,B03,,,
24159000066,B03,,,
24159000106,B03,,,
24159000185,B03,,,
24159000197,B01,,,
24159000197,B02,,,
24159000220,B01,,,
24159000220,B02,,,
24159000273,B01,,,
24159000273,B02,,,
24159000273,B03,,,
24159000290,B01,,,
24159000290,B02,,,
24159000319,B01,,,
24159000319,B03,,,
24159000344,B01,,,
24159000344,B02,,,
24159000344,B03,,,
24159000380,B01,,,
24159000380,B02,,,
24159000387,B01,,,
24159000387,B02,,,
24159000387,B03,,,
24159000387,B05,,,
24159000393,B03,,,
24159000407,B01,,,
24159000407,B02,,,
24159000409,B03,,,
24159000414,B01,,,
24159000414,B02,,,
24159000423,B01,,,
24159000423,B02,,,
24159000423,B03,,,
24159000423,B04,,,
24159000425,B03,,,
24159000432,B03,,,
24159000437,B03,,,
24159000439,B01,,,
24159000439,B02,,,
24159000439,B03,,,
24159000443,B03,,,
24159000445,B01,,,
24159000445,B02,,,
24159000449,B01,,,
24159000449,B02,,,
24159000454,B03,,,
24159000455,B03,,,
24159000459,B03,,,
24159000464,B03,,,
24159000473,B03,,,
24159000484,B06,,,
24159000491,B01,,,
24159000491,B02,,,
24159000494,B01,,,
24159000494,B02,,,
24159000496,B01,,,
24159000496,B02,,,
24159000497,B01,,,
24159000497,B02,,,
24159000497,B03,,,
24159000497,B05,,,
24159000498,B01,,,
24159000498,B02,,,
24159000499,B01,,,
24159000499,B02,,,
24159000500,B03,,,
24159000507,B01,,,
24159000508,B01,,,
24159000508,B05,,,
24159000509,B01,,,
24159000509,B02,,,
24159000510,B01,,,
24159000512,B01,,,
24159000512,B02,,,
24159000512,B03,,,
24159000520,B01,,,
24159000520,B03,,,
24159000521,B01,,,
24159000521,B02,,,
24159000523,B03,,,
24159000524,B01,,,
24159000525,B01,,,
24159000525,B03,,,
24159000532,B01,,,
24159000532,B02,,,
24159000533,B01,,,
24159000533,B02,,,
24159000555,B01,,,
24159000555,B03,,,
24159000557,B02,,,
24159000561,B01,,,
24159000567,B01,,,
24159000567,B02,,,
24159000567,B05,,,
24159000569,B01,,,
24159000569,B02,,,
24159000570,B03,,,
24159000576,B01,,,
24159000578,B01,,,
24159000584,B03,,,
24159000589,B01,,,
24159000589,B02,,,
24159000589,B05,,,
24159000590,B01,,,
24159000592,B01,,,
24159000592,B02,,,
24159000595,B03,,,
24159000601,B03,,,
24159000605,B01,,,
24159000605,B02,,,
24159000605,B03,,,
24159000605,H31,,,
24159000606,B03,,,
24159000613,B01,,,
24159000613,B02,,,
24159000613,B03,,,
24159000614,B01,,,
24159000614,B02,,,
24159000618,B01,,,
24159000619,B01,,,
24159000619,B02,,,
24159000625,B01,,,
24159000625,B02,,,
24159000626,B03,,,
24159000630,B01,,,
24159000630,B02,,,
24159000631,B01,,,
24159000631,B02,,,
24159000632,B03,,,
24159000642,B03,,,
24159000651,B01,,,
24159000651,B03,,,
24159000653,B01,,,
24159000653,B02,,,
24159000656,B01,,,
24159000657,B01,,,
24159000657,B02,,,
24159000667,B01,,,
24159000667,B03,,,
24159000677,B01,,,
24159000683,B01,,,
24159000684,B01,,,
24159000684,B02,,,
24159000686,B01,,,
24159000686,B02,,,
24159000686,B03,,,
24159000686,B05,,,
24159000689,B01,,,
24159000689,B03,,,
24159000690,B03,,,
24159000693,B01,,,
24159000693,B02,,,
24159000694,B01,,,
24159000696,B03,,,
24159000697,B03,,,
24159000699,B01,,,
24159000700,B03,,,
24159000702,B03,,,
24159000703,B01,,,
24159000703,B02,,,
24159000708,B01,,,
24159000708,B02,,,
24159000710,B01,,,
24159000710,B02,,,
24159000711,B01,,,
24159000711,B02,,,
24159000711,B03,,,
24159000719,B01,,,
24159000719,B02,,,
24159000720,B01,,,
24159000720,B02,,,
24159000726,B01,,,
24159000726,B02,,,
24159000728,B03,,,
24159000734,B01,,,
24159000734,B02,,,
24159000741,B03,,,
24159000742,B06,,,
24159000746,B01,,,
24159000746,B02,,,
24159000750,B03,,,
24159000751,B03,,,
24159000752,B01,,,
24159000752,B02,,,
24159000754,B01,,,
24159000756,B01,,,
24159000759,B01,,,
24159000759,B02,,,
24159000760,B01,,,
24159000760,B02,,,
24159000763,B01,,,
24159000763,B02,,,
24159000765,B01,,,
24161000016,B03,,,
24161000206,B05,,,
24161000207,B03,,,
24161000208,B01,,,
24161000208,B03,,,
24161000209,B01,,,
24161000213,B01,,,
24161000213,B02,,,
24161000213,B03,,,
24161000219,B01,,,
24161000219,B02,,,
24161000221,B01,,,
24161000221,B02,,,
24161000226,B01,,,
24161000227,B06,,,
24161000228,B01,,,
24161000228,B02,,,
24161000228,B05,,,
24161000229,B01,,,
24161000229,B02,,,
24161000237,B01,,,
24161000237,B02,,,
24161000238,B01,,,
24161000238,B02,,,
24161000240,B01,,,
24161000240,B02,,,
24161000241,B01,,,
24161000241,B02,,,
24161000242,B01,,,
24161000242,B02,,,
24161000248,B01,,,
24161000248,B02,,,
24161000250,B03,,,
24161000253,B01,,,
24161000253,B02,,,
24161000257,B01,,,
24161000261,B01,,,
24161000261,B02,,,
24161000267,B01,,,
24161000267,B02,,,
24161000268,B03,,,
24161000270,B01,,,
24161000270,B03,,,
24161000271,B01,,,
24161000271,B02,,,
24161000275,B03,,,
24161000276,B01,,,
24161000276,B02,,,
24161000282,B03,,,
24161000284,B01,,,
24161000284,B02,,,
24161000284,B03,,,
24161000286,B01,,,
24161000286,B02,,,
24161000289,B03,,,
24161000290,B03,,,
24161000291,B06,,,
24161000292,B03,,,
24161000297,B01,,,
24161000297,B02,,,
24161000298,B03,,,
24161000300,B01,,,
24161000300,B03,,,
24161000304,B03,,,
24161000306,B01,,,
24161000306,B02,,,
24161000307,B01,,,
24161000310,B01,,,
24161000310,B03,,,
24161000312,B03,,,
24161000315,B01,,,
24161000315,B02,,,
24161000315,B03,,,
24161000320,B01,,,
24163000030,B01,,,
24163000030,B02,,,
24163000030,B03,,,
24163000378,B01,,,
24163000378,B03,,,
24163000380,B01,,,
24163000380,B02,,,
24163000380,B03,,,
24163000384,B01,,,
24163000384,B02,,,
24163000384,B03,,,
24163000391,B03,,,
24163000396,B01,,,
24163000397,B01,,,
24163000397,B03,,,
24163000399,B01,,,
24163000404,B01,,,
24163000404,B02,,,
24163000404,B03,,,
24163000410,B01,,,
24163000412,B01,,,
24163000412,B02,,,
24163000422,B01,,,
24163000422,B02,,,
24163000422,B03,,,
24163000432,B01,,,
24163000438,B03,,,
24163000443,B01,,,
24163000443,B02,,,
24163000443,B03,,,
24163000444,B01,,,
24163000446,B01,,,
24163000446,B02,,,
24163000447,B03,,,
24163000461,B04,,,
24163000462,B06,,,
24163000471,B01,,,
24163000475,B01,,,
24163000475,B03,,,
24163000476,B01,,,
24163000476,B02,,,
24163000477,B03,,,
24163000479,B01,,,
24163000481,B01,,,
24163000481,B02,,,
24163000483,B01,,,
24163000483,B02,,,
24163000483,B03,,,
24163000484,B01,,,
24163000485,B01,,,
24163000492,B01,,,
24163000492,B02,,,
24163000494,B06,,,
24163000500,B01,,,
24163000500,B03,,,
24163000501,B01,,,
24163000503,B01,,,
24163000503,B03,,,
24163000511,B03,,,
24163000513,B01,,,
24163000514,B03,,,
24163000514,B04,,,
24163000515,B01,,,
24163000515,B02,,,
24163000515,B03,,,
24163000519,B01,,,
24163000519,B03,,,
24163000520,B03,,,
24163000520,B04,,,
24163000524,B06,,,
24163000525,B01,,,
24163000525,B02,,,
24163000527,B01,,,
24163000527,B03,,,
24163000527,B05,,,
24163000531,B01,,,
24163000531,B02,,,
24163000533,B03,,,
24163000535,B03,,,
24163000536,B01,,,
24163000538,B03,,,
24163000545,B03,,,
24163000546,B01,,,
24163000547,B01,,,
24163000550,B01,,,
24163000550,B02,,,
24165000277,B03,,,
24165000307,B01,,,
24165000317,B01,,,
24165000320,B03,,,
24165000323,B01,,,
24165000323,B02,,,
24165000323,B03,,,
24165000325,B01,,,
24165000325,B02,,,
24165000325,B03,,,
24165000327,B01,,,
24165000327,B02,,,
24165000331,B01,,,
24165000331,B02,,,
24165000334,B01,,,
24165000341,B03,,,
24165000345,B01,,,
24165000345,B02,,,
24165000349,B01,,,
24165000349,B03,,,
24165000359,B01,,,
24165000359,B03,,,
24165000364,B01,,,
24165000366,B01,,,
24165000366,B03,,,
24165000367,B01,,,
24165000371,B03,,,
24165000386,B01,,,
24165000386,B02,,,
24165000386,B03,,,
24165000388,B01,,,
24165000389,B01,,,
24165000389,B03,,,
24165000390,B01,,,
24165000390,B02,,,
24165000391,B01,,,
24165000391,B02,,,
24165000395,B01,,,
24165000395,B03,,,
24165000402,B03,,,
24165000405,B01,,,
24165000405,B03,,,
24165000407,B01,,,
24165000407,B03,,,
24165000408,B01,,,
24165000415,B01,,,
24165000416,B01,,,
24165000416,B03,,,
24165000417,B03,,,
24165000418,B01,,,
24165000418,B03,,,
24165000419,B01,,,
24165000419,B02,,,
24165000422,B01,,,
24165000432,B03,,,
24165000433,B01,,,
24165000438,B01,,,
24165000442,B03,,,
24167000156,B01,,,
24167000156,B03,,,
24167000160,B01,,,
24167000160,B02,,,
24167000162,B01,,,
24167000162,B02,,,
24167000167,B03,,,
24167000169,B01,,,
24167000169,B03,,,
24167000171,B03,,,
24167000172,B01,,,
24167000172,B02,,,
24167000173,B01,,,
24167000176,B01,,,
24167000176,B03,,,
24167000177,B01,,,
24167000177,B02,,,
24167000179,B01,,,
24167000179,B02,,,
24167000180,B01,,,
24167000181,B01,,,
24167000181,B02,,,
24167000181,B05,,,
24167000183,B01,,,
24167000184,B01,,,
24167000187,B03,,,
24167000190,B01,,,
24167000191,B01,,,
24167000192,B01,,,
24167000192,B02,,,
24167000193,B01,,,
24167000195,B01,,,
24167000195,B05,,,
24167000197,B01,,,
24167000198,B01,,,
24167000198,B02,,,
24167000199,B01,,,
24167000199,B02,,,
24167000200,B01,,,
24167000201,B01,,,
24167000201,B02,,,
24167000202,B01,,,
24167000203,B06,,,
24167000204,B03,,,
24173000005,B01,,,
24173000005,B02,,,
24173000005,B03,,,
24173000006,B03,,,
24173000014,B01,,,
24173000014,B02,,,
24173000014,B03,,,
24173000021,B03,,,
24173000095,B03,,,
24180000002,B03,,,
24180000110,B01,,,
24180000111,B01,,,
24180000112,B01,,,
24180000112,B02,,,
24180000115,B01,,,
24180000115,B02,,,
24180000116,B01,,,
24180000116,B02,,,
24180000117,B01,,,
24180000117,B02,,,
24180000117,B03,,,
24180000118,B01,,,
24180000118,B02,,,
24180000118,B06,,,
24180000119,B01,,,
24180000119,B02,,,
24180000119,B03,,,
24180000124,B01,,,
24180000125,B01,,,
24180000125,B02,,,
24180000126,B01,,,
24180000126,B02,,,
24180000128,B01,,,
24180000130,B01,,,
24180000130,B02,,,
24182000102,B01,,,
24182000102,B02,,,
24182000102,B03,,,
24182000102,H31,,,
24182000102,H32,,,
24182000102,H33,,,
24182000103,B01,,,
24182000103,B02,,,
24182000105,B01,,,
24182000105,B02,,,
24182000109,B01,,,
24182000109,B03,,,
24182000114,B01,,,
24182000114,B03,,,
24182000115,B01,,,
24182000116,B01,,,
24182000116,B02,,,
24182000116,B03,,,
24182000117,B01,,,
24182000117,B03,,,
24182000118,B01,,,
24182000120,B01,,,
24182000120,B02,,,
24182000122,B01,,,
24182000122,B02,,,
24182000124,B03,,,
24182000127,B01,,,
24182000127,B03,,,
24182000128,B06,,,
24182000129,B01,,,
24182000132,B06,,,
24182000135,B03,,,
24183000005,B03,,,
24183000016,B03,,,
24183000107,B01,,,
24183000107,B02,,,
24183000107,B03,,,
24183000130,B01,,,
24183000130,B02,,,
24183000132,B01,,,
24183000132,B02,,,
24183000132,B03,,,
24183000161,B03,,,
24183000174,B03,,,
24183000175,B01,,,
24183000175,B02,,,
24183000176,B01,,,
24183000177,B03,,,
24183000180,B01,,,
24183000184,B01,,,
24183000184,B02,,,
24183000186,B01,,,
24183000187,B01,,,
24183000191,B01,,,
24183000191,B02,,,
24183000194,B01,,,
24183000196,B01,,,
24183000198,B01,,,
24183000199,B01,,,
24183000199,B03,,,
24183000201,B01,,,
24183000201,B02,,,
24183000202,B01,,,
24183000209,B01,,,
24183000209,B02,,,
24183000212,B01,,,
24183000215,B01,,,
24183000215,B02,,,
24183000216,B01,,,
24183000216,B02,,,
24183000217,B01,,,
24183000217,B03,,,
24183000220,B03,,,
24183000221,B03,,,
24183000221,B04,,,
24183000237,B03,,,
24183000240,B01,,,
24211000017,B01,,,
24211000017,B02,,,
24211000216,B01,,,
24211000216,B02,,,
24211000216,B03,,,
24211000228,B01,,,
24211000228,B02,,,
24211000228,B03,,,
24211000228,B05,,,
24211000253,B01,,,
24211000253,B03,,,
24211000275,B01,,,
24211000275,B02,,,
24211000282,B03,,,
24211000286,B03,,,
24211000353,B03,,,
24211000357,B01,,,
24211000357,B02,,,
24211000357,B03,,,
24211000369,B01,,,
24211000369,B02,,,
24211000373,B01,,,
24211000373,B03,,,
24211000378,B03,,,
24211000386,B01,,,
24211000386,B02,,,
24211000392,B01,,,
24211000392,B02,,,
24211000394,B01,,,
24211000394,B02,,,
24211000396,B01,,,
24211000396,B02,,,
24211000399,B03,,,
24211000405,B01,,,
24211000405,B02,,,
24211000407,B01,,,
24211000407,B03,,,
24211000411,B03,,,
24211000414,B01,,,
24211000414,B02,,,
24211000415,B01,,,
24211000415,B02,,,
24211000421,B01,,,
24211000421,B02,,,
24211000421,B05,,,
24211000422,B01,,,
24211000422,B02,,,
24211000426,B01,,,
24211000426,B02,,,
24211000434,B01,,,
24211000434,B02,,,
24211000436,B01,,,
24211000436,B02,,,
24211000437,B01,,,
24211000438,B01,,,
24211000438,B02,,,
24211000441,B01,,,
24211000449,B01,,,
24211000449,B03,,,
24211000459,B01,,,
24211000459,B03,,,
24211000460,B01,,,
24211000461,B01,,,
24211000471,B01,,,
24211000471,B03,,,
24211000476,B01,,,
24211000476,B02,,,
24211000477,B03,,,
24211000478,B03,,,
24211000479,B01,,,
24211000479,B02,,,
24211000480,B01,,,
24211000480,B02,,,
24211000488,B01,,,
24211000488,B02,,,
24211000490,B01,,,
24211000491,B01,,,
24211000491,B03,,,
24211000493,B01,,,
24211000493,B02,,,
24211000494,B01,,,
24211000494,B02,,,
24211000496,B01,,,
24211000496,B02,,,
24211000497,B01,,,
24211000497,B02,,,
24211000497,B03,,,
24211000498,B01,,,
24211000498,B02,,,
24211000498,B05,,,
24211000499,B01,,,
24211000499,B02,,,
24211000500,B01,,,
24211000500,B02,,,
24211000501,B01,,,
24211000501,B02,,,
24211000503,B01,,,
24211000503,B02,,,
24211000506,B01,,,
24211000506,B03,,,
24211000507,B03,,,
24211000509,B01,,,
24211000509,B02,,,
24211000510,B01,,,
24211000511,B01,,,
24211000511,B02,,,
24211000516,B03,,,
24211000517,B01,,,
24211000520,B03,,,
24211000522,B01,,,
24213000002,B03,,,
24213000016,B03,,,
24213000019,B01,,,
24213000019,B03,,,
24213000214,B01,,,
24213000214,B02,,,
24213000214,B03,,,
24213000254,B01,,,
24213000254,B02,,,
24213000259,B03,,,
24213000271,B03,,,
24213000279,B03,,,
24213000283,B01,,,
24213000291,B03,,,
24213000293,B03,,,
24213000299,B03,,,
24213000301,B01,,,
24213000301,B02,,,
24213000301,B03,,,
24213000302,B03,,,
24213000305,B01,,,
24213000309,B01,,,
24213000309,B02,,,
24213000311,B01,,,
24213000315,B03,,,
24213000321,B03,,,
24213000327,B03,,,
24213000328,B01,,,
24213000329,B03,,,
24213000333,B01,,,
24213000334,B01,,,
24213000335,B06,,,
24213000337,B01,,,
24213000340,B01,,,
24213000347,B06,,,
24213000349,B03,,,
24213000360,B01,,,
24213000360,B02,,,
24213000361,B01,,,
24213000361,B03,,,
24213000363,B01,,,
24213000365,B01,,,
24213000367,B01,,,
24213000367,B02,,,
24213000368,B01,,,
24213000372,B01,,,
24213000375,B01,,,
24213000376,B01,,,
24213000376,B02,,,
24213000377,B03,,,
24213000379,B01,,,
24213000379,B02,,,
24213000391,B01,,,
24213000391,B02,,,
24213000392,B01,,,
24213000393,B01,,,
24213000393,B02,,,
24213000396,B01,,,
24213000398,B01,,,
24213000398,B02,,,
24213000399,B01,,,
24213000400,B03,,,
24213000405,B01,,,
24213000406,B01,,,
24213000406,B02,,,
24213000406,B03,,,
24213000406,B05,,,
24213000407,B03,,,
24213000410,B01,,,
24213000411,B03,,,
24213000412,B01,,,
24213000417,B03,,,
24213000418,B01,,,
24213000421,B03,,,
24213000425,B01,,,
24213000428,B01,,,
24213000428,B03,,,
24213000428,H31,,,
24213000430,B01,,,
24215000005,B01,,,
24215000005,B02,,,
24215000005,B03,,,
24215000028,B03,,,
24215000080,B01,,,
24215000080,B02,,,
24215000080,B03,,,
24215000180,B03,,,
24215000198,B01,,,
24215000198,B03,,,
24215000199,B01,,,
24215000199,B02,,,
24215000199,B03,,,
24215000211,B01,,,
24215000211,B02,,,
24215000211,B03,,,
24215000246,B01,,,
24215000246,B02,,,
24215000284,B03,,,
24215000287,B03,,,
24215000291,B01,,,
24215000293,B01,,,
24215000293,B02,,,
24215000293,B03,,,
24215000293,B05,,,
24215000294,B01,,,
24215000294,B03,,,
24215000298,B01,,,
24215000298,B02,,,
24215000298,B03,,,
24215000301,B01,,,
24215000305,B01,,,
24215000305,B02,,,
24215000310,B01,,,
24215000312,B01,,,
24215000315,B03,,,
24215000316,B03,,,
24215000326,B03,,,
24215000328,B01,,,
24215000331,B01,,,
24215000334,B01,,,
24215000334,B03,,,
24215000335,B01,,,
24215000335,B03,,,
24215000336,B01,,,
24215000336,B02,,,
24215000339,B03,,,
24215000346,B01,,,
24215000349,B03,,,
24215000352,B05,,,
24215000354,B01,,,
24215000354,B02,,,
24215000355,B01,,,
24215000356,B01,,,
24215000357,B03,,,
24215000357,B04,,,
24215000358,B01,,,
24215000363,B01,,,
24215000363,B02,,,
24215000364,B01,,,
24215000367,B03,,,
24215000369,B01,,,
24215000369,B02,,,
24215000370,B01,,,
24215000372,B03,,,
24215000373,B01,,,
24215000374,B01,,,
24215000374,B02,,,
24215000376,B01,,,
24215000378,B01,,,
24215000378,B02,,,
24215000379,B01,,,
24215000379,B05,,,
24215000380,B01,,,
24215000380,B02,,,
24215000383,B01,,,
24215000384,B01,,,
24215000384,B02,,,
24215000385,B01,,,
24215000388,B01,,,
24215000389,B01,,,
24215000390,B01,,,
24215000390,B02,,,
24215000390,B03,,,
24215000391,B03,,,
24215000392,B01,,,
24215000392,B02,,,
24215000393,B01,,,
24215000393,B02,,,
24215000396,B01,,,
24215000397,B01,,,
24215000397,B02,,,
24215000398,B01,,,
24217000006,B02,,,
24217000007,B03,,,
24217000056,B01,,,
24217000070,B01,,,
24217000070,B02,,,
24217000070,B03,,,
24217000070,B05,,,
24217000070,H31,,,
24217000070,H32,,,
24217000079,B01,,,
24217000079,B02,,,
24217000079,B03,,,
24217000079,B05,,,
24217000087,B01,,,
24217000087,B02,,,
24217000087,B03,,,
24217000096,B01,,,
24217000096,B02,,,
24217000096,B05,,,
24217000100,B01,,,
24217000101,B01,,,
24217000101,B02,,,
24217000102,B01,,,
24217000102,B02,,,
24217000103,B01,,,
24217000103,B02,,,
24217000103,B05,,,
24217000106,B01,,,
24217000106,B03,,,
24217000108,B01,,,
24217000111,B01,,,
24217000111,B02,,,
24217000113,B01,,,
24217000113,B02,,,
24217000116,B01,,,
24217000116,B02,,,
24217000116,B03,,,
24217000118,B01,,,
24217000121,B01,,,
24219000019,B01,,,
24219000019,B02,,,
24219000019,B03,,,
24219000019,H31,,,
24219000021,B01,,,
24219000021,B02,,,
24219000021,B03,,,
24219000021,B05,,,
24219000023,B01,,,
24219000023,B02,,,
24219000024,B01,,,
24219000024,B02,,,
24219000029,B01,,,
24219000035,B01,,,
24219000036,B03,,,
24219000036,H31,,,
24221000025,B03,,,
24221000034,B03,,,
24221000042,B03,,,
24221000079,B03,,,
24221000083,B01,,,
24221000083,B03,,,
24221000086,B03,,,
24221000088,B03,,,
24221000089,B03,,,
24221000092,B01,,,
24221000093,B01,,,
24221000093,B03,,,
24221000094,B03,,,
24221000096,B01,,,
24221000096,B02,,,
24221000097,B01,,,
24221000100,B06,,,
24221000101,B01,,,
24221000103,B05,,,
24221000104,B01,,,
24221000104,B02,,,
24223000035,B03,,,
24223000073,B03,,,
24223000094,B01,,,
24223000094,B02,,,
24223000100,B01,,,
24223000100,B03,,,
24223000101,B01,,,
24223000101,B02,,,
24223000101,B05,,,
24223000105,B01,,,
24223000105,B02,,,
24223000107,B01,,,
24223000108,B01,,,
24223000114,B01,,,
24223000114,B02,,,
24223000116,B01,,,
24223000119,B01,,,
24223000119,B02,,,
24223000120,B01,,,
24272000013,B03,,,
24272000013,H31,,,
24272000071,B01,,,
24272000071,B02,,,
24272000084,B01,,,
24272000087,B01,,,
24272000090,B01,,,
24272000090,B02,,,
24272000093,B01,,,
24272000093,B02,,,
24272000095,B01,,,
24272000096,B01,,,
24272000096,B02,,,
24272000099,B01,,,
24272000099,B02,,,
24272000100,B01,,,
24272000100,B02,,,
24272000102,B01,,,
24273000025,B03,,,
24273000030,B03,,,
24273000045,B01,,,
24273000045,B03,,,
24273000050,B01,,,
24273000050,B02,,,
24273000050,B03,,,
24273000061,B01,,,
24273000061,B02,,,
24273000061,B03,,,
24273000067,B01,,,
24273000067,B02,,,
24273000067,B03,,,
24273000075,B01,,,
24273000075,B02,,,
24273000078,B03,,,
24273000080,B01,,,
24273000080,B02,,,
24273000080,B03,,,
24273000083,B01,,,
24273000083,B02,,,
24273000083,B03,,,
24273000085,B01,,,
24273000085,B02,,,
24273000085,B03,,,
24273000085,B05,,,
24275000028,B03,,,
24275000035,B01,,,
24275000035,B02,,,
24275000044,B01,,,
24275000044,B05,,,
24276000024,B01,,,
24276000024,B03,,,
24276000069,B01,,,
24276000072,B01,,,
24276000072,B02,,,
24276000076,B01,,,
24277000034,B01,,,
24277000036,B01,,,
24277000036,B02,,,
24277000037,B01,,,
24277000037,B02,,,
24277000038,B01,,,
24277000040,B01,,,
24278000048,B01,,,
24278000048,B03,,,
24278000049,B01,,,
24278000049,B03,,,
24278000050,B01,,,
24278000050,B02,,,
24278000050,B03,,,
24278000051,B01,,,
24278000051,B03,,,
24278000054,B03,,,
24279000026,B03,,,
24280000012,B01,,,
24280000012,B02,,,
24280000012,B03,,,
24280000023,B03,,,
24281000016,B01,,,
24281000016,B02,,,
24281000016,B03,,,
24281000016,B05,,,
24282000005,B03,,,
24282000037,B01,,,
24282000037,B02,,,
24282000037,B03,,,
24282000039,B01,,,
24282000039,B02,,,
24283000009,B03,,,
24283000011,B03,,,
24283000012,B03,,,
24283000046,B01,,,
24283000048,B01,,,
24283000051,B03,,,
24311000020,B01,,,
24311000020,B03,,,
24311000227,B03,,,
24311000292,B03,,,
24311000575,B01,,,
24311000579,B03,,,
24311000606,B01,,,
24311000606,B03,,,
24311000637,B01,,,
24311000637,B02,,,
24311000637,B03,,,
24311000637,B06,,,
24311000664,B01,,,
24311000664,B03,,,
24311000680,B01,,,
24311000680,B02,,,
24311000680,B03,,,
24311000682,B01,,,
24311000682,B03,,,
24311000685,B01,,,
24311000685,B03,,,
24311000694,B03,,,
24311000699,B03,,,
24311000722,B01,,,
24311000722,B03,,,
24311000725,B03,,,
24311000727,B01,,,
24311000727,B03,,,
24311000729,B03,,,
24311000731,B01,,,
24311000731,B03,,,
24311000732,B03,,,
24311000737,B01,,,
24311000737,B03,,,
24311000741,B01,,,
24311000745,B03,,,
24311000747,B03,,,
24311000748,B01,,,
24311000748,B03,,,
24311000749,B01,,,
24311000749,B03,,,
24311000752,B06,,,
24311000753,B03,,,
24311000758,B03,,,
24311000761,B03,,,
24311000765,B01,,,
24311000771,B03,,,
24311000773,B01,,,
24311000779,B01,,,
24311000779,B03,,,
24311000780,B01,,,
24311000780,B03,,,
24311000782,B01,,,
24311000782,B03,,,
24311000784,B03,,,
24311000788,B01,,,
24311000788,B02,,,
24311000790,B03,,,
24311000791,B03,,,
24311000797,B01,,,
24311000797,B02,,,
24311000801,B01,,,
24311000803,B01,,,
24311000804,B01,,,
24311000805,B01,,,
24311000805,B02,,,
24311000805,B03,,,
24311000809,B01,,,
24311000809,B02,,,
24311000813,B01,,,
24311000814,B01,,,
24311000814,B02,,,
24311000815,B01,,,
24311000817,B01,,,
24311000817,B03,,,
24311000821,B01,,,
24311000821,B02,,,
24311000823,B01,,,
24311000825,B03,,,
24311000834,B01,,,
24311000837,B01,,,
24311000837,B02,,,
24311000837,B03,,,
24311000839,B03,,,
24311000841,B01,,,
24311000841,B02,,,
24311000843,B01,,,
24311000843,B02,,,
24311000845,B01,,,
24311000845,B02,,,
24311000845,B05,,,
24311000848,B01,,,
24311000849,B01,,,
24311000849,B03,,,
24311000850,B03,,,
24311000851,B01,,,
24311000851,B02,,,
24311000856,B03,,,
24311000858,B01,,,
24311000858,B02,,,
24311000858,B03,,,
24311000860,B01,,,
24311000860,B03,,,
24311000862,B03,,,
24311000863,B06,,,
24311000869,B01,,,
24311000869,B02,,,
24311000870,B03,,,
24311000872,B03,,,
24311000874,B01,,,
24311000874,B03,,,
24311000875,B01,,,
24311000875,B03,,,
24311000876,B01,,,
24311000878,B03,,,
24311000881,B03,,,
24311000884,B03,,,
24311000885,B01,,,
24311000885,B02,,,
24311000890,B03,,,
24311000892,B03,,,
24311000893,B03,,,
24311000894,B01,,,
24311000894,B02,,,
24311000894,B03,,,
24311000895,B01,,,
24311000899,B01,,,
24311000899,B02,,,
24311000900,B01,,,
24311000900,B03,,,
24311000907,B01,,,
24311000910,B01,,,
24311000910,B03,,,
24311000914,B01,,,
24311000914,B03,,,
24311000916,B01,,,
24311000916,B02,,,
24311000919,B03,,,
24311000920,B01,,,
24311000920,B03,,,
24311000923,B01,,,
24311000923,B02,,,
24311000924,B03,,,
24311000925,B01,,,
24311000925,B02,,,
24311000927,B01,,,
24311000928,B01,,,
24311000930,B01,,,
24311000931,B01,,,
24311000931,B03,,,
24311000932,B01,,,
24311000932,B02,,,
24311000936,B01,,,
24311000936,B03,,,
24311000937,B03,,,
24311000939,B01,,,
24311000940,B01,,,
24311000940,B03,,,
24311000942,B01,,,
24311000942,B02,,,
24311000943,B01,,,
24311000944,B01,,,
24311000944,B02,,,
24311000946,B03,,,
24311000948,B01,,,
24311000948,B03,,,
24311000953,B01,,,
24311000954,B03,,,
24311000955,B01,,,
24311000955,B03,,,
24311000956,B03,,,
24311000958,B01,,,
24311000958,B02,,,
24311000959,B01,,,
24311000961,B01,,,
24311000961,B02,,,
24311000962,B01,,,
24311000962,B02,,,
24311000964,B01,,,
24311000964,B02,,,
24311000965,B01,,,
24311000965,B06,,,
24311000966,B01,,,
24311000968,B01,,,
24311000969,B01,,,
24311000971,B03,,,
24311000973,B01,,,
24311000973,B03,,,
24311000974,B03,,,
24311000977,B01,,,
24311000979,B01,,,
24311000979,B03,,,
24311000980,B01,,,
24311000980,B02,,,
24311000980,B03,,,
24311000982,B01,,,
24311000985,B01,,,
24311000990,B01,,,
24311000990,B02,,,
24311000991,B03,,,
24311000992,B03,,,
24311000994,B01,,,
24311000994,B05,,,
24311000996,B01,,,
24311000996,B02,,,
24311000996,B05,,,
24311000997,B01,,,
24311000999,B03,,,
24311001003,B01,,,
24311001003,B02,,,
24311001003,B03,,,
24311001006,B03,,,
24311001011,B01,,,
24311001011,B02,,,
24311001011,B03,,,
24311001012,B03,,,
24311001013,B01,,,
24311001013,B03,,,
24311001015,B03,,,
24311001016,B01,,,
24311001018,B01,,,
24311001018,B03,,,
24311001019,B01,,,
24311001021,B01,,,
24311001021,B02,,,
24311001021,B03,,,
24311001022,B01,,,
24311001023,B01,,,
24311001024,B01,,,
24311001027,B03,,,
24311001029,B01,,,
24311001043,B03,,,
24313000069,B03,,,
24313000249,B01,,,
24313000250,B01,,,
24313000262,B01,,,
24313000263,B03,,,
24313000268,B01,,,
24313000269,B03,,,
24313000271,B01,,,
24313000272,B01,,,
24313000274,B01,,,
24313000277,B01,,,
24313000278,B03,,,
24313000282,B03,,,
24313000284,B01,,,
24313000286,B01,,,
24313000286,B02,,,
24313000290,B03,,,
24313000294,B03,,,
24313000296,B01,,,
24313000298,B01,,,
24313000298,B02,,,
24313000299,B01,,,
24313000301,B01,,,
24313000302,B03,,,
24313000302,H31,,,
24313000306,B01,,,
24313000306,B02,,,
24313000308,B01,,,
24313000308,B03,,,
24313000314,B01,,,
24313000314,B03,,,
24313000315,B01,,,
24313000316,B01,,,
24313000316,B02,,,
24313000318,B01,,,
24313000320,B03,,,
24313000321,B01,,,
24313000321,B02,,,
24313000323,B01,,,
24313000325,B01,,,
24313000326,B05,,,
24313000327,B03,,,
24313000330,B03,,,
24313000336,B03,,,
24313000338,B03,,,
24313000339,B03,,,
24313000340,B03,,,
24313000341,B03,,,
24313000345,B01,,,
24313000347,B01,,,
24313000347,B02,,,
24313000348,B03,,,
24313000350,B01,,,
24315000016,B01,,,
24315000016,B02,,,
24315000016,B03,,,
24315000039,B01,,,
24315000039,B03,,,
24315000080,B03,,,
24315000167,B01,,,
24315000168,B01,,,
24315000168,B02,,,
24315000170,B01,,,
24315000171,B01,,,
24315000171,B02,,,
24315000176,B06,,,
24315000178,B03,,,
24315000179,B01,,,
24315000182,B01,,,
24315000182,B02,,,
24315000183,B03,,,
24315000187,B01,,,
24315000187,B02,,,
24315000202,B01,,,
24315000203,B01,,,
24315000204,B03,,,
24315000207,B01,,,
24315000207,B03,,,
24315000208,B01,,,
24315000208,B02,,,
24315000209,B01,,,
24315000216,B01,,,
24315000218,B03,,,
24315000219,B01,,,
24315000221,B01,,,
24315000222,B03,,,
24315000223,B01,,,
24315000223,B02,,,
24315000225,B01,,,
24315000227,B01,,,
24315000227,B05,,,
24315000230,B01,,,
24315000231,B01,,,
24315000233,B01,,,
24315000233,B02,,,
24315000236,B01,,,
24315000237,B01,,,
24315000237,B02,,,
24315000239,B01,,,
24315000239,B05,,,
24315000240,B01,,,
24315000242,B03,,,
24315000243,B03,,,
24371000007,B03,,,
24372000008,B01,,,
24372000008,B03,,,
24372000033,B03,,,
24372000046,B01,,,
24372000048,B01,,,
24372000050,B06,,,
24372000052,B01,,,
24372000053,B03,,,
24372000054,B03,,,
24372000055,B01,,,
24372000055,B02,,,
24372000057,B01,,,
24372000057,B02,,,
24373000078,B03,,,
24373000079,B03,,,
24373000095,B03,,,
24373000102,B03,,,
24373000111,B01,,,
24373000111,B02,,,
24373000114,B01,,,
24373000114,B02,,,
24373000116,B03,,,
24373000117,B01,,,
24373000117,B02,,,
24373000119,B03,,,
24373000122,B05,,,
24373000123,B01,,,
24373000123,B02,,,
24373000123,B03,,,
24373000123,B05,,,
24373000127,H31,,,
24373000127,H32,,,
24373000129,B01,,,
24373000129,B02,,,
24373000132,B03,,,
24374000061,B03,,,
24374000118,B03,,,
24374000123,B01,,,
24374000123,B02,,,
24374000125,B01,,,
24374000125,B02,,,
24374000128,B01,,,
24374000128,B02,,,
24374000129,B01,,,
24374000129,B05,,,
24374000130,B01,,,
24374000130,B02,,,
24374000133,B03,,,
24374000135,B03,,,
24374000138,B03,,,
24374000138,H31,,,
24374000138,H32,,,
24374000140,B01,,,
24374000140,B02,,,
24374500059,B01,,,
24374500061,B03,,,
24374500063,B01,,,
24374500065,B03,,,
24374500065,H31,,,
24374500071,B03,,,
24374500072,B03,,,
24374500077,B03,,,
24374500079,B03,,,
24375000003,B01,,,
24375000003,B02,,,
24375000003,B03,,,
24375000003,H31,,,
24375000083,B01,,,
24375000083,B03,,,
24375000086,B03,,,
24375000087,B03,,,
24375000088,B01,,,
24375000088,B03,,,
24375000089,B03,,,
24375000090,B03,,,
24375000092,B01,,,
24375000092,B03,,,
24375000095,B01,,,
24375000095,B03,,,
24375000096,B03,,,
24375000099,B01,,,
24375000103,B03,,,
24375000104,B01,,,
24375000104,B02,,,
24375000105,B06,,,
24375000106,B01,,,
24376000011,B01,,,
24376000011,B03,,,
24376000071,B03,,,
24376000072,B03,,,
24376000077,B03,,,
24376000086,B01,,,
24376000086,B02,,,
24376000090,B01,,,
24376000090,B03,,,
24376000093,B01,,,
24376000094,B01,,,
24376000095,B01,,,
24376000097,B01,,,
24376000097,B03,,,
24376000100,B01,,,
24376000101,B01,,,
24376000102,B03,,,
24376000103,B03,,,
24376000104,B01,,,
24376000105,B01,,,
24377000069,B03,,,
24377000089,B01,,,
24377000089,B02,,,
24377000089,B03,,,
24377000101,B03,,,
24377000102,B06,,,
24377000103,B01,,,
24377000103,B02,,,
24377000107,B01,,,
24377000107,B02,,,
24377000108,B03,,,
24377000112,B01,,,
24377000112,B02,,,
24377000113,B01,,,
24377000113,B02,,,
24377000120,B03,,,
24377000122,B03,,,
24377000124,B03,,,
24377000125,B01,,,
24377000126,B03,,,
24377000127,B01,,,
24377000128,B03,,,
24377000129,B01,,,
24377000129,B03,,,
24380000004,B01,,,
24380000043,B01,,,
24380000043,B02,,,
24380000045,B01,,,
24380000049,B06,,,
24380000050,B01,,,
24380000052,B06,,,
24413000020,B03,,,
24413000028,B01,,,
24413000028,B02,,,
24413000030,B01,,,
24413000030,B03,,,
24413000172,B01,,,
24413000172,B03,,,
24413000215,B01,,,
24413000215,B03,,,
24413000215,B04,,,
24413000251,B03,,,
24413000301,B01,,,
24413000301,B02,,,
24413000301,B06,,,
24413000303,B01,,,
24413000340,B03,,,
24413000341,B01,,,
24413000423,B01,,,
24413000423,B03,,,
24413000440,B03,,,
24413000452,B03,,,
24413000453,B01,,,
24413000453,B03,,,
24413000462,B03,,,
24413000467,B03,,,
24413000468,B01,,,
24413000468,B02,,,
24413000468,B06,,,
24413000469,B01,,,
24413000469,B02,,,
24413000470,B01,,,
24413000473,B01,,,
24413000473,B02,,,
24413000475,B01,,,
24413000477,B01,,,
24413000478,B03,,,
24413000481,B01,,,
24413000481,B02,,,
24413000483,B01,,,
24413000483,B02,,,
24413000483,B03,,,
24413000487,B01,,,
24413000487,B02,,,
24413000487,B03,,,
24413000491,B01,,,
24413000491,B02,,,
24413000491,B03,,,
24413000499,B01,,,
24413000499,B02,,,
24413000499,B03,,,
24413000499,B06,,,
24413000501,B03,,,
24413000502,B03,,,
24413000506,B01,,,
24413000506,B02,,,
24413000508,B01,,,
24413000508,B02,,,
24413000511,B01,,,
24413000511,B02,,,
24413000512,B01,,,
24413000513,B01,,,
24413000514,B03,,,
24413000515,B03,,,
24413000517,B03,,,
24413000520,B03,,,
24413000523,B01,,,
24413000528,B01,,,
24413000528,B02,,,
24413000529,B03,,,
24413000530,B01,,,
24413000533,B01,,,
24413000535,B03,,,
24413000541,B01,,,
24413000541,B02,,,
24413000545,B03,,,
24413000550,B01,,,
24413000550,B03,,,
24413000552,B01,,,
24413000552,B03,,,
24413000556,B01,,,
24413000557,B03,,,
24413000561,B03,,,
24413000563,B01,,,
24413000563,B02,,,
24413000579,B01,,,
24413000579,B02,,,
24413000587,B01,,,
24413000591,B01,,,
24413000591,B02,,,
24413000599,B03,,,
24413000603,B01,,,
24413000603,B02,,,
24413000604,B01,,,
24413000604,B02,,,
24413000605,B03,,,
24413000608,B01,,,
24413000609,B03,,,
24413000610,B01,,,
24413000610,B02,,,
24413000610,B05,,,
24413000611,B01,,,
24413000611,B02,,,
24413000613,B03,,,
24413000616,B03,,,
24413000617,B01,,,
24413000617,B02,,,
24413000619,B01,,,
24413000619,B02,,,
24413000619,B03,,,
24413000620,B01,,,
24413000623,B06,,,
24413000625,B01,,,
24413000625,B02,,,
24413000626,B01,,,
24413000626,B03,,,
24413000628,B03,,,
24413000630,B01,,,
24413000630,B02,,,
24413000631,B01,,,
24413000631,B02,,,
24413000632,B01,,,
24413000633,B03,,,
24413000635,B03,,,
24413000636,B01,,,
24413000637,B03,,,
24413000640,B01,,,
24413000640,B02,,,
24413000642,B01,,,
24413000642,B02,,,
24413000643,B01,,,
24413000643,B02,,,
24413000644,B03,,,
24413000649,B03,,,
24413000650,B03,,,
24413000654,B01,,,
24413000656,B03,,,
24413000661,B03,,,
24413000665,B03,,,
24415000004,B03,,,
24415000128,B03,,,
24415000135,B03,,,
24415000147,B03,,,
24415000149,B03,,,
24415000178,B01,,,
24415000178,B03,,,
24415000183,B03,,,
24415000184,B01,,,
24415000186,B01,,,
24415000186,B02,,,
24415000192,B03,,,
24415000195,B03,,,
24415000197,B01,,,
24415000201,B01,,,
24415000202,B01,,,
24415000202,B02,,,
24415000206,B01,,,
24415000206,B02,,,
24415000209,B01,,,
24415000209,B02,,,
24415000211,B01,,,
24415000212,B01,,,
24415000212,B02,,,
24415000217,B03,,,
24415000218,B01,,,
24415000218,B02,,,
24415000219,B03,,,
24415000222,B01,,,
24415000223,B06,,,
24415000225,B01,,,
24415000225,B02,,,
24415000226,B03,,,
24418000121,B01,,,
24418000121,B02,,,
24418000176,B01,,,
24418000176,B02,,,
24418000177,B01,,,
24418000178,B01,,,
24418000178,B02,,,
24418000179,B01,,,
24418000179,B02,,,
24418000182,B01,,,
24418000182,B02,,,
24418000183,B01,,,
24418000187,B03,,,
24418000188,B01,,,
24418000188,B02,,,
24418000188,B03,,,
24418000189,B01,,,
24418000189,B02,,,
24418000189,B06,,,
24418000190,B01,,,
24418000190,B03,,,
24418000193,B03,,,
24418000194,B03,,,
24418000195,B01,,,
24418000197,B01,,,
24418000197,B02,,,
24418000198,B01,,,
24418000201,B01,,,
24418000203,B03,,,
24418000204,B01,,,
24418000204,B02,,,
24418000206,B01,,,
24418000206,B02,,,
24418000207,B01,,,
24418000212,B01,,,
24418000215,B03,,,
24418000217,B01,,,
24418000217,B02,,,
24418000223,B01,,,
24418000224,B01,,,
24418000225,B01,,,
24418000228,B01,,,
24418000228,B02,,,
24418000229,B01,,,
24418000229,B02,,,
24418000231,B01,,,
24418000231,B02,,,
24418000235,B01,,,
24420000005,B03,,,
24420000115,B01,,,
24420000115,B02,,,
24420000115,B03,,,
24420000119,B01,,,
24420000119,B02,,,
24420000119,B03,,,
24420000163,B03,,,
24420000180,B03,,,
24420000180,B04,,,
24420000196,B01,,,
24420000196,B02,,,
24420000196,B03,,,
24420000207,B03,,,
24420000214,B01,,,
24420000214,B03,,,
24420000222,B01,,,
24420000222,B02,,,
24420000222,B03,,,
24420000253,B01,,,
24420000253,B03,,,
24420000254,B03,,,
24420000258,B01,,,
24420000258,B02,,,
24420000258,B03,,,
24420000263,B01,,,
24420000263,B02,,,
24420000265,B01,,,
24420000265,B02,,,
24420000266,B01,,,
24420000266,B03,,,
24420000269,B03,,,
24420000270,B01,,,
24420000275,B01,,,
24420000275,B02,,,
24420000276,B01,,,
24420000281,B01,,,
24420000281,B02,,,
24420000283,B01,,,
24420000283,B05,,,
24420000284,B01,,,
24420000286,B01,,,
24420000286,B02,,,
24420000288,B01,,,
24420000294,B01,,,
24420000294,B02,,,
24420000295,B01,,,
24420000295,B02,,,
24420000297,B06,,,
24420000299,B03,,,
24420000300,B03,,,
24420000301,B01,,,
24420000305,B01,,,
24420000308,B01,,,
24420000308,B02,,,
24420000308,B05,,,
24420000308,B06,,,
24420000309,B01,,,
24420000309,B02,,,
24420000317,B01,,,
24420000318,B03,,,
24420000319,B01,,,
24420000320,B01,,,
24420000321,B01,,,
24420000322,B03,,,
24420000323,B01,,,
24420000323,B02,,,
24420000325,B03,,,
24420000328,B01,,,
24420000328,B03,,,
24420000329,B01,,,
24420000329,B02,,,
24420000330,B01,,,
24420000331,B01,,,
24420000331,B02,,,
24420000333,B03,,,
24420000340,B01,,,
24420000347,B01,,,
24420000348,B01,,,
24420000349,B03,,,
24421000004,B01,,,
24421000004,B02,,,
24421000048,B01,,,
24421000048,B02,,,
24421000048,B03,,,
24421000090,B01,,,
24421000090,B03,,,
24421000093,B01,,,
24421000093,B02,,,
24421000093,B03,,,
24421000190,B03,,,
24421000197,B01,,,
24421000197,B02,,,
24421000197,B03,,,
24421000198,B01,,,
24421000198,B02,,,
24421000199,B01,,,
24421000199,B02,,,
24421000200,B01,,,
24421000201,B03,,,
24421000202,B01,,,
24421000205,B01,,,
24421000205,B02,,,
24421000207,B01,,,
24421000207,B02,,,
24421000208,B01,,,
24421000208,B02,,,
24421000210,B01,,,
24421000210,B02,,,
24421000211,B03,,,
24421000213,B01,,,
24421000213,B02,,,
24421000214,B03,,,
24421000214,B06,,,
24421000216,B01,,,
24421000216,B02,,,
24421000218,B01,,,
24421000218,B02,,,
24421000219,B01,,,
24421000220,B01,,,
24421000220,B02,,,
24421000220,B03,,,
24421000221,B01,,,
24421000223,B01,,,
24421000223,B02,,,
24421000223,B03,,,
24421000225,B01,,,
24421000225,B02,,,
24421000227,B01,,,
24421000227,B02,,,
24421000231,B01,,,
24421000231,B02,,,
24421000234,B01,,,
24421000234,B02,,,
24421000234,B03,,,
24421000235,B01,,,
24421000235,B02,,,
24421000241,B01,,,
24421000241,B02,,,
24421000243,B01,,,
24421000243,B02,,,
24421000245,B01,,,
24421000245,B02,,,
24421000245,B03,,,
24421000248,B01,,,
24421000250,B01,,,
24421000251,B01,,,
24421000251,B02,,,
24421000256,B01,,,
24421000256,B02,,,
24421000257,B01,,,
24421000259,B01,,,
24421000259,B03,,,
24421000260,B01,,,
24421000260,B02,,,
24421000261,B01,,,
24421000261,B02,,,
24421000262,B01,,,
24421000263,B01,,,
24421000263,B02,,,
24421000264,B01,,,
24421000265,B03,,,
24421000266,B01,,,
24421000268,B03,,,
24421000269,B05,,,
24423000008,B01,,,
24423000008,B02,,,
24423000008,B03,,,
24423000176,B03,,,
24423000215,B03,,,
24423000221,B01,,,
24423000221,B02,,,
24423000221,B03,,,
24423000223,B03,,,
24423000229,B03,,,
24423000230,B01,,,
24423000230,B02,,,
24423000231,B01,,,
24423000231,B02,,,
24423000232,B01,,,
24423000239,B03,,,
24423000242,B01,,,
24423000242,B02,,,
24423000242,B03,,,
24423000244,B01,,,
24423000244,B02,,,
24423000244,B03,,,
24423000244,B06,,,
24423000248,B01,,,
24423000248,B02,,,
24423000248,B03,,,
24423000254,B06,,,
24423000258,B03,,,
24423000265,B01,,,
24423000265,B02,,,
24423000267,B01,,,
24423000267,B02,,,
24423000268,B01,,,
24423000269,B01,,,
24423000269,B02,,,
24423000270,B01,,,
24423000270,B02,,,
24423000271,B01,,,
24423000271,B02,,,
24423000271,B05,,,
24423000272,B01,,,
24423000272,B02,,,
24423000272,B05,,,
24423000274,B03,,,
24423000275,B01,,,
24423000275,B03,,,
24423000276,B01,,,
24423000276,B02,,,
24423000278,B03,,,
24423000279,B03,,,
24423000281,B01,,,
24423000284,B01,,,
24423000285,B01,,,
24423000285,B03,,,
24423000287,B03,,,
24423000290,B01,,,
24423000290,B03,,,
24423000292,B03,,,
24423000293,B01,,,
24423000293,B02,,,
24423000294,B01,,,
24423000294,B02,,,
24423000296,B01,,,
24423000296,B02,,,
24423000298,B01,,,
24423000299,B01,,,
24423000299,B02,,,
24423000306,B01,,,
24423000306,B02,,,
24423000307,B01,,,
24423000307,B02,,,
24423000308,B03,,,
24423000309,B03,,,
24423000310,B01,,,
24423000310,B02,,,
24425000054,B03,,,
24425000054,B04,,,
24425000070,B01,,,
24425000070,B02,,,
24425000070,B03,,,
24425000071,B03,,,
24425000074,B01,,,
24425000074,B03,,,
24425000075,B03,,,
24425000076,B01,,,
24425000076,B02,,,
24425000079,B01,,,
24425000080,B01,,,
24425000080,B03,,,
24427000153,B01,,,
24427000153,B02,,,
24427000153,B03,,,
24427000153,H31,,,
24427000174,B01,,,
24427000178,B03,,,
24427000178,H31,,,
24427000179,B01,,,
24427000179,B02,,,
24427000179,B03,,,
24427000180,B01,,,
24427000182,B01,,,
24427000182,B03,,,
24427000184,B01,,,
24427000184,B02,,,
24427000190,B01,,,
24427000190,B02,,,
24427000191,B01,,,
24427000191,B02,,,
24427000193,B01,,,
24427000193,B02,,,
24427000193,B03,,,
24427000197,B01,,,
24427000207,B01,,,
24427000207,B02,,,
24427000207,B03,,,
24427000209,B01,,,
24427000209,B02,,,
24427000209,B03,,,
24427000214,B01,,,
24427000214,B03,,,
24427000218,B01,,,
24427000218,B02,,,
24427000223,B01,,,
24427000223,B03,,,
24427000229,B01,,,
24427000229,B02,,,
24427000234,B01,,,
24427000234,B03,,,
24427000236,B01,,,
24427000236,B02,,,
24427000238,B03,,,
24427000240,B01,,,
24427000240,B03,,,
24427000241,B01,,,
24427000241,B02,,,
24427000242,B01,,,
24427000242,B02,,,
24427000243,B03,,,
24427000247,B01,,,
24427000247,B02,,,
24427000247,B05,,,
24427000248,B01,,,
24427000248,B02,,,
24427000251,B01,,,
24427000251,B02,,,
24471000110,B03,,,
24471000126,B03,,,
24471000127,B01,,,
24471000127,B02,,,
24471000127,B03,,,
24471000131,B01,,,
24471000131,B03,,,
24471000134,B01,,,
24471000134,B02,,,
24471000135,B01,,,
24471000135,B03,,,
24471000136,B01,,,
24471000136,B02,,,
24471000138,B01,,,
24471000138,B02,,,
24471000138,B03,,,
24471000139,B01,,,
24471000144,B01,,,
24471000144,B02,,,
24471000145,B01,,,
24471000145,B02,,,
24471000146,B01,,,
24471000146,B02,,,
24471000146,B03,,,
24471000151,B03,,,
24471000153,B01,,,
24471000153,B02,,,
24471000154,B01,,,
24471000156,B03,,,
24471000157,B01,,,
24471000157,B02,,,
24471000157,B03,,,
24471000159,B03,,,
24471000159,B04,,,
24471000161,B01,,,
24471000161,B02,,,
24471000163,B01,,,
24471000163,B02,,,
24471000164,B06,,,
24471000166,B03,,,
24471000167,B03,,,
24471000169,B03,,,
24471000173,B03,,,
24473000008,B03,,,
24473000059,B01,,,
24473000059,B02,,,
24476000002,B01,,,
24476000002,B02,,,
24476000002,B03,,,
24476000124,B03,,,
24476000125,B01,,,
24476000125,B03,,,
24476000128,B03,,,
24476000130,B01,,,
24476000130,B02,,,
24476000130,B03,,,
24476000131,B01,,,
24476000133,B01,,,
24476000133,B02,,,
24476000136,B03,,,
24476000137,B01,,,
24476000139,B01,,,
24476000139,B02,,,
24476000141,B01,,,
24476000144,B03,,,
24476000147,B01,,,
24476000149,B03,,,
24476000151,B01,,,
24476000155,B01,,,
24477000023,B01,,,
24477000023,B02,,,
24477000023,B03,,,
24477000023,H31,,,
24477000024,B01,,,
24477000024,B03,,,
24477000024,B04,,,
24477000052,B01,,,
24477000052,B02,,,
24477000052,B03,,,
24477000071,B01,,,
24477000071,B02,,,
24477000071,B03,,,
24477000074,B03,,,
24477000074,H31,,,
24477000086,B01,,,
24477000098,B03,,,
24477000099,B01,,,
24477000099,B02,,,
24477000100,B01,,,
24477000102,B01,,,
24477000102,B02,,,
24477000104,B03,,,
24477000107,B01,,,
24477000107,B03,,,
24477000108,B01,,,
24477000109,B01,,,
24477000109,B02,,,
24477000110,B01,,,
24477000110,B02,,,
24477000111,B01,,,
24477000111,B02,,,
24477000113,B01,,,
24477000113,B02,,,
24477000113,B03,,,
24477000113,B04,,,
24477000115,B01,,,
24477000116,B01,,,
24477000119,B01,,,
24477000119,B03,,,
24477000120,B01,,,
24477000122,B01,,,
24477000122,B02,,,
24477000123,B01,,,
24477000124,B01,,,
24477000124,B02,,,
24477000127,B01,,,
24477000127,B03,,,
24477000131,B01,,,
24477000131,B03,,,
24479000071,B02,,,
24479000071,B03,,,
24479000071,B04,,,
24479000074,B03,,,
24479000080,B03,,,
24479000082,B01,,,
24479000083,B01,,,
24479000083,B03,,,
24479000084,B03,,,
24479000085,B01,,,
24479000088,B01,,,
24479000089,B01,,,
24479000091,B03,,,
24479000092,B01,,,
24480000002,B01,,,
24480000002,B02,,,
24480000002,B03,,,
24480000051,B03,,,
24480000062,B01,,,
24480000062,B02,,,
24480000062,B03,,,
24480000122,B03,,,
24480000123,B03,,,
24480000124,B01,,,
24480000124,B03,,,
24480000125,B01,,,
24480000125,B03,,,
24480000129,B01,,,
24480000131,B01,,,
24480000135,B01,,,
24480000135,B02,,,
24480000138,B01,,,
24480000142,B01,,,
24480000143,B01,,,
24480000143,B02,,,
24480000144,B01,,,
24480000144,B03,,,
24480000148,B03,,,
24480000149,B02,,,
24480000149,B03,,,
24480000151,B03,,,
24480000155,B01,,,
24480000155,B02,,,
24480000155,B03,,,
24480000156,B01,,,
24480000156,B02,,,
24480000159,B01,,,
24480000160,B01,,,
24480000160,B02,,,
24480000161,B01,,,
24480000161,B02,,,
24481000156,B01,,,
24481000156,B02,,,
24481000156,B03,,,
24481000159,B01,,,
24481000160,B01,,,
24481000160,B03,,,
24481000163,B01,,,
24481000167,B03,,,
24481000168,B01,,,
24481000171,B01,,,
24481000171,B02,,,
24481000174,B01,,,
24481000174,B02,,,
24481000177,B01,,,
24481000177,B02,,,
24481000177,B05,,,
24481000180,B01,,,
24481000180,B02,,,
24481000180,B03,,,
24481000182,B01,,,
24481000182,B02,,,
24481000183,B01,,,
24481000183,B02,,,
24481000185,B01,,,
24481000185,B02,,,
24481000187,B01,,,
24481000187,B02,,,
24481000188,B01,,,
24481000193,B01,,,
24481000193,B02,,,
24481000195,B01,,,
24481000195,B02,,,
24481000195,B03,,,
24481000198,B01,,,
24481000203,B03,,,
24481000205,B01,,,
24481000205,B03,,,
24481000206,B01,,,
24481000206,B03,,,
24481000207,B03,,,
24481000208,B01,,,
24481000208,B02,,,
24481000209,B01,,,
24481000210,B03,,,
24481000213,B03,,,
24482500063,B03,,,
24482500063,B04,,,
24482500100,B01,,,
24482500100,B03,,,
24482500102,B01,,,
24482500104,B01,,,
24482500104,B02,,,
24482500105,B01,,,
24482500106,B01,,,
24482500106,B02,,,
24482500106,B03,,,
24482500106,B06,,,
24482500107,B01,,,
24482500107,B02,,,
24482500107,B03,,,
24482500108,B01,,,
24482500108,B02,,,
24482500112,B01,,,
24482500112,B02,,,
24482500113,B01,,,
24482500113,B02,,,
24482500115,B01,,,
24482500115,B02,,,
24482500115,B06,,,
24482500117,B01,,,
24482500119,B01,,,
24482500119,B03,,,
24511000076,B03,,,
24511000083,B03,,,
24511000244,B02,,,
24511000244,B03,,,
24511000282,B03,,,
24511000316,B03,,,
24511000325,B03,,,
24511000364,B01,,,
24511000364,B02,,,
24511000367,B01,,,
24511000367,B02,,,
24511000367,B03,,,
24511000372,B01,,,
24511000377,B03,,,
24511000524,B01,,,
24511000524,B02,,,
24511000527,B03,,,
24511000550,B03,,,
24511000551,B01,,,
24511000551,B02,,,
24511000551,B03,,,
24511000555,B01,,,
24511000555,B02,,,
24511000555,B03,,,
24511000561,B01,,,
24511000561,B02,,,
24511000561,B03,,,
24511000563,B01,,,
24511000563,B02,,,
24511000563,B03,,,
24511000565,B01,,,
24511000565,B02,,,
24511000565,B03,,,
24511000576,B01,,,
24511000576,B03,,,
24511000584,B03,,,
24511000619,B01,,,
24511000619,B02,,,
24511000619,B03,,,
24511000627,B01,,,
24511000645,B06,,,
24511000646,B01,,,
24511000646,B02,,,
24511000648,B01,,,
24511000653,B03,,,
24511000655,B01,,,
24511000655,B02,,,
24511000656,B01,,,
24511000657,B01,,,
24511000657,B02,,,
24511000663,B01,,,
24511000663,B02,,,
24511000663,B03,,,
24511000666,B01,,,
24511000666,B02,,,
24511000666,B03,,,
24511000669,B03,,,
24511000672,B03,,,
24511000673,B01,,,
24511000673,B02,,,
24511000675,B01,,,
24511000675,B02,,,
24511000676,B01,,,
24511000676,B02,,,
24511000677,B01,,,
24511000677,B02,,,
24511000678,B01,,,
24511000680,B01,,,
24511000682,B01,,,
24511000682,B02,,,
24511000683,B01,,,
24511000683,B05,,,
24511000684,B01,,,
24511000684,B02,,,
24511000685,B01,,,
24511000685,B02,,,
24511000686,B03,,,
24511000693,B01,,,
24511000693,B02,,,
24511000694,B01,,,
24511000694,B02,,,
24511000695,B01,,,
24511000695,B02,,,
24511000696,B03,,,
24511000703,B03,,,
24511000705,B01,,,
24511000705,B02,,,
24511000706,B03,,,
24511000707,B01,,,
24511000708,B03,,,
24511000710,B01,,,
24511000710,B02,,,
24511000712,B01,,,
24511000712,B02,,,
24511000715,B01,,,
24511000715,B02,,,
24511000716,B01,,,
24511000721,B06,,,
24511000723,B01,,,
24511000723,B02,,,
24511000724,B01,,,
24511000724,B02,,,
24511000725,B01,,,
24511000725,B02,,,
24511000726,B01,,,
24511000726,B02,,,
24511000727,B02,,,
24511000728,B01,,,
24511000730,B01,,,
24511000730,B02,,,
24511000732,B01,,,
24511000733,B01,,,
24511000733,B02,,,
24511000734,B01,,,
24511000734,B02,,,
24511000735,B01,,,
24511000735,B02,,,
24511000736,B01,,,
24511000736,B02,,,
24511000738,B01,,,
24511000742,B01,,,
24511000742,B03,,,
24511000743,B01,,,
24511000744,B01,,,
24511000744,B02,,,
24511000746,B01,,,
24511000746,B02,,,
24511000749,B01,,,
24511000749,B02,,,
24511000750,B01,,,
24511000750,B02,,,
24511000753,B01,,,
24511000753,B05,,,
24511000756,B01,,,
24511000756,B03,,,
24511000757,B03,,,
24511000758,B01,,,
24511000758,B02,,,
24511000759,B01,,,
24511000759,B02,,,
24511000760,B01,,,
24511000760,B02,,,
24511000763,B01,,,
24511000763,B02,,,
24511000763,B03,,,
24511000764,B01,,,
24511000764,B02,,,
24511000766,B01,,,
24511000766,B02,,,
24511000766,B03,,,
24511000767,B01,,,
24511000767,B02,,,
24511000769,B01,,,
24511000769,B02,,,
24511000771,B01,,,
24511000771,B02,,,
24511000774,B01,,,
24511000774,B02,,,
24511000775,B03,,,
24511000776,B01,,,
24511000778,B01,,,
24511000778,B02,,,
24511000780,B03,,,
24511000782,B01,,,
24511000782,B02,,,
24511000784,B01,,,
24511000784,B02,,,
24511000786,B01,,,
24511000786,B02,,,
24511000788,B03,,,
24511000789,B01,,,
24511000789,B02,,,
24511000789,B05,,,
24511000790,B06,,,
24511000791,B03,,,
24511000793,B01,,,
24511000794,B01,,,
24511000795,B01,,,
24511000796,B01,,,
24511000797,B01,,,
24511000800,B03,,,
24511000802,B01,,,
24513000001,B03,,,
24513000002,B01,,,
24513000149,B03,,,
24513000149,H31,,,
24513000162,B03,,,
24513000163,B01,,,
24513000163,B03,,,
24513000177,B01,,,
24513000177,B03,,,
24513000191,B03,,,
24513000197,B03,,,
24513000235,B01,,,
24513000235,B03,,,
24513000251,B03,,,
24513000294,B01,,,
24513000294,B03,,,
24513000310,B03,,,
24513000319,B03,,,
24513000331,B01,,,
24513000331,B03,,,
24513000332,B03,,,
24513000334,B03,,,
24513000337,B01,,,
24513000338,B03,,,
24513000340,B03,,,
24513000343,B01,,,
24513000344,B06,,,
24513000345,B01,,,
24513000347,B01,,,
24513000347,B02,,,
24513000347,B03,,,
24513000350,B03,,,
24513000352,B03,,,
24513000353,B05,,,
24513000354,B01,,,
24513000355,B01,,,
24513000355,B03,,,
24513000359,B01,,,
24513000360,B01,,,
24513000360,B02,,,
24513000361,B01,,,
24513000362,B01,,,
24513000363,B01,,,
24513000363,B02,,,
24513000366,B01,,,
24513000369,B03,,,
24513000370,B01,,,
24513000370,B02,,,
24513000372,B01,,,
24513000372,B02,,,
24513000373,B01,,,
24513000373,B02,,,
24513000377,B06,,,
24513000378,B01,,,
24513000378,B03,,,
24513000382,B03,,,
24513000384,B01,,,
24513000384,B02,,,
24513000387,B01,,,
24513000387,B02,,,
24513000388,B01,,,
24513000388,B02,,,
24513000388,B05,,,
24513000389,B01,,,
24513000389,B03,,,
24513000390,B01,,,
24513000390,B02,,,
24513000391,B03,,,
24513000392,B01,,,
24513000392,B02,,,
24513000393,B03,,,
24513000395,B03,,,
24513000396,B01,,,
24513000396,B02,,,
24513000397,B01,,,
24513000399,B01,,,
24513000399,B02,,,
24513000399,B05,,,
24513000401,B01,,,
24513000401,B02,,,
24513000403,B03,,,
24513000405,B01,,,
24513000409,B01,,,
24513000409,B02,,,
24513000409,B05,,,
24513000411,B03,,,
24513000412,B01,,,
24513000414,B01,,,
24513000414,B03,,,
24513000415,B03,,,
24513000416,B03,,,
24513000417,B03,,,
24513000418,B03,,,
24513000419,B06,,,
24513000420,B01,,,
24513000420,B03,,,
24513000421,B03,,,
24513000422,B01,,,
24513000423,B01,,,
24514000002,B03,,,
24514000007,B03,,,
24514000009,B03,,,
24514000020,B03,,,
24514000021,B02,,,
24514000021,B03,,,
24514000023,B02,,,
24514000023,B03,,,
24514000146,B02,,,
24514000146,B03,,,
24514000231,B01,,,
24514000231,B02,,,
24514000231,B03,,,
24514000235,B01,,,
24514000235,B03,,,
24514000308,B01,,,
24514000308,B02,,,
24514000308,B03,,,
24514000361,B03,,,
24514000371,B03,,,
24514000377,B01,,,
24514000377,B03,,,
24514000379,B03,,,
24514000382,B01,,,
24514000397,B03,,,
24514000419,B03,,,
24514000424,B01,,,
24514000424,B03,,,
24514000437,B01,,,
24514000437,B02,,,
24514000444,B01,,,
24514000446,B03,,,
24514000447,B01,,,
24514000447,B02,,,
24514000449,B01,,,
24514000450,B01,,,
24514000450,B02,,,
24514000450,B03,,,
24514000451,B01,,,
24514000454,B01,,,
24514000454,B02,,,
24514000456,B01,,,
24514000456,B02,,,
24514000459,B01,,,
24514000460,B01,,,
24514000460,B02,,,
24514000460,B03,,,
24514000467,B03,,,
24514000469,B01,,,
24514000469,B03,,,
24514000470,B01,,,
24514000470,B02,,,
24514000471,B03,,,
24514000472,B06,,,
24514000475,B01,,,
24514000480,B01,,,
24514000480,B02,,,
24514000480,B03,,,
24514000481,B01,,,
24514000482,B01,,,
24514000482,B02,,,
24514000484,B01,,,
24514000485,B03,,,
24514000486,B03,,,
24514000487,B01,,,
24514000489,B01,,,
24514000489,B02,,,
24514000495,B01,,,
24514000495,B02,,,
24514000497,B03,,,
24514000500,B01,,,
24514000500,B02,,,
24514000502,B03,,,
24514000504,B01,,,
24514000505,B01,,,
24514000505,B03,,,
24514000507,B01,,,
24514000507,B02,,,
24514000508,B06,,,
24514000509,B06,,,
24514000511,B01,,,
24514000513,B06,,,
24514000514,B03,,,
24514000518,B01,,,
24514000518,B02,,,
24514000518,B03,,,
24514000519,B01,,,
24514000519,B02,,,
24514000521,B01,,,
24514000521,B02,,,
24514000521,B03,,,
24514000522,B01,,,
24514000522,B02,,,
24514000523,B01,,,
24514000523,B02,,,
24518000001,B01,,,
24518000001,B02,,,
24518000001,B03,,,
24518000002,B01,,,
24518000002,B02,,,
24518000022,B01,,,
24518000022,B02,,,
24518000022,B03,,,
24518000044,B01,,,
24518000044,B02,,,
24518000044,B03,,,
24518000055,B01,,,
24518000055,B03,,,
24518000206,B03,,,
24518000216,B01,,,
24518000216,B02,,,
24518000220,B03,,,
24518000221,B01,,,
24518000221,B02,,,
24518000223,B03,,,
24518000224,B01,,,
24518000224,B02,,,
24518000226,B01,,,
24518000226,B02,,,
24518000228,B01,,,
24518000228,B02,,,
24518000229,B01,,,
24518000231,B01,,,
24518000231,B02,,,
24518000232,B03,,,
24518000233,B01,,,
24518000233,B02,,,
24518000237,B01,,,
24518000237,B02,,,
24518000238,B01,,,
24518000238,B02,,,
24518000238,B06,,,
24518000240,B01,,,
24518000240,B02,,,
24518000241,B01,,,
24518000241,B02,,,
24518000244,B01,,,
24518000244,B02,,,
24518000244,B05,,,
24518000245,B01,,,
24518000245,B02,,,
24518000246,B01,,,
24518000246,B02,,,
24518000247,B01,,,
24518000247,B03,,,
24518000248,B01,,,
24518000248,B02,,,
24518000248,B03,,,
24518000251,B01,,,
24518000251,B02,,,
24518000255,B01,,,
24518000255,B03,,,
24518000256,B03,,,
24518000257,B01,,,
24518000257,B02,,,
24518000262,B01,,,
24518000262,B02,,,
24518000263,B05,,,
24519000020,B01,,,
24519000020,B03,,,
24519000022,B01,,,
24519000022,B03,,,
24519000023,B03,,,
24519000023,H31,,,
24519000036,B02,,,
24519000036,B03,,,
24519000120,B01,,,
24519000120,B02,,,
24519000120,B03,,,
24519000122,B01,,,
24519000122,B02,,,
24519000122,B03,,,
24519000131,B05,,,
24519000132,B01,,,
24519000133,B03,,,
24519000134,B01,,,
24519000134,B02,,,
24519000134,B03,,,
24519000135,B01,,,
24519000135,B02,,,
24519000137,B01,,,
24519000137,B02,,,
24519000137,B03,,,
24519000138,B01,,,
24519000138,B02,,,
24519000140,B01,,,
24519000140,B02,,,
24519000143,B01,,,
24519000143,B02,,,
24519000144,B01,,,
24519000144,B02,,,
24519000145,B01,,,
24519000145,B02,,,
24519000146,B01,,,
24519000146,B02,,,
24519000148,B01,,,
24519000148,B02,,,
24519000148,B03,,,
24519000149,B01,,,
24519000149,B02,,,
24519000150,B01,,,
24521000010,B01,,,
24521000010,B02,,,
24521000010,B03,,,
24521000010,B04,,,
24521000010,H31,,,
24521000033,B03,,,
24521000050,B03,,,
24521000105,B01,,,
24521000105,B02,,,
24521000127,B03,,,
24521000170,B03,,,
24521000178,B03,,,
24521000185,B01,,,
24521000185,B02,,,
24521000189,B03,,,
24521000190,B03,,,
24521000191,B03,,,
24521000196,B01,,,
24521000196,B03,,,
24521000197,B03,,,
24521000202,B03,,,
24521000207,B03,,,
24521000210,B01,,,
24521000210,B02,,,
24521000211,B03,,,
24521000213,B01,,,
24521000213,B02,,,
24521000214,B01,,,
24521000214,B02,,,
24521000214,B03,,,
24521000215,B01,,,
24521000215,B02,,,
24521000220,B03,,,
24521000221,B01,,,
24521000221,B02,,,
24521000222,B01,,,
24521000225,B03,,,
24571000007,B03,,,
24571000008,B03,,,
24571000009,B03,,,
24571000009,H31,,,
24571000011,B01,,,
24571000011,B02,,,
24571000011,B03,,,
24571000018,B01,,,
24571000018,B02,,,
24571000071,B01,,,
24571000071,B02,,,
24571000071,B03,,,
24571000086,B01,,,
24571000086,B03,,,
24571000091,B03,,,
24571000103,B03,,,
24571000104,B01,,,
24571000104,B02,,,
24571000105,B03,,,
24571000107,B01,,,
24571000110,B05,,,
24571000112,B01,,,
24571000114,B01,,,
24571000116,B01,,,
24571000116,B02,,,
24571000117,B01,,,
24571000117,B02,,,
24571000118,B01,,,
24571000118,B02,,,
24571000119,B03,,,
24571000123,B01,,,
24571000123,B02,,,
24572000046,B01,,,
24572000046,B03,,,
24572000046,H31,,,
24572000048,B01,,,
24572000048,B02,,,
24572000048,B03,,,
24572000059,B01,,,
24572000059,B02,,,
24572000059,B03,,,
24572000060,B01,,,
24572000060,B02,,,
24572000065,B01,,,
24572000065,B02,,,
24572000065,B03,,,
24572000067,B01,,,
24572000068,B05,,,
24572000069,B03,,,
24572000069,H31,,,
24572000071,B01,,,
24572000071,B03,,,
24573000003,B03,,,
24573000024,B01,,,
24573000024,B02,,,
24573000024,B03,,,
24573000046,B03,,,
24573000053,B01,,,
24573000053,B02,,,
24573000056,B01,,,
24573000060,B01,,,
24573000060,B03,,,
24573000063,B01,,,
24573000063,B02,,,
24573000063,B03,,,
24573000064,B01,,,
24573000064,B02,,,
24573000065,B01,,,
24573000065,B02,,,
24574000031,B03,,,
24574000036,B01,,,
24574000036,B02,,,
24574000036,B03,,,
24574000041,B01,,,
24574000041,B03,,,
24574000053,B01,,,
24574000053,B02,,,
24574000054,B01,,,
24574000054,B02,,,
24574000054,B03,,,
24574000056,B01,,,
24574000056,B02,,,
24574000056,B03,,,
24575000009,B01,,,
24575000009,B03,,,
24575000012,B03,,,
24575000044,B01,,,
24575000044,B03,,,
24575000050,B01,,,
24575000050,B02,,,
24575000050,B03,,,
24575000067,B01,,,
24575000069,B03,,,
24575000071,B03,,,
24575000072,B06,,,
24575000073,B01,,,
24575000073,B02,,,
24575000075,B01,,,
24575000076,B01,,,
24575000076,B02,,,
24575000077,B01,,,
24575000077,B02,,,
24575000080,B03,,,
24575000081,B01,,,
24575000081,B02,,,
24577000002,B03,,,
24577000053,B01,,,
24577000053,B03,,,
24577000055,B01,,,
24577000055,B02,,,
24577000057,B01,,,
24577000057,B02,,,
24579000007,B01,,,
24579000008,B01,,,
24579000008,B02,,,
24579000008,B03,,,
24579000072,B03,,,
24579000100,B03,,,
24579000101,B05,,,
24579000102,B01,,,
24579000102,B02,,,
24579000103,B03,,,
24579000104,B05,,,
24579000105,B01,,,
24579000105,B03,,,
24579000106,B01,,,
24579000106,B02,,,
24579000108,B03,,,
24579000109,B01,,,
24579000109,B02,,,
24579000110,B01,,,
24579000110,B02,,,
24579000113,B01,,,
24579000115,B05,,,
24579000117,B03,,,
24579000119,B03,,,
24580000075,B03,,,
24580000120,B01,,,
24580000120,B02,,,
24580000120,B03,,,
24580000120,B05,,,
24580000136,B03,,,
24580000155,B01,,,
24580000155,B02,,,
24580000160,B01,,,
24580000160,B02,,,
24580000160,B03,,,
24580000161,B01,,,
24580000161,B02,,,
24580000162,B03,,,
24580000164,B01,,,
24580000164,B02,,,
24580000164,B03,,,
24580000165,B03,,,
24580000165,H31,,,
24580000168,B01,,,
24580000168,B02,,,
24580000168,B03,,,
24580000169,B03,,,
24580000171,B03,,,
24580000172,B03,,,
24580000174,B03,,,
24580000176,B01,,,
24580000176,B02,,,
24580000177,B01,,,
24580000177,B03,,,
24611000012,B03,,,
24611000017,B01,,,
24611000017,B02,,,
24611000018,B03,,,
24611000110,B01,,,
24611000116,B01,,,
24611000167,B01,,,
24611000167,B02,,,
24611000169,B03,,,
24611000229,B03,,,
24611000232,B01,,,
24611000233,B03,,,
24611000236,B01,,,
24611000237,B03,,,
24611000243,B03,,,
24611000247,B01,,,
24611000247,B03,,,
24611000255,B03,,,
24611000258,B03,,,
24611000262,B03,,,
24611000265,B01,,,
24611000265,B02,,,
24611000267,B01,,,
24611000267,B02,,,
24611000267,B03,,,
24611000268,B01,,,
24611000269,B03,,,
24611000271,B03,,,
24611000273,B03,,,
24611000274,B01,,,
24611000274,B02,,,
24611000277,B01,,,
24611000277,B02,,,
24611000278,B01,,,
24611000278,B02,,,
24611000279,B01,,,
24611000280,B01,,,
24611000280,B02,,,
24611000282,B01,,,
24611000284,B01,,,
24611000285,B01,,,
24611000286,B01,,,
24611000287,B01,,,
24611000290,B01,,,
24611000290,B03,,,
24611000292,B03,,,
24611000294,B03,,,
24611000297,B01,,,
24611000297,B02,,,
24611000299,B01,,,
24611000299,B02,,,
24611000300,B01,,,
24611000302,B01,,,
24611000302,B02,,,
24611000305,B01,,,
24611000305,B02,,,
24611000306,B06,,,
24611000307,B01,,,
24611000308,B01,,,
24611000317,B01,,,
24611000317,B02,,,
24611000318,B06,,,
24611000319,B01,,,
24611000321,B01,,,
24611000322,B03,,,
24611000323,B01,,,
24611000323,B02,,,
24611000325,B01,,,
24611000331,B01,,,
24611000331,B02,,,
24611000332,B01,,,
24611000332,B02,,,
24611000334,B05,,,
24611000338,B01,,,
24611000338,B02,,,
24613000015,B03,,,
24613000019,B01,,,
24613000019,B02,,,
24613000019,B03,,,
24613000023,B01,,,
24613000033,B01,,,
24613000033,B02,,,
24613000033,B03,,,
24613000084,B01,,,
24613000084,B03,,,
24613000245,B03,,,
24613000252,B01,,,
24613000252,B03,,,
24613000288,B01,,,
24613000288,B02,,,
24613000291,B01,,,
24613000291,B02,,,
24613000301,B01,,,
24613000301,B03,,,
24613000304,B01,,,
24613000304,B03,,,
24613000306,B01,,,
24613000306,B03,,,
24613000307,B01,,,
24613000310,B01,,,
24613000310,B03,,,
24613000311,B01,,,
24613000312,B01,,,
24613000312,B03,,,
24613000316,B03,,,
24613000316,H31,,,
24613000318,B01,,,
24613000319,B01,,,
24613000320,B01,,,
24613000320,B03,,,
24613000321,B01,,,
24613000322,B01,,,
24613000323,B03,,,
24613000324,B01,,,
24613000324,B02,,,
24613000325,B01,,,
24613000327,B03,,,
24613000328,B01,,,
24613000328,B02,,,
24613000331,B01,,,
24613000331,B02,,,
24613000331,B03,,,
24613000332,B01,,,
24613000334,B01,,,
24613000334,B02,,,
24613000335,B03,,,
24613000336,B01,,,
24613000338,B01,,,
24613000339,B01,,,
24613000341,B01,,,
24613000342,B03,,,
24613000343,B01,,,
24613000345,B01,,,
24613000348,B01,,,
24613000348,B02,,,
24613000350,B01,,,
24613000351,B01,,,
24613000351,B03,,,
24613000353,B01,,,
24613000353,B02,,,
24613000353,B03,,,
24613000354,B06,,,
24613000356,B01,,,
24613000356,B02,,,
24615000008,B01,,,
24615000008,B02,,,
24615000008,B03,,,
24615000010,B01,,,
24615000010,B03,,,
24615000175,B01,,,
24615000175,B02,,,
24615000208,B01,,,
24615000208,B02,,,
24615000208,B03,,,
24615000208,H31,,,
24615000262,B03,,,
24615000278,B03,,,
24615000278,B04,,,
24615000293,B01,,,
24615000293,B02,,,
24615000293,B03,,,
24615000294,B01,,,
24615000294,B02,,,
24615000294,B03,,,
24615000295,B01,,,
24615000309,B01,,,
24615000309,B02,,,
24615000309,B03,,,
24615000333,B01,,,
24615000333,B03,,,
24615000345,B01,,,
24615000345,B03,,,
24615000346,B01,,,
24615000346,B03,,,
24615000348,B01,,,
24615000348,B02,,,
24615000349,B03,,,
24615000350,B01,,,
24615000354,B03,,,
24615000357,B01,,,
24615000358,B03,,,
24615000359,B01,,,
24615000361,B03,,,
24615000362,B01,,,
24615000362,B02,,,
24615000364,B01,,,
24615000364,B03,,,
24615000365,B01,,,
24615000365,B02,,,
24615000366,B01,,,
24615000367,B01,,,
24615000367,B02,,,
24615000369,B01,,,
24615000369,B02,,,
24615000369,B03,,,
24615000370,B01,,,
24615000370,B02,,,
24615000373,B01,,,
24615000373,B02,,,
24615000374,B01,,,
24615000374,B02,,,
24615000376,B03,,,
24615000377,B01,,,
24615000377,B02,,,
24615000381,B03,,,
24615000385,B03,,,
24615000385,H31,,,
24615000386,B01,,,
24615000386,B02,,,
24615000386,B03,,,
24615000387,B01,,,
24615000387,B02,,,
24615000387,B03,,,
24615000391,B03,,,
24615000393,B05,,,
24615000394,B03,,,
24615000396,B03,,,
24615000404,B01,,,
24615000404,B02,,,
24615000406,B01,,,
24615000406,B02,,,
24615000407,B01,,,
24615000407,B02,,,
24615000410,B03,,,
24615000411,B01,,,
24615000414,B01,,,
24615000416,B01,,,
24615000416,B02,,,
24615000419,B01,,,
24615000419,B03,,,
24615000419,H31,,,
24615000422,B01,,,
24615000422,B03,,,
24615000424,B01,,,
24615000424,B02,,,
24615000426,B03,,,
24615000427,B01,,,
24617000004,B03,,,
24617000008,B03,,,
24617000038,B03,,,
24617000153,B01,,,
24617000153,B03,,,
24617000180,B01,,,
24617000180,B02,,,
24617000180,B03,,,
24617000185,B01,,,
24617000193,B01,,,
24617000195,B01,,,
24617000196,B01,,,
24617000196,B02,,,
24617000197,B01,,,
24617000199,B01,,,
24617000199,B02,,,
24617000201,B01,,,
24617000201,B02,,,
24617000202,B01,,,
24617000202,B02,,,
24617000203,B01,,,
24617000203,B03,,,
24617000205,B01,,,
24617000205,B02,,,
24617000206,B01,,,
24617000207,B03,,,
24617000209,B01,,,
24617000209,B02,,,
24617000210,B01,,,
24617000210,B02,,,
24617000214,B03,,,
24617000215,B03,,,
24617000217,B03,,,
24617000221,B01,,,
24617000221,B02,,,
24617000222,B03,,,
24617000223,B01,,,
24617000224,B01,,,
24617000224,B02,,,
24617000225,B01,,,
24617000225,B02,,,
24617000226,B01,,,
24617000226,B02,,,
24617000228,B01,,,
24617000228,B03,,,
24617000229,B03,,,
24617000230,B01,,,
24617000233,B03,,,
24617000234,B01,,,
24617000235,B01,,,
24617000235,B02,,,
24617000238,B01,,,
24617000238,B02,,,
24617000239,B01,,,
24617000239,B02,,,
24617000240,B01,,,
24617000240,B03,,,
24617000247,B01,,,
24617000247,B02,,,
24617000248,B01,,,
24617000248,B02,,,
24617000249,B01,,,
24617000249,B02,,,
24617000251,B01,,,
24617000251,B02,,,
24617000256,B01,,,
24623000009,B01,,,
24623000009,B03,,,
24623000020,B01,,,
24623000020,B03,,,
24623000024,B01,,,
24623000024,B03,,,
24623000103,B03,,,
24623000119,B01,,,
24623000119,B03,,,
24623000128,B03,,,
24623000129,B03,,,
24623000132,B01,,,
24623000132,B03,,,
24623000133,B03,,,
24623000136,B03,,,
24623000139,B03,,,
24623000157,B01,,,
24623000160,B01,,,
24623000161,B01,,,
24623000161,B02,,,
24623000161,B03,,,
24623000162,B01,,,
24623000164,B01,,,
24623000164,B03,,,
24623000166,B01,,,
24623000169,B01,,,
24623000169,B02,,,
24623000170,B01,,,
24623000170,B02,,,
24623000173,B01,,,
24623000173,B03,,,
24623000181,B01,,,
24623000181,B02,,,
24623000182,B03,,,
24623000186,B01,,,
24623000186,B02,,,
24623000188,B01,,,
24623000189,B01,,,
24623000190,B01,,,
24623000190,B02,,,
24623000191,B01,,,
24623000191,B03,,,
24623000194,B01,,,
24623000195,B01,,,
24623000197,B01,,,
24623000199,B01,,,
24623000199,B03,,,
24623000200,B01,,,
24623000201,B06,,,
24671000030,B03,,,
24671000109,B01,,,
24671000124,B01,,,
24671000124,B02,,,
24671000125,B01,,,
24671000125,B02,,,
24671000131,B01,,,
24671000132,B03,,,
24671000134,B01,,,
24671000134,B02,,,
24671000134,B03,,,
24671000136,B01,,,
24672000006,B03,,,
24672000022,B02,,,
24672000022,B03,,,
24672000061,B01,,,
24672000061,B02,,,
24672000061,B05,,,
24672000066,B01,,,
24672000066,B02,,,
24672000066,B03,,,
24672000067,B01,,,
24672000067,B02,,,
24672000067,B03,,,
24672000067,H31,,,
24672000080,B03,,,
24672000081,B03,,,
24672000084,B01,,,
24672000084,B02,,,
24672000084,B03,,,
24672000085,B01,,,
24672000085,B03,,,
24672000087,B01,,,
24672000087,B02,,,
24672000090,B01,,,
24672000090,B02,,,
24672000092,B01,,,
24672000092,B02,,,
24672000092,B03,,,
24673000001,B05,,,
24673000038,B01,,,
24673000038,B02,,,
24673000038,B03,,,
24673000064,B01,,,
24673000064,B02,,,
24673000064,B03,,,
24673000065,B01,,,
24673000068,B01,,,
24673000068,B03,,,
24673000072,B05,,,
24673000074,B01,,,
24673000074,B02,,,
24673000076,B01,,,
24673000076,B02,,,
24673000078,B01,,,
24673000078,B02,,,
24673000078,B03,,,
24677000004,B03,,,
24677000071,B01,,,
24677000071,B02,,,
24677000071,B03,,,
24677000104,B01,,,
24677000104,B02,,,
24677000104,B03,,,
24677000115,B03,,,
24677000124,B01,,,
24677000124,B02,,,
24677000124,B03,,,
24677000126,B01,,,
24677000126,B02,,,
24677000126,B03,,,
24677000127,B01,,,
24677000127,B02,,,
24677000128,B01,,,
24677000128,B02,,,
24677000128,B03,,,
24677000133,B01,,,
24677000133,B02,,,
24677000135,B01,,,
24677000135,B02,,,
24677000135,B03,,,
24677000138,B01,,,
24677000138,B02,,,
24677000139,B01,,,
24677000139,B02,,,
24677000139,B03,,,
24677000143,B01,,,
24677000143,B03,,,
24677000145,B01,,,
24677000147,B01,,,
24677000147,B03,,,
24677000151,B01,,,
24677000151,B02,,,
24677000155,B01,,,
24677000155,B03,,,
24677000156,B01,,,
24677000156,B02,,,
24677000157,B01,,,
24677000157,B02,,,
24677000157,B03,,,
24677000158,B03,,,
24677000161,B03,,,
24677000162,B01,,,
24677000162,B02,,,
24678000013,B01,,,
24678000020,B01,,,
24678000025,B01,,,
24678000025,B02,,,
24678000045,B01,,,
24678000045,B02,,,
24678000045,B03,,,
24678000058,B03,,,
24678000059,B01,,,
24678000059,B03,,,
24678000063,B01,,,
24678000063,B03,,,
24678000066,B01,,,
24678000066,B02,,,
24678000068,B01,,,
24678000068,B02,,,
24678000069,B03,,,
24678000070,B03,,,
24678000071,B01,,,
24678000072,B01,,,
24678000072,B02,,,
24678000073,B01,,,
24678000073,B02,,,
24678000074,B05,,,
24678000075,B01,,,
24678000078,B01,,,
24678000078,B02,,,
24678000078,B03,,,
24678000080,B01,,,
24678000081,B01,,,
24678000081,B02,,,
24678000081,B03,,,
24678000082,B01,,,
24678000083,B01,,,
24678000083,B02,,,
24678000085,B01,,,
24678000085,B02,,,
24678000087,B03,,,
24678000088,B01,,,
24678000088,B02,,,
24679000008,B03,,,
24679000008,H31,,,
24679000065,B02,,,
24679000152,B01,,,
24679000162,B01,,,
24679000162,B02,,,
24679000164,B01,,,
24679000164,B02,,,
24679000164,B03,,,
24679000172,B01,,,
24679000172,B03,,,
24679000195,B01,,,
24679000195,B02,,,
24679000197,B01,,,
24679000197,B02,,,
24679000198,B01,,,
24679000198,B02,,,
24679000201,B01,,,
24679000201,B02,,,
24679000203,B01,,,
24679000203,B03,,,
24679000206,B01,,,
24679000206,B02,,,
24679000208,B01,,,
24679000208,B03,,,
24679000213,B01,,,
24679000213,B03,,,
24679000219,B01,,,
24679000220,B01,,,
24679000222,B03,,,
24679000225,B01,,,
24679000225,B02,,,
24679000226,B01,,,
24679000226,B02,,,
24679000227,B01,,,
24679000227,B02,,,
24679000228,B01,,,
24679000228,B02,,,
24679000229,B03,,,
24680000074,B01,,,
24680000076,B03,,,
24680000078,B01,,,
24680000079,B03,,,
24680000080,B03,,,
24680000082,B01,,,
24680000083,B01,,,
24680000084,B03,,,
24680000085,B01,,,
24681000003,B01,,,
24681000003,B02,,,
24681000003,B03,,,
24681000003,B04,,,
24681000052,B01,,,
24681000052,B03,,,
24681000053,B01,,,
24681000053,B02,,,
24681000053,B03,,,
24681000054,B01,,,
24681000054,B02,,,
24681000055,B01,,,
24681000055,B02,,,
24681000055,B03,,,
24682000010,B03,,,
24682000116,B01,,,
24682000125,B01,,,
24682000125,B02,,,
24682000128,B01,,,
24682000132,B01,,,
24682000134,B01,,,
24682000134,B02,,,
24682000136,B01,,,
24682000136,B02,,,
24682000137,B01,,,
24682000138,B01,,,
24682000138,B02,,,
24682000138,B03,,,
24682000140,B01,,,
24682000140,B02,,,
24682000141,B01,,,
24682000141,B02,,,
24682000142,B01,,,
24682000142,B02,,,
24682000145,B03,,,
24682000148,B01,,,
24682000148,B02,,,
24682000149,B01,,,
24682000149,B03,,,
24682000151,B03,,,
24682000152,B01,,,
24682000152,B02,,,
24682000153,B06,,,
24682000155,B01,,,
24682000155,B02,,,
24682000156,B03,,,
24682000157,B05,,,
24683000004,B03,,,
24683000006,B01,,,
24683000006,B02,,,
24683000006,B03,,,
24683000006,B04,,,
24683000098,B01,,,
24683000101,B03,,,
24683000104,B01,,,
24683000104,B02,,,
24683000107,B01,,,
24683000113,B01,,,
24683000113,B03,,,
24683000114,B03,,,
24683000114,H31,,,
24684000010,B01,,,
24684000010,H31,,,
24684000071,B03,,,
24684000089,B03,,,
24684000101,B01,,,
24684000101,B02,,,
24684000109,B01,,,
24684000109,B03,,,
24684000112,B01,,,
24684000114,B01,,,
24684000114,B03,,,
24684000115,B01,,,
24684000115,B02,,,
24684000119,B01,,,
24684000120,B01,,,
24684000120,B02,,,
24684000123,B01,,,
24684000123,B02,,,
24684000124,B01,,,
24684000125,B01,,,
24684000126,B01,,,
24684000126,B02,,,
24684000127,B03,,,
24684000129,B03,,,
24684000129,H31,,,
24684000130,B01,,,
24684000131,B01,,,
24684000131,B02,,,
24684000132,B01,,,
24684000132,B02,,,
24686000043,B01,,,
24686000043,B02,,,
24686000043,B03,,,
24686000073,B01,,,
24686000073,B02,,,
24686000073,B03,,,
24686000077,B03,,,
24686000083,B01,,,
24686000083,B03,,,
24686000087,B01,,,
24686000087,B02,,,
24686000088,B01,,,
24686000088,B02,,,
24686000089,B01,,,
24686000089,B02,,,
24686000090,B01,,,
24686000091,B01,,,
24686000092,B01,,,
24686000092,B02,,,
24686000096,B01,,,
24686000101,B01,,,
24686000101,B02,,,
24686000102,B01,,,
24686000102,B03,,,
24686000104,B03,,,
24687000001,B03,,,
24687000001,B04,,,
24687000003,B03,,,
24687000012,B03,,,
24687000014,B01,,,
24687000014,B03,,,
24687000033,B03,,,
24687000035,B01,,,
24687000035,B02,,,
24687000045,B01,,,
24687000045,B02,,,
24687000047,B01,,,
24687000048,B01,,,
24687000048,B02,,,
24687000055,B01,,,
24687000055,B02,,,
24687000056,B01,,,
24687000057,B01,,,
24687000058,B01,,,
24687000058,B02,,,
24687000059,B01,,,
24687000059,B02,,,
24687000060,B01,,,
24687000063,B01,,,
24687000064,B01,,,
24687000065,B01,,,
24687000066,B01,,,
24687000066,B03,,,
24687000068,B01,,,
24687000068,B02,,,
24687000069,B01,,,
24687000070,B01,,,
24687000070,B02,,,
24687000070,B03,,,
24687000071,B01,,,
24687000071,B02,,,
24687000071,B05,,,
24687000072,B06,,,
24688000029,B01,,,
24688000029,B02,,,
24688000029,B03,,,
24688000064,B01,,,
24688000064,B02,,,
24688000070,B01,,,
24688000070,B03,,,
24688000090,B03,,,
24688000095,B03,,,
24688000098,B01,,,
24688000099,B01,,,
24688000100,B03,,,
24688000103,B01,,,
24688000103,B02,,,
24688000105,B01,,,
24688000108,B01,,,
24688000110,B03,,,
24688000110,H31,,,
24688000111,B01,,,
24688000111,B03,,,
24688000112,B01,,,
24688000112,B02,,,
24688000113,B01,,,
24688000114,B01,,,
24688000114,B02,,,
24688000116,B01,,,
24688000116,B02,,,
24688000117,B01,,,
24688000117,B02,,,
24688000119,B01,,,
24688000122,B05,,,
24689000016,B01,,,
24689000016,B02,,,
24689000016,B03,,,
24689000044,B01,,,
24689000058,B03,,,
24689000071,B01,,,
24689000081,B01,,,
24689000081,B02,,,
24689000082,B01,,,
24689000082,B02,,,
24689000086,B01,,,
24689000087,B01,,,
24689000087,B02,,,
24689000089,B01,,,
24689000089,B02,,,
24689000090,B01,,,
24689000090,B02,,,
24689000091,B01,,,
24689000091,B02,,,
24689000091,B03,,,
24689000091,B04,,,
24689000092,B01,,,
24689000093,B01,,,
24689000093,B02,,,
24689000096,B01,,,
24689000096,B02,,,
24689000097,B01,,,
24689000099,B01,,,
24689000100,B01,,,
24689000103,B01,,,
24689000103,B02,,,
24689000106,B01,,,
24689000106,B02,,,
24690000001,B01,,,
24690000001,B02,,,
24690000001,B03,,,
24690000003,B01,,,
24690000003,B02,,,
24690000040,B01,,,
24690000052,B01,,,
24690000052,B02,,,
24690000052,B03,,,
24690000052,H31,,,
24690000053,B01,,,
24690000053,B02,,,
24690000053,B03,,,
24690000054,B01,,,
24690000054,B02,,,
24690000055,B01,,,
24690000055,B02,,,
24690000056,B01,,,
24690000056,B02,,,
24690000057,B01,,,
24690000057,B02,,,
24690000059,B01,,,
24690000060,B01,,,
24690000060,B02,,,
24691000074,B03,,,
24691000076,B01,,,
24691000076,B02,,,
24691000077,B01,,,
24691000077,B02,,,
24691000078,B01,,,
24691000078,B02,,,
24691000079,B01,,,
24691000079,B02,,,
24691000087,B03,,,
24711000011,B03,,,
24711000163,B01,,,
24711000163,B02,,,
24711000182,B01,,,
24711000182,B02,,,
24711000182,B03,,,
24711000215,B01,,,
24711000215,B02,,,
24711000267,B03,,,
24711000271,B03,,,
24711000427,B01,,,
24711000427,B03,,,
24711000487,B03,,,
24711000494,B01,,,
24711000494,B02,,,
24711000494,B06,,,
24711000496,B01,,,
24711000501,B01,,,
24711000505,B01,,,
24711000505,B02,,,
24711000506,B01,,,
24711000507,B01,,,
24711000509,B01,,,
24711000514,B06,,,
24711000516,B01,,,
24711000520,B01,,,
24711000520,B02,,,
24711000521,B01,,,
24711000525,B01,,,
24711000525,B02,,,
24711000527,B03,,,
24711000528,B01,,,
24711000528,B03,,,
24711000529,B01,,,
24711000531,B01,,,
24711000532,B01,,,
24711000535,B01,,,
24711000535,B02,,,
24711000536,B01,,,
24711000536,B02,,,
24711000538,B01,,,
24711000538,B02,,,
24711000538,B03,,,
24711000540,B01,,,
24711000540,B02,,,
24711000542,B01,,,
24711000542,B03,,,
24711000543,B01,,,
24711000543,B02,,,
24711000544,B01,,,
24711000545,B01,,,
24711000547,B01,,,
24711000551,B06,,,
24711000556,B01,,,
24711000557,B03,,,
24711000558,B01,,,
24711000558,B02,,,
24711000559,B01,,,
24711000560,B01,,,
24711000560,B03,,,
24711000562,B03,,,
24711000564,B05,,,
24711000567,B01,,,
24711000568,B01,,,
24711000568,B02,,,
24711000569,B01,,,
24711000573,B01,,,
24711000574,B01,,,
24711000574,B02,,,
24711000575,B03,,,
24711000576,B01,,,
24711000576,B02,,,
24711000578,B01,,,
24711000579,B01,,,
24711000579,B03,,,
24711000581,B01,,,
24711000581,B02,,,
24711000583,B01,,,
24711000584,B01,,,
24711000585,B01,,,
24711000589,B01,,,
24711000589,B02,,,
24711000592,B01,,,
24711000593,B01,,,
24711000593,B02,,,
24711000597,B03,,,
24711000598,B01,,,
24711000598,B02,,,
24711000599,B03,,,
24711000600,B01,,,
24711000603,B01,,,
24711000603,B03,,,
24711000604,B01,,,
24711000604,B03,,,
24711000605,B01,,,
24711000606,B01,,,
24711000607,B03,,,
24711000611,B01,,,
24711000613,B01,,,
24711000615,B01,,,
24711000617,B03,,,
24711000618,B01,,,
24711000620,B01,,,
24711000624,B01,,,
24711000624,B03,,,
24711000626,B01,,,
24711000628,B03,,,
24711000630,B03,,,
24711000632,B01,,,
24711000634,B01,,,
24711000635,B03,,,
24711000636,B01,,,
24711000636,B02,,,
24711000637,B01,,,
24711000637,B02,,,
24711000638,B01,,,
24711000638,B02,,,
24711000639,B01,,,
24711000640,B01,,,
24711000640,B03,,,
24711000642,B03,,,
24711000643,B03,,,
24711000646,B03,,,
24711000650,B03,,,
24711000651,B01,,,
24711000651,B03,,,
24711000653,B01,,,
24711000654,B01,,,
24711000655,B03,,,
24711000658,B01,,,
24711000658,B02,,,
24711000667,B01,,,
24711000668,B01,,,
24711000668,B03,,,
24711000672,B01,,,
24711000672,B02,,,
24713000007,B03,,,
24713000146,B03,,,
24713000184,B01,,,
24713000184,B03,,,
24713000186,B01,,,
24713000186,B03,,,
24713000207,B03,,,
24713000235,B02,,,
24713000235,B03,,,
24713000245,B03,,,
24713000270,B01,,,
24713000270,B03,,,
24713000276,B03,,,
24713000278,B03,,,
24713000279,B06,,,
24713000280,B01,,,
24713000280,B02,,,
24713000283,B01,,,
24713000284,B01,,,
24713000284,B02,,,
24713000285,B03,,,
24713000286,B03,,,
24713000288,B01,,,
24713000288,B02,,,
24713000289,B01,,,
24713000291,B01,,,
24713000291,B02,,,
24713000291,B03,,,
24713000292,B03,,,
24713000296,B01,,,
24713000296,B02,,,
24713000299,B01,,,
24713000308,B01,,,
24713000308,B02,,,
24713000311,B03,,,
24713000311,H31,,,
24713000311,H32,,,
24713000319,B03,,,
24713000321,B01,,,
24713000321,B02,,,
24713000324,B01,,,
24713000324,B02,,,
24713000324,B03,,,
24713000327,B01,,,
24713000330,B01,,,
24713000330,B03,,,
24713000334,B03,,,
24713000337,B01,,,
24713000337,B02,,,
24713000337,B03,,,
24713000342,B03,,,
24713000344,B03,,,
24713000351,B03,,,
24713000368,B01,,,
24713000373,B01,,,
24713000373,B02,,,
24713000390,B01,,,
24713000390,B03,,,
24713000401,B03,,,
24713000407,B03,,,
24713000410,B01,,,
24713000410,B02,,,
24713000414,B03,,,
24713000415,B01,,,
24713000415,B02,,,
24713000415,B03,,,
24713000416,B03,,,
24713000423,B01,,,
24713000423,B02,,,
24713000427,B03,,,
24713000428,B03,,,
24713000431,B01,,,
24713000432,B01,,,
24713000440,B01,,,
24713000440,B02,,,
24713000441,B03,,,
24713000445,B01,,,
24713000449,B03,,,
24713000450,B01,,,
24715000256,B03,,,
24715000263,B03,,,
24715000275,B01,,,
24715000275,B02,,,
24715000275,B03,,,
24715000275,H31,,,
24715000280,B01,,,
24715000280,B02,,,
24715000283,B01,,,
24715000288,B03,,,
24715000289,B01,,,
24715000289,B02,,,
24715000293,B03,,,
24715000298,B01,,,
24715000298,B03,,,
24715000299,B01,,,
24715000301,B03,,,
24715000302,B01,,,
24715000302,B02,,,
24715000303,B01,,,
24715000306,B01,,,
24715000308,B03,,,
24715000309,B01,,,
24715000309,B02,,,
24715000313,B01,,,
24715000315,B01,,,
24715000318,B03,,,
24715000319,B01,,,
24715000319,B05,,,
24715000320,B03,,,
24715000322,B03,,,
24715000323,B01,,,
24715000324,B01,,,
24715000324,B03,,,
24715000325,B03,,,
24715000327,B03,,,
24715000329,B01,,,
24715000331,B01,,,
24715000332,B01,,,
24715000333,B01,,,
24715000334,B03,,,
24715000335,B03,,,
24715000336,B01,,,
24715000336,B02,,,
24715000338,B01,,,
24715000340,B01,,,
24715000340,B03,,,
24715000340,H31,,,
24717000003,B03,,,
24717000109,B03,,,
24717000109,B04,,,
24717000157,B06,,,
24717000158,B03,,,
24717000160,B01,,,
24717000160,B02,,,
24717000162,B01,,,
24717000162,B03,,,
24717000163,B01,,,
24717000163,B02,,,
24717000164,B01,,,
24717000164,B02,,,
24717000165,B01,,,
24717000165,B02,,,
24717000169,B01,,,
24717000169,B02,,,
24717000171,B01,,,
24717000171,B02,,,
24717000172,B01,,,
24717000172,B02,,,
24717000174,B01,,,
24717000174,B02,,,
24717000176,B03,,,
24717000177,B03,,,
24717000178,B01,,,
24717000178,B02,,,
24717000181,B01,,,
24717000182,B01,,,
24717000183,B01,,,
24717000183,B02,,,
24717000189,B01,,,
24717000190,B01,,,
24717000190,B02,,,
24717000191,B01,,,
24717000191,B02,,,
24717000194,B03,,,
24717000195,B01,,,
24717000196,B01,,,
24717000196,B02,,,
24717000196,B03,,,
24717000197,B01,,,
24717000197,B02,,,
24717000198,B01,,,
24717000198,B02,,,
24717000199,B05,,,
24717000201,B01,,,
24717000201,B03,,,
24717000203,B01,,,
24717000203,B02,,,
24717000204,B01,,,
24717000204,B03,,,
24719000004,B03,,,
24719000197,B01,,,
24719000197,B02,,,
24719000197,B03,,,
24719000197,H31,,,
24719000197,H32,,,
24719000368,B01,,,
24719000368,B02,,,
24719000368,B03,,,
24719000368,H31,,,
24719000371,B03,,,
24719000371,H31,,,
24719000374,B01,,,
24719000374,B03,,,
24719000378,B01,,,
24719000378,B02,,,
24719000378,B03,,,
24719000383,B01,,,
24719000383,B03,,,
24719000385,B03,,,
24719000399,B01,,,
24719000399,B02,,,
24719000399,B03,,,
24719000402,B01,,,
24719000402,B03,,,
24719000404,B03,,,
24719000405,B03,,,
24719000406,B03,,,
24719000407,B01,,,
24719000407,B03,,,
24719000409,B01,,,
24719000409,B03,,,
24719000411,B01,,,
24719000411,B02,,,
24719000413,B03,,,
24719000414,B03,,,
24719000415,B01,,,
24719000415,B02,,,
24719000415,B03,,,
24719000417,B01,,,
24719000417,B02,,,
24719000418,B01,,,
24719000421,B01,,,
24719000421,B03,,,
24719000422,B01,,,
24719000428,B01,,,
24719000428,B03,,,
24719000430,B03,,,
24719000431,B01,,,
24719000431,B02,,,
24719000434,B01,,,
24719000438,B03,,,
24719000440,B03,,,
24719000442,B01,,,
24719000442,B02,,,
24719000442,B03,,,
24719000442,B05,,,
24719000444,B01,,,
24719000451,B03,,,
24719000452,B03,,,
24719000453,B01,,,
24719000453,B03,,,
24719000455,B01,,,
24719000455,B03,,,
24719000456,B03,,,
24719000458,B03,,,
24719000459,B01,,,
24719000459,B03,,,
24719000461,B01,,,
24719000462,B01,,,
24719000466,B03,,,
24719000467,B03,,,
24719000468,B03,,,
24719000469,B01,,,
24719000472,B01,,,
24719000472,B03,,,
24719000473,B01,,,
24719000473,B02,,,
24719000477,B01,,,
24719000477,B02,,,
24719000477,B03,,,
24719000477,H31,,,
24719000477,H32,,,
24719000479,B03,,,
24719000481,B01,,,
24719000484,B03,,,
24719000486,B01,,,
24719000487,B01,,,
24719000489,B01,,,
24719000489,B02,,,
24719000490,B01,,,
24719000494,B03,,,
24719000495,B01,,,
24719000495,B03,,,
24719000497,B01,,,
24719000497,B03,,,
24719000499,B01,,,
24719000502,B01,,,
24719000502,B02,,,
24719000503,B01,,,
24719000503,B03,,,
24719000503,H31,,,
24719000504,B01,,,
24719000504,B03,,,
24719000505,B01,,,
24719000505,B02,,,
24719000505,B03,,,
24719000507,B01,,,
24719000507,B02,,,
24719000507,B03,,,
24719000514,B01,,,
24719000514,B02,,,
24719000514,B03,,,
24719000517,B03,,,
24719000518,B03,,,
24719000520,B01,,,
24719000520,B03,,,
24719000521,B03,,,
24719000522,B01,,,
24719000527,B01,,,
24719000528,B01,,,
24721000011,B01,,,
24721000011,B02,,,
24721000011,B03,,,
24721000080,B03,,,
24721000132,B01,,,
24721000132,B02,,,
24721000134,B01,,,
24721000161,B01,,,
24721000172,B01,,,
24721000184,B01,,,
24721000184,B02,,,
24721000201,B01,,,
24721000201,B03,,,
24721000204,B01,,,
24721000204,B02,,,
24721000207,B01,,,
24721000208,B01,,,
24721000210,B01,,,
24721000215,B03,,,
24721000219,B01,,,
24721000223,B01,,,
24721000223,B02,,,
24721000226,B01,,,
24721000226,B02,,,
24721000227,B01,,,
24721000227,B03,,,
24723000210,B01,,,
24723000210,B02,,,
24723000210,B03,,,
24723000216,B01,,,
24723000216,B02,,,
24723000220,B01,,,
24723000220,B02,,,
24723000221,B01,,,
24723000221,B02,,,
24723000225,B01,,,
24723000225,B03,,,
24723000233,B01,,,
24723000233,B03,,,
24723000237,B03,,,
24723000242,B01,,,
24723000242,B02,,,
24723000243,B01,,,
24723000243,B02,,,
24723000246,B03,,,
24723000247,B01,,,
24723000247,B02,,,
24723000248,B03,,,
24723000250,B01,,,
24723000254,B01,,,
24723000254,B03,,,
24723000256,B01,,,
24723000256,B02,,,
24723000257,B01,,,
24723000257,B02,,,
24723000258,B03,,,
24723000260,B01,,,
24723000262,B01,,,
24723000262,B05,,,
24723000263,B01,,,
24723000263,B02,,,
24723000265,B03,,,
24723000268,B01,,,
24723000268,B03,,,
24723000269,B01,,,
24723000276,B01,,,
24723000276,B03,,,
24723000277,B01,,,
24723000277,B02,,,
24723000278,B01,,,
24723000278,B03,,,
24723000279,B01,,,
24723000280,B05,,,
24723000281,B01,,,
24725000018,B03,,,
24725000107,B03,,,
24725000185,B03,,,
24725000186,B01,,,
24725000186,B03,,,
24725000187,B01,,,
24725000187,B03,,,
24725000188,B01,,,
24725000188,B03,,,
24725000192,B01,,,
24725000193,B01,,,
24725000194,B01,,,
24725000194,B02,,,
24725000195,B03,,,
24725000197,B01,,,
24725000198,B01,,,
24725000200,B01,,,
24725000201,B01,,,
24725000201,B02,,,
24725000202,B01,,,
24725000203,B01,,,
24725000203,B02,,,
24725000204,B01,,,
24725000204,B02,,,
24725000206,B01,,,
24725000206,B02,,,
24725000207,B03,,,
24725000208,B01,,,
24725000208,B02,,,
24725000211,B03,,,
24725000211,H31,,,
24725000214,B01,,,
24725000214,B02,,,
24725000215,B01,,,
24725000215,B03,,,
24725000219,B01,,,
24725000223,B01,,,
24725000223,B02,,,
24725000224,B05,,,
24725000225,B01,,,
24725000225,B02,,,
24725000230,B03,,,
24728000004,B01,,,
24728000004,B02,,,
24728000004,B03,,,
24728000138,B03,,,
24728000144,B03,,,
24728000147,B01,,,
24728000147,B03,,,
24728000156,B01,,,
24728000159,B01,,,
24728000159,B02,,,
24728000160,B01,,,
24728000160,B03,,,
24728000161,B03,,,
24728000161,H31,,,
24728000161,H32,,,
24728000167,B01,,,
24728000169,B01,,,
24728000169,B02,,,
24728000171,B03,,,
24728000173,B03,,,
24728000174,B01,,,
24728000174,B02,,,
24728000175,B03,,,
24728000176,B03,,,
24728000179,B01,,,
24728000181,B01,,,
24728000185,B03,,,
24728000187,B01,,,
24728000187,B02,,,
24728000188,B03,,,
24728000190,B01,,,
24728000191,B01,,,
24728000191,B03,,,
24728000192,B01,,,
24728000199,B03,,,
24728000200,B01,,,
24728000200,B02,,,
24728000204,B01,,,
24728000204,B03,,,
24728000205,B01,,,
24729028734,B03,,,
24729028734,B04,,,
24729028967,B03,,,
24729028971,B01,,,
24729028971,B02,,,
24729028971,B03,,,
24729028972,B01,,,
24729028972,B03,,,
24729028973,B03,,,
24729028976,B01,,,
24729028976,B03,,,
24729028985,B01,,,
24729028985,B02,,,
24729028985,B03,,,
24729028987,B01,,,
24729028987,B03,,,
24729028991,B01,,,
24729028991,B03,,,
24729028993,B01,,,
24729028993,B02,,,
24729028995,B01,,,
24729028995,B02,,,
24729029000,B01,,,
24729029000,B02,,,
24729029001,B01,,,
24729029001,B02,,,
24729029007,B01,,,
24729029008,B01,,,
24729029010,B01,,,
24729029017,B03,,,
24729029019,B01,,,
24729029021,B01,,,
24729029021,B02,,,
24729029022,B01,,,
24729029025,B01,,,
24729029025,B03,,,
24729029029,B01,,,
24729029029,B03,,,
24729029031,B01,,,
24729029031,B02,,,
24729029032,B03,,,
24729029033,B01,,,
24729029040,B03,,,
24729029041,B03,,,
24729029042,B01,,,
24729029044,B01,,,
24729029044,B02,,,
24729029044,B03,,,
24729029045,B01,,,
24729029046,B01,,,
24729029046,B02,,,
24729029048,B03,,,
24729029054,B03,,,
24729029055,B01,,,
24729029055,B02,,,
24729029057,B01,,,
24729029057,B02,,,
24729029060,B03,,,
24729029062,B01,,,
24729029062,B02,,,
24729029064,B01,,,
24729029064,B03,,,
24729029066,B01,,,
24729029066,B03,,,
24729029068,B03,,,
24729029070,B01,,,
24729029070,B02,,,
24729029071,B01,,,
24729029072,B01,,,
24729029073,B01,,,
24729029074,B01,,,
24729029074,B02,,,
24729029078,B03,,,
24729029079,B03,,,
24729029083,B03,,,
24729029084,B01,,,
24729029084,B02,,,
24729029085,B03,,,
24729029088,B01,,,
24729029088,B02,,,
24729029088,B03,,,
24729029090,B01,,,
24729029090,B02,,,
24729029093,B01,,,
24729029094,B01,,,
24729029094,B02,,,
24729029096,B01,,,
24729029098,B03,,,
24729029099,B01,,,
24729029099,B02,,,
24729029102,B01,,,
24729029103,B01,,,
24729029103,B02,,,
24729029107,B01,,,
24729029110,B01,,,
24729029112,B01,,,
24729029115,B01,,,
24729029117,B01,,,
24729029117,B02,,,
24729029117,B03,,,
24729029118,B01,,,
24729029119,B01,,,
24729029121,B01,,,
24729029124,B01,,,
24772000007,B01,,,
24772000007,B02,,,
24772000007,B03,,,
24772000033,B01,,,
24772000033,B03,,,
24772000033,B04,,,
24772000055,B01,,,
24772000055,B03,,,
24772000056,B03,,,
24772000057,B03,,,
24772000059,B01,,,
24772000059,B03,,,
24773000050,B03,,,
24773000053,B01,,,
24773000053,B03,,,
24773000054,B01,,,
24773000054,B02,,,
24773000054,B03,,,
24773000054,B04,,,
24773000072,B01,,,
24773000072,B02,,,
24773000072,B03,,,
24773000113,B01,,,
24773000114,B03,,,
24773000115,B03,,,
24773000115,H31,,,
24773000116,B01,,,
24773000117,B01,,,
24773000121,B01,,,
24773000121,B02,,,
24773000123,B03,,,
24773000126,B01,,,
24773000127,B01,,,
24773000129,B01,,,
24773000131,B01,,,
24773000131,B02,,,
24773000134,B01,,,
24773000134,B02,,,
24773000141,B01,,,
24773000144,B01,,,
24773000145,B01,,,
24773000147,B01,,,
24773000149,B01,,,
24775000007,B03,,,
24775000025,B01,,,
24775000025,B02,,,
24775000025,B03,,,
24775000035,B03,,,
24775000042,B01,,,
24775000042,B02,,,
24775000043,B01,,,
24775000043,B02,,,
24775000043,B03,,,
24776000017,B01,,,
24776000029,B03,,,
24776000030,B03,,,
24776000030,H31,,,
24776000033,B01,,,
24776000036,B01,,,
24776000036,B02,,,
24776000037,B01,,,
24776000037,B02,,,
24776000037,B03,,,
24777000047,B03,,,
24777000063,B01,,,
24777000063,B02,,,
24777000065,B01,,,
24777000067,B01,,,
24777000068,B03,,,
24777000069,B03,,,
24777000070,B01,,,
24777000071,B01,,,
24777000074,B03,,,
24777000075,B01,,,
24777000075,B02,,,
24777000075,B03,,,
24777000076,B01,,,
24777000078,B01,,,
24777000079,B01,,,
24777000079,B02,,,
24782000003,B03,,,
24782000089,B01,,,
24782000089,B02,,,
24782000089,B03,,,
24782000089,H31,,,
24782000108,B03,,,
24782000111,B01,,,
24782000113,B01,,,
24782000113,B02,,,
24782000123,B01,,,
24782000123,B03,,,
24782000124,B03,,,
24782000126,B01,,,
24782000126,B02,,,
24782000129,B01,,,
24782000129,B02,,,
24782000130,B03,,,
24782000131,B01,,,
24782000133,B01,,,
24782000133,B02,,,
24782000134,B01,,,
24782000134,B02,,,
24782000134,B03,,,
24782000135,B01,,,
24782000135,B02,,,
24782000137,B01,,,
24782000137,B02,,,
24782000137,B03,,,
24782000139,B01,,,
24782000140,B01,,,
24782000140,B02,,,
24782000141,B01,,,
24782000141,B02,,,
24782000142,B01,,,
24782000142,B02,,,
24782000143,B01,,,
24782000143,B02,,,
24783000058,B01,,,
24783000059,B01,,,
24783000059,B03,,,
24783000061,B01,,,
24783000061,B03,,,
24783000063,B01,,,
24783000063,B02,,,
24783000063,B03,,,
24783000065,B01,,,
24783000065,B03,,,
24783000069,B01,,,
24783000069,B02,,,
24784000037,B01,,,
24784000037,B02,,,
24784000037,B03,,,
24784000069,B03,,,
24784000070,B03,,,
24784000071,B03,,,
24784000072,B03,,,
24784000074,B01,,,
24784000074,B03,,,
24784000075,B01,,,
24784000077,B01,,,
24784000078,B01,,,
24784000079,B01,,,
24784000079,B02,,,
24784000085,B01,,,
24784000088,B03,,,
24784000089,B06,,,
24784000090,B01,,,
24784000090,B02,,,
24784000091,B01,,,
24784000092,B03,,,
24785000170,B01,,,
24785000172,B01,,,
24785000172,B03,,,
24785000175,B01,,,
24785000176,B01,,,
24785000176,B02,,,
24785000176,B03,,,
24785000177,B01,,,
24785000178,B01,,,
24785000180,B01,,,
24785000183,B03,,,
24785000184,B01,,,
24785000184,B03,,,
24785000186,B01,,,
24785000187,B01,,,
24785000189,B01,,,
24785000189,B02,,,
24785000189,B03,,,
24785000189,B04,,,
24785000191,B03,,,
24785000192,B01,,,
24785000192,B02,,,
24785000197,B01,,,
24785000199,B01,,,
24785000201,B01,,,
24785000203,B03,,,
24785000209,B01,,,
24785000209,B03,,,
24790000351,B01,,,
24790000368,H31,,,
24790000369,B01,,,
24790000370,H31,,,
24790000370,H32,,,
24790000373,B01,,,
24790000373,B06,,,
24790000374,B01,,,
24790000374,B03,,,
24790000375,B01,,,
24790000375,B02,,,
24790000375,B05,,,
24790000376,B01,,,
24790000377,B01,,,
24790000377,B03,,,
24790000380,B01,,,
24792000025,B01,,,
24792000025,B02,,,
24792000025,B03,,,
24792000025,H31,,,
24792000045,B01,,,
24792000047,B01,,,
24792000048,B01,,,
24792000049,B01,,,
24793000063,B01,,,
24793000063,B03,,,
24793000067,B01,,,
24793000067,B03,,,
24793000068,B03,,,
24793000068,H31,,,
24793000069,B03,,,
24793000072,B01,,,
24793000073,B01,,,
24793000073,B02,,,
24793000076,B01,,,
24793000076,B02,,,
24793000079,B01,,,
24793000080,B01,,,
24793000080,B02,,,
24793000080,B03,,,
24793000081,B06,,,
24793000082,B01,,,
24793000082,B03,,,
24793000083,B03,,,
24793000084,B01,,,
24793000084,B02,,,
24793000084,B05,,,
24793000087,B01,,,
24793000089,B01,,,
24793000091,B01,,,
24793000091,B03,,,
24811000008,B03,,,
24811000030,B01,,,
24811000030,B03,,,
24811000033,B01,,,
24811000033,B03,,,
24811000045,B01,,,
24811000045,B02,,,
24811000045,B03,,,
24811000045,B05,,,
24811000063,B03,,,
24812000200,B01,,,
24812000359,B01,,,
24812000359,B02,,,
24812000359,B03,,,
24812000415,B01,,,
24812000415,B03,,,
24812000424,B01,,,
24812000424,B02,,,
24812000424,B03,,,
24812000435,B01,,,
24812000435,B02,,,
24812000435,B03,,,
24812000437,B01,,,
24812000437,B02,,,
24812000437,B03,,,
24812000475,B01,,,
24812000475,B03,,,
24812000487,B01,,,
24812000487,B03,,,
24812000493,B01,,,
24812000493,B02,,,
24812000493,B03,,,
24812000505,B01,,,
24812000505,B02,,,
24812000505,B03,,,
24812000530,B03,,,
24812000590,B01,,,
24812000591,B01,,,
24812000593,B01,,,
24812000594,B01,,,
24812000594,B02,,,
24812000596,B01,,,
24812000596,B02,,,
24812000604,B03,,,
24812000605,B03,,,
24812000607,B03,,,
24812000608,B01,,,
24812000609,B01,,,
24812000614,B03,,,
24812000616,B01,,,
24812000617,B01,,,
24812000618,B01,,,
24812000618,B02,,,
24812000618,B03,,,
24812000619,B01,,,
24812000619,B02,,,
24812000621,B01,,,
24812000621,B02,,,
24812000622,B01,,,
24812000624,B01,,,
24812000624,B02,,,
24812000624,B05,,,
24812000626,B01,,,
24812000626,B02,,,
24812000628,B01,,,
24812000628,B02,,,
24812000629,B01,,,
24812000629,B02,,,
24812000631,B03,,,
24812000632,B01,,,
24812000632,B03,,,
24812000633,B01,,,
24812000633,B02,,,
24812000633,B03,,,
24812000634,B01,,,
24812000634,B02,,,
24812000637,B01,,,
24812000637,B02,,,
24812000638,B01,,,
24812000638,B02,,,
24812000640,B06,,,
24812000642,B03,,,
24812000643,B01,,,
24812000643,B02,,,
24812000644,B01,,,
24812000644,B02,,,
24812000645,B01,,,
24812000646,B01,,,
24812000646,B02,,,
24812000648,B01,,,
24812000651,B01,,,
24812000651,B02,,,
24812000652,B01,,,
24812000655,B01,,,
24812000655,B02,,,
24812000656,B03,,,
24812000660,B01,,,
24812000660,B02,,,
24812000665,B01,,,
24812000666,B01,,,
24812000667,B01,,,
24812000667,B02,,,
24812000668,B01,,,
24812000669,B01,,,
24812000671,B01,,,
24812000671,B02,,,
24812000672,B01,,,
24812000673,B01,,,
24812000675,B01,,,
24812000676,B01,,,
24812000677,B01,,,
24812000677,B03,,,
24812000678,B01,,,
24812000679,B01,,,
24812000679,B02,,,
24812000682,B01,,,
24812000684,B01,,,
24812000686,B01,,,
24812000687,B01,,,
24812000688,B03,,,
24812000689,B01,,,
24812000689,B02,,,
24812000691,B03,,,
24812000692,B01,,,
24812000693,B01,,,
24812000693,B02,,,
24812000693,B03,,,
24812000694,B01,,,
24812000695,B01,,,
24812000695,B03,,,
24812000698,B01,,,
24812000698,B02,,,
24812000699,B01,,,
24812000699,B02,,,
24812000700,B01,,,
24812000702,B01,,,
24812000702,B02,,,
24812000703,B01,,,
24812000705,B01,,,
24812000707,B01,,,
24812000707,B02,,,
24812000707,B03,,,
24812000708,B01,,,
24812000710,B01,,,
24812000711,B01,,,
24812000711,B02,,,
24812000713,B01,,,
24812000714,B01,,,
24812000714,B03,,,
24812000716,B01,,,
24812000717,B01,,,
24812000719,B01,,,
24812000719,B03,,,
24812000720,B02,,,
24812000720,B03,,,
24812000720,H31,,,
24812000722,B01,,,
24812000722,B02,,,
24812000723,B01,,,
24812000723,B02,,,
24812000725,B01,,,
24812000726,B03,,,
24812000727,B01,,,
24812000727,B03,,,
24812000728,B01,,,
24812000729,B01,,,
24812000729,B02,,,
24812000730,B01,,,
24812000730,B03,,,
24812000732,B01,,,
24812000734,B01,,,
24812000734,B02,,,
24812000736,B01,,,
24812000736,B02,,,
24812000737,B01,,,
24812000737,B02,,,
24812000738,B01,,,
24812000742,B01,,,
24812000742,B02,,,
24812000744,B01,,,
24812000744,B02,,,
24812000744,B05,,,
24812000745,B01,,,
24812000745,B03,,,
24812000747,B01,,,
24812000747,B02,,,
24812000748,B01,,,
24812000748,B02,,,
24812000748,B03,,,
24812000749,B01,,,
24812000750,B01,,,
24812000750,B02,,,
24812000751,B03,,,
24812000754,B01,,,
24812000758,B01,,,
24812000758,B02,,,
24812000759,B01,,,
24812000759,B03,,,
24812000761,B03,,,
24812000761,H31,,,
24812000763,B01,,,
24812000763,B02,,,
24812000763,B03,,,
24812000764,B01,,,
24812000764,B03,,,
24812000766,B01,,,
24812000767,B01,,,
24812000767,B06,,,
24812000769,B01,,,
24812000769,B03,,,
24812000772,B01,,,
24812000774,B01,,,
24812000774,B03,,,
24812000776,B03,,,
24812000777,B01,,,
24812000777,B03,,,
24812000778,B01,,,
24812000778,B02,,,
24812000783,B01,,,
24812000783,B02,,,
24812000784,B01,,,
24812000784,B02,,,
24812000787,B01,,,
24812000792,B01,,,
24812000792,B02,,,
24812000793,B01,,,
24812000793,B02,,,
24812000796,B01,,,
24812000796,B02,,,
24812000798,B03,,,
24812000799,B01,,,
24812000799,B02,,,
24812000800,B01,,,
24812000800,B02,,,
24812000800,B03,,,
24812000804,B01,,,
24812000805,B01,,,
24812000805,B02,,,
24812000806,B01,,,
24812000806,B03,,,
24812000807,B01,,,
24812000807,B02,,,
24812000810,B01,,,
24812000810,B02,,,
24812000814,B01,,,
24812000815,B03,,,
24812000817,B03,,,
24812000818,B03,,,
24812000819,B01,,,
24812000822,B03,,,
24812000823,B01,,,
24812000823,B02,,,
24812000824,B01,,,
24812000824,B02,,,
24812000827,B03,,,
24812000828,B06,,,
24812000829,B01,,,
24812000830,B01,,,
24812000831,B03,,,
24812000832,B01,,,
24812000832,B02,,,
24812000833,B01,,,
24812000834,B01,,,
24812000834,B02,,,
24812000836,B01,,,
24812000838,B01,,,
24812000838,B03,,,
24812000842,B01,,,
24812000842,B02,,,
24812000843,B01,,,
24812000843,B02,,,
24812000843,B03,,,
24812000844,B01,,,
24812000844,B02,,,
24812000845,B01,,,
24812000845,B02,,,
24812000846,B01,,,
24812000847,B01,,,
24812000847,B02,,,
24812000847,B03,,,
24812000847,B05,,,
24812000850,B05,,,
24812000851,B01,,,
24812000851,B02,,,
24812000852,B01,,,
24812000852,B02,,,
24812000853,B01,,,
24812000854,B03,,,
24812000856,B01,,,
24812000858,B01,,,
24812000862,B01,,,
24812000862,B02,,,
24812000867,B01,,,
24812000867,B02,,,
24812000869,B01,,,
24812000869,B03,,,
24812000874,B01,,,
24812000874,B02,,,
24812000875,B01,,,
24812000875,B03,,,
24812000877,B01,,,
24812000877,B02,,,
24812000878,B03,,,
24812000881,B01,,,
24812000882,B01,,,
24812000882,B02,,,
24812000882,B03,,,
24812000883,B01,,,
24812000883,B02,,,
24812000883,B03,,,
24812000884,B01,,,
24812000887,B03,,,
24812000895,B01,,,
24812000905,B01,,,
24812000907,B03,,,
24812000908,B01,,,
24816000012,B01,,,
24816000012,B03,,,
24816000014,B03,,,
24816000019,B01,,,
24817000007,B03,,,
24817000014,B03,,,
24817000019,B03,,,
24817000350,B01,,,
24817000350,B03,,,
24817000351,B01,,,
24817000351,B02,,,
24817000352,B01,,,
24817000352,B02,,,
24817000353,B01,,,
24817000355,B01,,,
24817000355,B02,,,
24817000356,B01,,,
24817000358,B01,,,
24817000358,B02,,,
24817000360,B01,,,
24817000360,B02,,,
24817000363,B01,,,
24817000363,B02,,,
24817000366,B01,,,
24817000366,B02,,,
24817000366,B03,,,
24817000368,B01,,,
24817000368,B02,,,
24817000368,B05,,,
24817000370,B01,,,
24817000370,B02,,,
24817000371,B01,,,
24817000371,B02,,,
24817000373,B01,,,
24817000374,B01,,,
24817000374,B02,,,
24817000375,B01,,,
24817000375,B02,,,
24817000377,B01,,,
24817000377,B02,,,
24817000379,B01,,,
24817000379,B02,,,
24817000385,B01,,,
24817000389,B06,,,
24817000395,B01,,,
24817000395,B02,,,
24817000401,B01,,,
24817000401,B02,,,
24817000402,B01,,,
24817000402,B02,,,
24817000404,B01,,,
24817000405,B06,,,
24817000409,B01,,,
24817000409,B02,,,
24817000411,B01,,,
24817000415,B01,,,
24817000415,B02,,,
24817000416,B01,,,
24817000419,B01,,,
24817000421,B01,,,
24817000421,B02,,,
24817000423,B01,,,
24817000423,B02,,,
24817000424,B01,,,
24817000427,B01,,,
24817000427,B02,,,
24817000427,B03,,,
24817000428,B01,,,
24817000432,B01,,,
24817000433,B03,,,
24817000434,B01,,,
24817000434,B02,,,
24817000435,B01,,,
24817000435,B03,,,
24817000436,B01,,,
24817000437,B01,,,
24817000437,B02,,,
24817000438,B01,,,
24817000438,B05,,,
24817000440,B03,,,
24817000441,B01,,,
24817000441,B02,,,
24817000444,B03,,,
24817000445,B01,,,
24817000445,B02,,,
24817000445,B03,,,
24817000446,B01,,,
24817000446,B02,,,
24817000451,B01,,,
24817000453,B01,,,
24817000455,B01,,,
24817000455,B02,,,
24817000457,B01,,,
24817000462,B01,,,
24817000462,B02,,,
24817000462,B03,,,
24817000465,B01,,,
24817000465,B02,,,
24817000466,B01,,,
24817000466,B02,,,
24817000469,B03,,,
24817000470,B03,,,
24817000471,B01,,,
24817000471,B02,,,
24817000474,B01,,,
24817000476,B01,,,
24817000476,B02,,,
24817000476,B03,,,
24817000478,B03,,,
24817000481,B01,,,
24817000481,B02,,,
24817000483,B01,,,
24817000484,B01,,,
24817000484,B02,,,
24817000486,B01,,,
24817000489,B01,,,
24817000489,B03,,,
24817000492,B01,,,
24817000492,B02,,,
24817000494,B03,,,
24817000497,B03,,,
24817000498,B01,,,
24817000500,B03,,,
24817000501,B01,,,
24817000501,B02,,,
24817000502,B01,,,
24817000505,B01,,,
24817000511,B01,,,
24817000512,B06,,,
24817000514,B01,,,
24817000518,B01,,,
24817000520,B01,,,
24817000524,B01,,,
24817000524,B02,,,
24819000018,B01,,,
24819000018,B03,,,
24819000021,B01,,,
24819000021,B03,,,
24822000008,B03,,,
24822000024,B01,,,
24822000024,B02,,,
24822000048,B01,,,
24822000048,B02,,,
24822000048,B03,,,
24822000054,B01,,,
24822000054,B02,,,
24822000065,B03,,,
24822000071,B01,,,
24822000071,H31,,,
24822000073,B01,,,
24822000073,B02,,,
24822000075,B01,,,
24822000075,B03,,,
24822000076,B01,,,
24822000076,B02,,,
24822000076,B03,,,
24822000078,B01,,,
24822000078,B03,,,
24822000079,B01,,,
24822000079,B02,,,
24822000080,B01,,,
24822000080,B02,,,
24822000081,B01,,,
24822000081,B02,,,
24822000084,B01,,,
24822000084,B02,,,
24822000084,B05,,,
24822000089,B01,,,
24822000091,B01,,,
24822000096,B01,,,
24822000096,B02,,,
24822000098,B03,,,
24822000099,B03,,,
24822000101,B01,,,
24822000101,B03,,,
24822000102,B01,,,
24822000110,B03,,,
24824000006,B01,,,
24824000006,B02,,,
24824000006,B03,,,
24824000006,B04,,,
24824000006,H31,,,
24824000061,B01,,,
24824000061,B03,,,
24824000069,B01,,,
24824000069,B02,,,
24824000069,B03,,,
24824000088,B01,,,
24824000088,B03,,,
24824000115,B03,,,
24824000127,B03,,,
24824000133,B01,,,
24824000133,B02,,,
24824000133,B03,,,
24824000133,H31,,,
24824000141,B03,,,
24824000158,B03,,,
24824000162,B03,,,
24824000163,B03,,,
24824000169,B01,,,
24824000169,B03,,,
24824000173,B01,,,
24824000173,B03,,,
24824000177,B01,,,
24824000177,B02,,,
24824000181,B03,,,
24824000182,B01,,,
24824000182,B02,,,
24824000183,B01,,,
24824000183,B02,,,
24824000184,B01,,,
24824000184,B02,,,
24824000186,B01,,,
24824000186,B02,,,
24824000189,B01,,,
24824000189,B02,,,
24824000191,B03,,,
24824000192,B01,,,
24824000192,B02,,,
24824000196,B01,,,
24824000196,B02,,,
24824000197,B01,,,
24824000197,B02,,,
24824000199,B01,,,
24824000199,B02,,,
24824000200,B01,,,
24824000200,B02,,,
24824000201,B03,,,
24824000203,B01,,,
24824000204,B01,,,
24824000205,B01,,,
24824000205,B02,,,
24824000208,B01,,,
24824000209,B03,,,
24824000210,B03,,,
24824000211,B03,,,
24824000213,B01,,,
24824000214,B03,,,
24824000215,B01,,,
24824000216,B01,,,
24824000216,B02,,,
24824000217,B01,,,
24824000217,B02,,,
24824000218,B01,,,
24824000218,B02,,,
24824000219,B01,,,
24824000219,B02,,,
24824000220,B01,,,
24824000220,B02,,,
24824000221,B03,,,
24824000222,B01,,,
24824000224,B01,,,
24825000003,B03,,,
24825000224,B03,,,
24825000292,B03,,,
24825000296,B03,,,
24825000318,B03,,,
24825000339,B01,,,
24825000339,B02,,,
24825000339,B03,,,
24825000355,B01,,,
24825000355,B03,,,
24825000359,B01,,,
24825000364,B03,,,
24825000368,B03,,,
24825000369,B01,,,
24825000369,B03,,,
24825000370,B01,,,
24825000370,B03,,,
24825000371,B01,,,
24825000371,B03,,,
24825000373,B03,,,
24825000376,B01,,,
24825000376,B02,,,
24825000377,B03,,,
24825000379,B01,,,
24825000380,B01,,,
24825000381,B01,,,
24825000382,B01,,,
24825000383,B01,,,
24825000386,B01,,,
24825000387,B01,,,
24825000389,B01,,,
24825000389,B05,,,
24825000392,B01,,,
24825000392,B02,,,
24825000393,B01,,,
24825000395,B01,,,
24825000395,B02,,,
24825000396,B01,,,
24825000396,B03,,,
24825000397,B01,,,
24825000400,B01,,,
24825000401,B01,,,
24825000403,B01,,,
24825000404,B01,,,
24825000405,B01,,,
24825000406,B03,,,
24825000407,B01,,,
24825000408,B01,,,
24825000417,B01,,,
24825000418,B01,,,
24825000418,B02,,,
24825000419,B01,,,
24825000419,B05,,,
24825000422,B01,,,
24825000422,B02,,,
24825000423,B03,,,
24825000425,B01,,,
24825000425,B02,,,
24825000435,B01,,,
24825000435,B02,,,
24825000436,B01,,,
24825000437,B01,,,
24825000438,B01,,,
24825000438,B02,,,
24825000441,B01,,,
24825000442,B01,,,
24825000444,B01,,,
24825000444,B02,,,
24825000445,B01,,,
24825000447,B03,,,
24825000451,B01,,,
24825000451,B02,,,
24825000451,B03,,,
24825000456,B03,,,
24825000459,B01,,,
24825000459,B03,,,
24825000459,H31,,,
24825000461,B03,,,
24825000464,B01,,,
24825000464,B02,,,
24825000464,B03,,,
24825000470,B01,,,
24825000471,B01,,,
24825000473,B01,,,
24825000473,B02,,,
24825000474,B05,,,
24825000477,B03,,,
24825000478,B01,,,
24825000479,B01,,,
24825000479,B03,,,
24825000482,B01,,,
24825000482,B02,,,
24825000486,B03,,,
24825000487,B01,,,
24825000492,B01,,,
24825000492,B02,,,
24825000498,B01,,,
24825000498,B02,,,
24825000499,B01,,,
24825000499,B02,,,
24825000500,B01,,,
24825000503,B01,,,
24825000512,B01,,,
24825000512,B02,,,
24825000516,B01,,,
24825000516,B02,,,
24825000520,B01,,,
24825000520,B02,,,
24825000524,B01,,,
24825000527,B01,,,
24825000528,B01,,,
24825000530,B01,,,
24825000532,B03,,,
24825000536,B01,,,
24825000536,B02,,,
24825000536,B03,,,
24825000536,H31,,,
24825000542,B01,,,
24825000542,B02,,,
24825000545,B06,,,
24825000546,B01,,,
24825000548,B01,,,
24825000548,B03,,,
24825000552,B01,,,
24825000552,B02,,,
24825000558,B03,,,
24825000560,B01,,,
24825000561,B01,,,
24825000561,B02,,,
24825000563,B01,,,
24825000568,B01,,,
24825000568,B02,,,
24825000570,B01,,,
24825000573,B01,,,
24825000578,B03,,,
24825000584,B01,,,
24825000589,B01,,,
24825000589,B02,,,
24825000590,B01,,,
24825000590,B02,,,
24825000597,B01,,,
24825000597,B02,,,
24825000598,B01,,,
24825000598,B03,,,
24825000599,B01,,,
24825000599,B02,,,
24825000602,B01,,,
24825000602,B02,,,
24825000603,B01,,,
24825000603,B02,,,
24825000604,B01,,,
24825000612,B01,,,
24825000612,B03,,,
24825000612,B04,,,
24825000615,B01,,,
24825000622,B06,,,
24827000133,B01,,,
24827000133,B02,,,
24827000149,B01,,,
24827000149,B02,,,
24827000151,B01,,,
24827000151,B03,,,
24827000162,B03,,,
24827000163,B03,,,
24827000174,B03,,,
24827000183,B01,,,
24827000183,B02,,,
24827000183,B03,,,
24827000184,B01,,,
24827000187,B01,,,
24827000187,B02,,,
24827000187,B03,,,
24827000193,B01,,,
24827000193,B03,,,
24827000194,B01,,,
24827000194,B02,,,
24827000196,B01,,,
24827000197,B01,,,
24827000197,B02,,,
24827000198,B03,,,
24827000199,B05,,,
24827000202,B03,,,
24827000204,B06,,,
24827000205,B03,,,
24827000207,B01,,,
24827000208,B01,,,
24827000208,B02,,,
24827000209,B01,,,
24827000209,B02,,,
24827000210,B01,,,
24827000211,B01,,,
24827000211,B02,,,
24827000217,B01,,,
24827000217,B02,,,
24827000219,B01,,,
24827000220,B01,,,
24827000220,B02,,,
24827000221,B01,,,
24827000221,B03,,,
24827000222,B01,,,
24827000223,B01,,,
24827000223,B02,,,
24827000224,B01,,,
24827000224,B02,,,
24827000225,B06,,,
24827000227,B01,,,
24827000227,B02,,,
24827000229,B01,,,
24827000230,B03,,,
24831000008,B02,,,
24831000059,B01,,,
24831000059,B02,,,
24831000059,B03,,,
24831000084,B01,,,
24831000084,B03,,,
24831000087,B01,,,
24831000087,B02,,,
24831000087,B03,,,
24831000088,B01,,,
24831000088,B02,,,
24831000088,B03,,,
24831000089,B01,,,
24831000089,B02,,,
24831000089,B03,,,
24831000090,B03,,,
24831000091,B03,,,
24831000092,B01,,,
24831000094,B01,,,
24831000097,B01,,,
24831000097,B03,,,
24831000098,B01,,,
24831000098,B02,,,
24831000101,B01,,,
24831000101,B03,,,
24831000102,B01,,,
24831000102,B02,,,
24831000104,B01,,,
24831000106,B03,,,
24831000110,B01,,,
24831000110,B02,,,
24831000112,B06,,,
24831000116,B01,,,
24831000116,B02,,,
24831000118,B01,,,
24831000118,B02,,,
24831000119,B03,,,
24831000122,B01,,,
24831000126,B01,,,
24831000126,B02,,,
24831000126,B03,,,
24831000127,B01,,,
24831000136,B01,,,
24831000136,B02,,,
24831000137,B01,,,
24831000137,B03,,,
24833000001,B03,,,
24833000008,B01,,,
24833000008,B03,,,
24833000030,B01,,,
24833000030,B02,,,
24833000174,B03,,,
24833000213,B03,,,
24833000225,B01,,,
24833000225,B02,,,
24833000234,B03,,,
24833000238,B03,,,
24833000238,H31,,,
24833000238,H32,,,
24833000266,B01,,,
24833000266,B03,,,
24833000267,B01,,,
24833000268,B01,,,
24833000269,B01,,,
24833000272,B03,,,
24833000275,B01,,,
24833000275,B02,,,
24833000276,B01,,,
24833000276,B03,,,
24833000279,B01,,,
24833000279,B02,,,
24833000283,B01,,,
24833000285,B01,,,
24833000285,B02,,,
24833000285,B05,,,
24833000289,B01,,,
24833000289,B02,,,
24833000289,B05,,,
24833000291,B01,,,
24833000291,B03,,,
24833000293,B01,,,
24833000293,B02,,,
24833000296,B01,,,
24833000296,B02,,,
24833000296,B03,,,
24833000297,B01,,,
24833000297,B02,,,
24833000299,B01,,,
24833000301,B01,,,
24833000301,B02,,,
24833000302,B06,,,
24833000304,B06,,,
24833000305,B03,,,
24833000305,B05,,,
24833000306,B01,,,
24833000307,B01,,,
24833000307,B03,,,
24833000308,B01,,,
24833000308,B05,,,
24833000312,B03,,,
24833000313,B01,,,
24833000314,B01,,,
24833000315,B01,,,
24833000315,B03,,,
24833000317,B01,,,
24833000317,B03,,,
24833000320,B01,,,
24833000320,B03,,,
24833000324,B01,,,
24833000324,B02,,,
24833000327,B01,,,
24833000332,B03,,,
24833000333,B01,,,
24833000336,B01,,,
24833000336,B02,,,
24833000336,B03,,,
24833000339,B01,,,
24833000339,B03,,,
24833000340,B01,,,
24833000343,B01,,,
24833000344,B03,,,
24833000350,B01,,,
24833000351,B01,,,
24833000354,B01,,,
24833000356,B01,,,
24833000357,B01,,,
24833000357,B02,,,
24833000364,B01,,,
24833000364,B03,,,
24833000368,B01,,,
24833000370,B01,,,
24833000370,B02,,,
24833000372,B01,,,
24833000380,B06,,,
24833000381,B01,,,
24833000381,B03,,,
24833000382,B01,,,
24833000383,B01,,,
24833000384,B01,,,
24833000384,B02,,,
24833000386,B03,,,
24833000390,B01,,,
24833000402,B01,,,
24833000403,B01,,,
24833000405,B03,,,
24833000406,B03,,,
24833000412,B01,,,
24833000412,B03,,,
24833000415,B06,,,
24833000422,B01,,,
24833000422,B03,,,
24833000428,B01,,,
24833000428,B02,,,
24833000431,B01,,,
24833000431,B02,,,
24833000432,B03,,,
24833000434,B01,,,
24833000434,B02,,,
24833000443,B01,,,
24833000443,B02,,,
24872000003,B03,,,
24872000030,B01,,,
24872000069,B01,,,
24872000069,B02,,,
24872000071,B01,,,
24872000071,B02,,,
24872000071,B03,,,
24872000073,B01,,,
24872000073,B03,,,
24872000074,B01,,,
24872000075,B01,,,
24872000076,B01,,,
24872000076,B02,,,
24872000077,B03,,,
24872000079,B01,,,
24872000079,B02,,,
24872000079,B03,,,
24872000081,B01,,,
24872000083,B01,,,
24872000083,B03,,,
24873000005,B01,,,
24873000005,B03,,,
24873000060,B01,,,
24873000060,B02,,,
24873000065,B03,,,
24873000071,B01,,,
24873000071,B02,,,
24873000083,B03,,,
24873000084,B01,,,
24873000084,B02,,,
24873000084,B03,,,
24873000112,B03,,,
24873000113,B01,,,
24873000113,B03,,,
24873000115,B01,,,
24873000115,B02,,,
24873000116,B01,,,
24873000116,B02,,,
24873000121,B01,,,
24873000121,B02,,,
24873000123,B01,,,
24873000123,B02,,,
24873000126,B01,,,
24873000127,B01,,,
24873000128,B01,,,
24873000128,B02,,,
24873000129,B03,,,
24873000130,B01,,,
24873000130,B02,,,
24873000132,B03,,,
24873000133,B01,,,
24873000133,B02,,,
24873000136,B01,,,
24873000136,B03,,,
24873000139,B01,,,
24873000140,B01,,,
24873000140,B03,,,
24873000144,B03,,,
24873000146,B01,,,
24873000146,B02,,,
24873000152,B03,,,
24873000156,B01,,,
24873000156,B02,,,
24874000004,B01,,,
24874000004,B02,,,
24874000004,B03,,,
24874000056,B01,,,
24874000104,B01,,,
24874000104,B02,,,
24874000105,B01,,,
24874000109,B01,,,
24874000109,B03,,,
24874000111,B01,,,
24874000111,B02,,,
24874000113,B01,,,
24874000113,B02,,,
24874000114,B01,,,
24874000115,B01,,,
24874000115,B02,,,
24874000123,B03,,,
24874000124,B01,,,
24874000124,B02,,,
24874000125,B01,,,
24874000125,B02,,,
24874000125,B03,,,
24874000126,B01,,,
24874000126,B02,,,
24874000127,B01,,,
24874000127,B02,,,
24874000130,B01,,,
24874000133,B01,,,
24874000133,B02,,,
24874000134,B01,,,
24874000134,B02,,,
24874000135,B01,,,
24874000135,B02,,,
24874000137,B01,,,
24874000137,B02,,,
24882000002,B01,,,
24882000002,B02,,,
24882000002,B03,,,
24882000002,B04,,,
24882000052,B01,,,
24882000052,B02,,,
24882000067,B01,,,
24882000067,B02,,,
24882000067,B03,,,
24882000068,B01,,,
24882000068,B02,,,
24882000070,B01,,,
24882000071,B01,,,
24882000073,B01,,,
24882000073,B02,,,
24882000073,B03,,,
24882000074,B01,,,
24882000078,B01,,,
24882000078,B02,,,
24882000080,B01,,,
24882000080,B02,,,
24882000081,B01,,,
24882000081,B02,,,
24882000081,B03,,,
24882000084,B01,,,
24882000084,B02,,,
24882000085,B01,,,
24882000085,B02,,,
24882000086,B01,,,
24882000086,B02,,,
24882000089,B03,,,
24882000090,B03,,,
24882000091,B01,,,
24882000091,B02,,,
24882000093,B01,,,
24882000093,B02,,,
24882000094,B01,,,
24884000004,B01,,,
24884000004,B02,,,
24884000004,B03,,,
24884000055,B02,,,
24884000056,B01,,,
24884000057,B01,,,
24884000057,B03,,,
24884000059,B01,,,
24884000059,B03,,,
24884000070,B01,,,
24884000070,B02,,,
24884000070,B03,,,
24884000071,B01,,,
24884000072,B03,,,
24884000073,B01,,,
24884000073,B02,,,
24884000074,B01,,,
24884000074,B02,,,
24884000074,B03,,,
24885000086,B01,,,
24885000086,B02,,,
24885000087,B03,,,
24885000096,B03,,,
24885000098,B01,,,
24885000099,B01,,,
24885000099,B03,,,
24885000100,B01,,,
24885000101,B01,,,
24885000103,B01,,,
24885000105,B03,,,
24885000105,H31,,,
24885000107,B03,,,
24885000111,B01,,,
24885000111,B02,,,
24885000112,B05,,,
24885000114,B01,,,
24885000114,B02,,,
24885000116,B01,,,
24885000117,B01,,,
24885000119,B03,,,
24885000120,B03,,,
24885000120,H31,,,
24886000005,B03,,,
24886000016,B01,,,
24886000016,B02,,,
24886000016,B04,,,
24886000042,B01,,,
24886000042,B02,,,
24886000042,B03,,,
24886000088,B01,,,
24886000088,B02,,,
24886000090,B01,,,
24886000091,B01,,,
24886000091,B02,,,
24886000092,B01,,,
24886000092,B02,,,
24886000093,B01,,,
24886000093,B02,,,
24886000095,B03,,,
24886000098,B03,,,
24886000099,B03,,,
24886000100,B01,,,
24886000100,B02,,,
24886000100,B03,,,
24886000101,B01,,,
24886000103,B01,,,
24887000001,B01,,,
24887000001,B02,,,
24887000001,B03,,,
24887000016,B01,,,
24887000016,B03,,,
24887000062,B03,,,
24887000064,B01,,,
24887000064,B03,,,
24887000069,B03,,,
24887000070,B03,,,
24887000071,B01,,,
24887000071,B02,,,
24887000073,B01,,,
24887000074,B01,,,
24887000077,B01,,,
24887000077,B02,,,
24887000078,B01,,,
24887000078,B02,,,
24887000079,B01,,,
24887000079,B02,,,
24887000080,B01,,,
24887000080,B02,,,
24887000082,B01,,,
24887000082,B02,,,
24888000025,B03,,,
24888000046,B01,,,
24888000046,B02,,,
24888000046,B03,,,
24888000053,B01,,,
24888000053,B02,,,
24888000053,B03,,,
24888000053,H31,,,
24888000076,B03,,,
24888000079,B01,,,
24888000079,B03,,,
24888000079,B05,,,
24888000080,B01,,,
24888000080,B02,,,
24888000082,B01,,,
24888000082,B02,,,
24888000084,B01,,,
24888000084,B02,,,
24888000086,B01,,,
24888000086,B02,,,
24888000086,B03,,,
24888000089,B01,,,
24888000089,B02,,,
24888000089,B03,,,
24888000090,B01,,,
24888000090,B02,,,
24888000092,B03,,,
24888000093,B01,,,
24888000093,B02,,,
24888000094,B03,,,
24888000096,B01,,,
24888000096,B02,,,
24888000096,B03,,,
24888000097,B01,,,
24888000098,B01,,,
24888000098,B02,,,
24888000100,B01,,,
24888000100,B02,,,
24888000100,B03,,,
24888000101,B03,,,
24889000005,B01,,,
24889000005,B02,,,
24889000005,B03,,,
24889000005,H31,,,
24889000087,B01,,,
24889000087,B03,,,
24889000096,B01,,,
24889000096,B03,,,
24889000097,B03,,,
24889000098,B01,,,
24889000098,B02,,,
24889000101,B01,,,
24889000101,B02,,,
24889000102,B01,,,
24889000105,B01,,,
24889000105,B02,,,
24889000105,B03,,,
24889000106,B01,,,
24889000106,B03,,,
24889000107,B03,,,
25011000002,B03,,,
25011000004,B01,,,
25011000004,B02,,,
25011000004,B03,,,
25011000008,B03,,,
25011000022,B03,,,
25011000023,B03,,,
25011000036,B03,,,
25011000080,B03,,,
25011000082,B01,,,
25011000082,B02,,,
25011000082,B03,,,
25011000091,B03,,,
25011000124,B01,,,
25011000124,B03,,,
25011000208,B03,,,
25011000298,B03,,,
25011000305,B01,,,
25011000309,B01,,,
25011000309,B02,,,
25011000314,B01,,,
25011000314,B02,,,
25011000314,B05,,,
25011000315,B01,,,
25011000317,B01,,,
25011000317,B02,,,
25011000318,B01,,,
25011000319,B01,,,
25011000319,B02,,,
25011000323,B01,,,
25011000323,B02,,,
25011000326,B03,,,
25011000328,B03,,,
25011000328,H31,,,
25011000328,H32,,,
25011000331,B03,,,
25011000332,B03,,,
25011000333,B01,,,
25011000333,B02,,,
25011000335,B01,,,
25011000336,B03,,,
25011000340,B01,,,
25011000340,B02,,,
25011000341,B01,,,
25011000341,B03,,,
25011000342,B01,,,
25011000342,B05,,,
25011000346,B06,,,
25011000347,B01,,,
25011000347,B02,,,
25011000348,B06,,,
25011000349,B03,,,
25011000350,B01,,,
25011000351,B01,,,
25011000351,B02,,,
25011000352,B01,,,
25011000352,B02,,,
25011000353,B01,,,
25011000353,B02,,,
25011000353,B06,,,
25011000357,B03,,,
25011000358,B01,,,
25011000358,B02,,,
25011000359,B03,,,
25011000360,B06,,,
25011000361,B01,,,
25011000361,B02,,,
25011000363,B01,,,
25011000367,B01,,,
25011000368,B03,,,
25011000369,B03,,,
25011000373,B01,,,
25011000374,B01,,,
25011000374,B02,,,
25011000375,B01,,,
25011000375,B02,,,
25011000376,B01,,,
25011000376,B02,,,
25011000376,B03,,,
25011000377,B03,,,
25011000378,B03,,,
25011000379,B01,,,
25011000379,B02,,,
25011000381,B01,,,
25011000381,B02,,,
25011000381,B03,,,
25011000382,B01,,,
25011000383,B06,,,
25011000384,B01,,,
25011000385,B03,,,
25011000386,B03,,,
25011000388,B01,,,
25011000388,B03,,,
25011000391,B01,,,
25011000391,B02,,,
25011000391,B06,,,
25011000392,B01,,,
25011000392,B02,,,
25011000393,B01,,,
25011000393,B02,,,
25011000394,B01,,,
25011000394,B02,,,
25011000395,B01,,,
25011000397,B01,,,
25011000398,B01,,,
25011000398,B05,,,
25011000399,B01,,,
25011000399,B05,,,
25013000002,B01,,,
25013000002,B03,,,
25013000003,B01,,,
25013000003,B03,,,
25013000007,B01,,,
25013000007,B02,,,
25013000007,B03,,,
25013000013,B01,,,
25013000013,B02,,,
25013000107,B01,,,
25013000107,B02,,,
25013000109,B03,,,
25013000124,B03,,,
25013000125,B01,,,
25013000125,B02,,,
25013000127,B03,,,
25013000127,H31,,,
25013000129,B01,,,
25013000129,B03,,,
25013000131,B01,,,
25013000131,B02,,,
25013000132,B01,,,
25013000132,B02,,,
25013000133,B03,,,
25013000134,B03,,,
25013000135,B03,,,
25013000136,B01,,,
25013000136,B02,,,
25013000138,B01,,,
25013000138,B02,,,
25013000138,B03,,,
25013000139,B01,,,
25013000139,B02,,,
25013000140,B01,,,
25013000140,B02,,,
25013000142,B03,,,
25111000527,B01,,,
25111000527,B02,,,
25111000530,B01,,,
25111000532,B01,,,
25111000532,B02,,,
25111000534,B03,,,
25111000537,B01,,,
25111000539,B01,,,
25111000539,B02,,,
25111000541,B01,,,
25111000541,B02,,,
25111000542,B01,,,
25111000542,B02,,,
25111000543,B03,,,
25111000544,B01,,,
25111000544,B02,,,
25111000545,B01,,,
25111000545,B02,,,
25111000546,B01,,,
25111000546,B02,,,
25111000555,B01,,,
25111000555,B02,,,
25111000558,B01,,,
25111000558,B02,,,
25111000558,B03,,,
25111000559,B01,,,
25111000559,B02,,,
25111000559,B03,,,
25111000560,B01,,,
25111000560,B02,,,
25111000560,B03,,,
25111000561,B01,,,
25111000561,B02,,,
25111000564,B01,,,
25111000564,B02,,,
25111000564,B03,,,
25111000565,B01,,,
25111000565,B03,,,
25111000568,B01,,,
25111000568,B03,,,
25111000569,B01,,,
25111000569,B02,,,
25111000569,B03,,,
25113000431,B01,,,
25113000432,B03,,,
25113000435,B01,,,
25113000437,B01,,,
25113000439,B01,,,
25113000441,B01,,,
25113000441,B02,,,
25113000441,B05,,,
25113000441,B06,,,
25113000444,B01,,,
25113000446,B01,,,
25113000446,B02,,,
25113000451,B03,,,
25113000454,B01,,,
25113000455,B01,,,
25113000457,B03,,,
25113000459,B03,,,
25113000460,B01,,,
25113000460,B03,,,
25113000463,B01,,,
25113000465,B01,,,
25113000466,B01,,,
25113000467,B01,,,
25113000467,B02,,,
25113000467,B05,,,
25113000474,B03,,,
25113000475,B01,,,
25113000477,B01,,,
25113000477,B02,,,
25113000480,B01,,,
25113000482,B01,,,
25113000482,B03,,,
25113000482,B05,,,
25113000483,B01,,,
25113000484,B01,,,
25113000485,B01,,,
25113000486,B01,,,
25113000486,B02,,,
25115000399,B01,,,
25115000401,B01,,,
25115000402,B01,,,
25115000402,B02,,,
25115000403,B05,,,
25115000404,B01,,,
25115000407,B01,,,
25115000407,B02,,,
25115000410,B01,,,
25115000410,B02,,,
25115000411,B03,,,
25115000411,B04,,,
25115000412,B01,,,
25115000412,B02,,,
25115000413,B01,,,
25115000413,B02,,,
25115000414,B01,,,
25115000418,B03,,,
25115000419,B03,,,
25115000420,B03,,,
25115000422,B01,,,
25115000422,B02,,,
25115000430,B01,,,
25115000433,B03,,,
25115000435,B03,,,
25117000129,B01,,,
25117000129,B03,,,
25117000130,B01,,,
25117000132,B01,,,
25117000132,B03,,,
25117000132,B05,,,
25117000134,B03,,,
25117000135,B01,,,
25117000137,B01,,,
25117000138,B01,,,
25117000138,B02,,,
25117000138,B03,,,
25121000107,B01,,,
25121000107,B02,,,
25121000110,B01,,,
25121000110,B02,,,
25123000122,B01,,,
25123000123,B01,,,
25123000124,B01,,,
25123000124,B02,,,
25172000109,B01,,,
25172000109,B03,,,
25172000111,B03,,,
25173000089,B01,,,
25173000089,B02,,,
25173000091,B01,,,
25173000091,B02,,,
25173000091,B03,,,
25173000091,B05,,,
25173000092,B03,,,
25176000079,B01,,,
25176000080,B01,,,
25176000080,B02,,,
25176000081,B03,,,
25178000057,B01,,,
25178000057,B02,,,
25178000058,B01,,,
25179000028,B01,,,
25179000028,B05,,,
25179000029,B01,,,
25179000030,B01,,,
25179000030,B02,,,
25182000042,B01,,,
25182000042,B02,,,
25183000052,B03,,,
25183000053,B01,,,
25183000053,B02,,,
25183000055,B01,,,
25183000055,B02,,,
25211000805,B01,,,
25211000805,B02,,,
25211000806,B03,,,
25211000809,B01,,,
25211000810,B05,,,
25211000812,B03,,,
25211000813,B03,,,
25211000815,B01,,,
25211000815,B02,,,
25211000815,B05,,,
25211000816,B01,,,
25211000816,B02,,,
25211000817,B01,,,
25211000817,B02,,,
25211000818,B06,,,
25211000819,B01,,,
25211000819,B03,,,
25211000820,B03,,,
25211000821,B03,,,
25211000822,B01,,,
25211000822,B02,,,
25211000823,B01,,,
25211000823,B02,,,
25211000823,B03,,,
25211000825,B01,,,
25211000825,B02,,,
25211000827,B01,,,
25211000827,B02,,,
25211000829,B01,,,
25211000830,B01,,,
25211000830,B02,,,
25211000831,B01,,,
25211000831,B02,,,
25211000832,B01,,,
25211000832,B02,,,
25211000835,B01,,,
25211000835,B02,,,
25211000837,B01,,,
25211000837,B02,,,
25211000841,B01,,,
25211000841,B02,,,
25211000842,B01,,,
25211000842,B02,,,
25211000842,B03,,,
25211000842,B05,,,
25211000843,B03,,,
25213000424,B03,,,
25213000425,B01,,,
25213000425,B03,,,
25213000426,B01,,,
25213000426,B02,,,
25213000428,B01,,,
25213000428,B02,,,
25213000429,B01,,,
25213000429,B02,,,
25213000429,B03,,,
25213000432,B03,,,
25213000433,B03,,,
25213000435,B01,,,
25213000435,B02,,,
25213000436,B01,,,
25213000436,B02,,,
25213000436,B06,,,
25213000438,B03,,,
25213000440,B01,,,
25213000440,B02,,,
25213000443,B03,,,
25213000444,B03,,,
25213000446,B01,,,
25214000528,B03,,,
25214000529,B03,,,
25214000530,B01,,,
25214000531,B01,,,
25214000531,B02,,,
25214000532,B03,,,
25214000533,B01,,,
25214000533,B02,,,
25214000534,B01,,,
25214000534,B03,,,
25214000536,B01,,,
25214000537,B03,,,
25214000541,B01,,,
25214000541,B02,,,
25214000542,B03,,,
25214000544,B03,,,
25214000545,B03,,,
25218000264,B01,,,
25218000264,B02,,,
25218000265,B01,,,
25218000265,B02,,,
25218000265,B03,,,
25218000266,B01,,,
25218000266,B02,,,
25218000266,B03,,,
25218000268,B01,,,
25218000268,B02,,,
25218000269,B01,,,
25218000269,B02,,,
25218000270,B03,,,
25218000271,B03,,,
25219000151,B01,,,
25219000151,B02,,,
25219000152,B01,,,
25219000153,B01,,,
25219000153,B02,,,
25221000226,B01,,,
25221000226,B02,,,
25221000227,B05,,,
25221000228,B01,,,
25221000228,B02,,,
25221000230,B01,,,
25221000230,B02,,,
25221000231,B01,,,
25221000231,B02,,,
25221000232,B01,,,
25221000232,B02,,,
25221000233,B03,,,
25221000234,B01,,,
25221000234,B02,,,
25271000124,B01,,,
25271000124,B02,,,
25271000124,B03,,,
25271000124,B05,,,
25271000125,B01,,,
25271000125,B02,,,
25271000126,B01,,,
25271000126,B02,,,
25271000127,B01,,,
25271000127,B02,,,
25271000128,B01,,,
25271000128,B02,,,
25271000129,B01,,,
25271000129,B02,,,
25271000130,B01,,,
25271000130,B03,,,
25271000131,B01,,,
25271000132,B01,,,
25271000132,B02,,,
25271000132,B03,,,
25271000137,B01,,,
25271000137,B02,,,
25273000070,B01,,,
25273000070,B02,,,
25273000070,B03,,,
25274000059,B01,,,
25274000059,B02,,,
25277000058,B01,,,
25277000058,B02,,,
25277000058,B03,,,
25279000120,B06,,,
25279000121,B03,,,
25280000180,B01,,,
25280000180,B02,,,
25280000180,B03,,,
25280000181,B01,,,
25280000181,B02,,,
25280000181,B03,,,
25280000182,B03,,,
25280000183,B01,,,
25280000183,B02,,,
25280000183,B05,,,
25280000185,B01,,,
25280000185,B02,,,
25280000187,B01,,,
25280000187,B03,,,
31111000074,C01,,,
31111000083,C01,,,
31111000086,C01,,,
31111000086,C02,,,
31111000091,C01,,,
31111000092,C01,,,
31111000098,C01,,,
31111000102,C01,,,
31111000102,C02,,,
31111000104,C01,,,
31111000108,C01,,,
31111000108,C02,,,
31111000116,C01,,,
31111000116,C02,,,
31111000117,C01,,,
31111000117,C02,,,
31111000118,C01,,,
31111000118,C02,,,
31111000121,C01,,,
31114000044,C01,,,
31114000044,C02,,,
31114000059,C01,,,
31114000059,C02,,,
31114000060,C01,,,
31114000060,C02,,,
31114000065,C01,,,
31114000065,C02,,,
31114000068,C01,,,
31114000068,C02,,,
31114000071,C01,,,
31114000071,C02,,,
31117000064,C06,,,
31117000066,C01,,,
31117000066,C02,,,
31117000077,C01,,,
31117000077,C02,,,
31117000078,C01,,,
31117000078,C02,,,
31117000079,C01,,,
31117000079,C02,,,
31117000086,C01,,,
31117000086,C02,,,
31117000086,C06,,,
31117000091,C01,,,
31117000091,C02,,,
31117000111,C01,,,
31117000111,C02,,,
31117000114,C01,,,
31117000114,C02,,,
31117000121,C01,,,
31117000121,C02,,,
31117000125,C01,,,
31117000132,C01,,,
31117000132,C02,,,
31117000147,C01,,,
31117000151,C01,,,
31117000153,C01,,,
31117000153,C02,,,
31117000153,C03,,,
31117000157,C01,,,
31117000157,C02,,,
31120000082,C01,,,
31120000082,C02,,,
31120000086,C01,,,
31120000086,C02,,,
31120000099,C01,,,
31120000099,C02,,,
31120000102,C01,,,
31120000102,C02,,,
31120000123,C01,,,
31120000123,C02,,,
31120000127,C01,,,
31120000127,C02,,,
31120000129,C01,,,
31120000129,C02,,,
31120000131,C01,,,
31120000131,C02,,,
31120000133,C01,,,
31120000134,C01,,,
31120000134,C02,,,
31120000135,C01,,,
31120000135,C02,,,
31120000135,C05,,,
31120000152,C01,,,
31120000152,C02,,,
31120000153,C01,,,
31120000153,C02,,,
31120000155,C01,,,
31120000155,C02,,,
31120000159,C06,,,
31120000161,C01,,,
31120000163,C01,,,
31120000164,C01,,,
31120000164,C02,,,
31120000164,C05,,,
31121500045,C01,,,
31121500045,C02,,,
31121500125,C01,,,
31121500125,C02,,,
31121500159,C01,,,
31121500164,C04,,,
31121500166,C01,,,
31121500166,C02,,,
31121500170,C01,,,
31121500170,C02,,,
31121500190,C01,,,
31121500190,C02,,,
31121500191,C01,,,
31121500191,C02,,,
31121500197,C04,,,
31121500203,C01,,,
31121500210,C01,,,
31121500215,C06,,,
31121500222,C01,,,
31121500222,C02,,,
31121500224,C01,,,
31121500224,C02,,,
31121500230,C01,,,
31121500230,C02,,,
31121500234,C01,,,
31121500234,C02,,,
31121500237,C01,,,
31121500237,C02,,,
31121500245,C01,,,
31121500245,C02,,,
31121500247,C01,,,
31121500247,C02,,,
31121500248,C01,,,
31121500248,C02,,,
31121500249,C01,,,
31121500249,C02,,,
31121500250,C01,,,
31121500250,C02,,,
31121500256,C01,,,
31121500256,C02,,,
31121500258,C01,,,
31121500258,C02,,,
31121500258,C05,,,
31121500259,C01,,,
31121500259,C02,,,
31121500263,C01,,,
31121500265,C01,,,
31121500265,C02,,,
31121500267,C01,,,
31121500267,C02,,,
31121500273,C01,,,
31121500273,C02,,,
31123000110,C01,,,
31123000116,C01,,,
31123000116,C02,,,
31123000118,C01,,,
31123000118,C02,,,
31123000122,C01,,,
31123000122,C02,,,
31123000132,C01,,,
31123000132,C02,,,
31123000137,C01,,,
31123000137,C02,,,
31123000164,C01,,,
31123000164,C02,,,
31123000168,C01,,,
31123000168,C02,,,
31123000178,C01,,,
31123000178,C02,,,
31123000184,C01,,,
31123000203,C01,,,
31123000208,C01,,,
31123000208,C02,,,
31123000209,C01,,,
31123000209,C02,,,
31123000214,C01,,,
31123000215,C01,,,
31123000215,C02,,,
31123000220,C01,,,
31123000220,C02,,,
31123000231,C01,,,
31123000231,C02,,,
31123000235,C01,,,
31123000235,C02,,,
31123000235,C03,,,
31123000238,C01,,,
31123000238,C02,,,
31123000239,C01,,,
31123000239,C02,,,
31123000245,C01,,,
31123000245,C02,,,
31123000278,C01,,,
31123000278,C02,,,
31123000280,C01,,,
31123000280,C02,,,
31123000286,C01,,,
31123000286,C02,,,
31123000289,C01,,,
31123000289,C02,,,
31123000290,C01,,,
31123000290,C02,,,
31123000295,C01,,,
31123000295,C02,,,
31123000297,C01,,,
31123000297,C02,,,
31123000300,C01,,,
31123000300,C02,,,
31123000309,C01,,,
31123000309,C02,,,
31123000310,C01,,,
31123000310,C02,,,
31123000314,C01,,,
31123000315,C01,,,
31123000315,C02,,,
31123000317,C01,,,
31123000317,C02,,,
31123000322,C01,,,
31123000324,C01,,,
31123000325,C01,,,
31126000122,C01,,,
31126000153,C01,,,
31126000153,C02,,,
31126000159,C01,,,
31126000159,C02,,,
31126000176,C01,,,
31126000176,C02,,,
31126000178,C01,,,
31126000178,C02,,,
31126000248,C01,,,
31126000248,C02,,,
31126000256,C01,,,
31126000256,C02,,,
31126000280,C01,,,
31126000280,C02,,,
31126000293,C01,,,
31126000293,C02,,,
31126000306,C01,,,
31126000323,C01,,,
31126000323,C02,,,
31126000338,C01,,,
31126000338,C02,,,
31126000339,C01,,,
31126000339,C02,,,
31126000363,C01,,,
31126000363,C02,,,
31126000369,C01,,,
31126000369,C02,,,
31126000380,C01,,,
31126000380,C02,,,
31126000386,C01,,,
31126000386,C02,,,
31126000394,C01,,,
31126000394,C02,,,
31126000403,C01,,,
31126000403,C02,,,
31126000416,C01,,,
31126000416,C02,,,
31126000423,C06,,,
31126000426,C01,,,
31126000426,C02,,,
31126000427,C01,,,
31126000427,C02,,,
31126000430,C01,,,
31126000430,C02,,,
31126000431,C06,,,
31126000433,C01,,,
31126000437,C01,,,
31126000437,C02,,,
31126000440,C01,,,
31126000440,C02,,,
31129000112,C01,,,
31129000112,C02,,,
31129000132,C01,,,
31129000132,C02,,,
31129000133,C01,,,
31129000133,C02,,,
31129000171,C01,,,
31129000171,C02,,,
31129000186,C01,,,
31129000186,C02,,,
31129000187,C01,,,
31129000187,C02,,,
31129000193,C01,,,
31129000193,C02,,,
31129000195,C01,,,
31129000195,C02,,,
31129000202,C01,,,
31129000204,C01,,,
31129000204,C02,,,
31129000205,C01,,,
31129000205,C02,,,
31129000209,C01,,,
31129000209,C02,,,
31129000209,C05,,,
31129000209,C06,,,
31129000217,C01,,,
31129000217,C02,,,
31129000217,C05,,,
31129000218,C01,,,
31129000218,C02,,,
31129000221,C01,,,
31129000224,C01,,,
31129000224,C02,,,
31129000228,C01,,,
31129000228,C02,,,
31129000235,C01,,,
31129000235,C02,,,
31129000248,C01,,,
31129000248,C02,,,
31129000252,C01,,,
31129000252,C02,,,
31129000254,C01,,,
31129000254,C02,,,
31129000260,C01,,,
31129000263,C01,,,
31129000263,C02,,,
31129000265,C01,,,
31129000265,C02,,,
31129000271,C01,,,
31129000271,C02,,,
31129000274,C06,,,
31129000278,C01,,,
31129000278,C02,,,
31129000280,C01,,,
31129000280,C02,,,
31129000283,C01,,,
31129000283,C02,,,
31129000285,C01,,,
31129000285,C02,,,
31129000289,C01,,,
31129000289,C02,,,
31129000290,C01,,,
31129000290,C02,,,
31129000291,C01,,,
31129000291,C02,,,
31129000292,C01,,,
31129000292,C02,,,
31129000296,C01,,,
31129000296,C02,,,
31129000297,C01,,,
31129000297,C02,,,
31129000299,C01,,,
31129000299,C02,,,
31129000302,C01,,,
31129000302,C02,,,
31130500140,C01,,,
31130500140,C02,,,
31130500141,C01,,,
31130500141,C02,,,
31130500145,C01,,,
31130500145,C02,,,
31130500202,C01,,,
31130500202,C02,,,
31130500223,C01,,,
31130500223,C02,,,
31130500226,C01,,,
31130500226,C02,,,
31130500227,C01,,,
31130500227,C02,,,
31130500238,C01,,,
31130500238,C02,,,
31130500245,C01,,,
31130500245,C02,,,
31130500253,C01,,,
31130500253,C02,,,
31130500254,C01,,,
31130500264,C01,,,
31130500264,C02,,,
31130500283,C01,,,
31130500283,C02,,,
31130500283,C03,,,
31130500284,C01,,,
31130500284,C02,,,
31130500285,C01,,,
31130500292,C01,,,
31130500292,C02,,,
31130500310,C01,,,
31130500311,C01,,,
31130500312,C01,,,
31130500318,C01,,,
31130500318,C02,,,
31130500321,C01,,,
31130500323,C01,,,
31130500323,C02,,,
31130500325,C01,,,
31130500325,C02,,,
31130500327,C01,,,
31130500327,C02,,,
31130500330,C01,,,
31130500337,C01,,,
31130500337,C02,,,
31130500346,C01,,,
31130500346,C02,,,
31132000029,C01,,,
31132000029,C02,,,
31132000080,C01,,,
31132000080,C02,,,
31132000080,C05,,,
31132000103,C04,,,
31132000114,C01,,,
31132000114,C02,,,
31132000114,C03,,,
31132000157,C03,,,
31132000169,C01,,,
31132000169,C02,,,
31132000197,C01,,,
31132000197,C02,,,
31132000197,C03,,,
31132000213,C01,,,
31132000213,C02,,,
31132000220,C03,,,
31132000220,C04,,,
31132000294,C04,,,
31132000301,C01,,,
31132000301,C02,,,
31132000303,C03,,,
31132000307,C01,,,
31132000307,C02,,,
31132000308,C01,,,
31132000308,C02,,,
31132000318,C01,,,
31132000318,C02,,,
31132000320,C04,,,
31132000321,C01,,,
31132000321,C02,,,
31132000321,C03,,,
31132000325,C01,,,
31132000325,C02,,,
31132000336,C01,,,
31132000336,C02,,,
31132000338,C03,,,
31132000344,C01,,,
31132000344,C02,,,
31132000344,C04,,,
31132000347,C01,,,
31132000347,C02,,,
31132000350,C01,,,
31132000350,C02,,,
31132000351,C04,,,
31132000353,C01,,,
31132000353,C02,,,
31132000355,C01,,,
31132000355,C02,,,
31132000357,C01,,,
31132000357,C02,,,
31132000360,C01,,,
31132000360,C02,,,
31132000362,C01,,,
31132000362,C02,,,
31132000368,C03,,,
31132000371,C01,,,
31132000371,C02,,,
31132000371,C05,,,
31132000377,C01,,,
31132000377,C02,,,
31132000386,C06,,,
31132000397,C04,,,
31132000399,C01,,,
31132000399,C02,,,
31132000400,C01,,,
31132000400,C02,,,
31132000400,C03,,,
31132000414,C04,,,
31132000417,C04,,,
31132000424,C01,,,
31132000431,C01,,,
31132000436,C01,,,
31132000436,C02,,,
31132000441,C01,,,
31132000441,C02,,,
31132000443,C01,,,
31132000443,C02,,,
31132000450,C01,,,
31132000450,C02,,,
31132000452,C01,,,
31132000452,C02,,,
31132000457,C01,,,
31132000457,C02,,,
31132000462,C01,,,
31132000462,C02,,,
31132000470,C01,,,
31132000470,C02,,,
31132000475,C01,,,
31132000475,C02,,,
31132000478,C01,,,
31132000478,C02,,,
31132000480,C01,,,
31132000480,C02,,,
31135000150,C01,,,
31135000180,C01,,,
31135000180,C02,,,
31135000190,C01,,,
31135000190,C02,,,
31135000199,C01,,,
31135000214,C01,,,
31135000214,C02,,,
31135000222,C01,,,
31135000222,C02,,,
31135000228,C01,,,
31135000228,C02,,,
31135000248,C01,,,
31135000248,C02,,,
31135000258,C01,,,
31135000258,C02,,,
31135000278,C01,,,
31135000278,C02,,,
31135000287,C01,,,
31135000287,C02,,,
31135000296,C01,,,
31135000296,C02,,,
31135000312,C01,,,
31135000312,C02,,,
31135000315,C01,,,
31135000319,C01,,,
31135000319,C02,,,
31135000331,C01,,,
31135000331,C02,,,
31135000332,C01,,,
31135000332,C02,,,
31135000334,C01,,,
31135000334,C02,,,
31135000338,C03,,,
31135000346,C01,,,
31135000346,C02,,,
31135000356,C03,,,
31135000381,C01,,,
31135000381,C02,,,
31135000389,C01,,,
31135000389,C02,,,
31135000394,C01,,,
31135000394,C02,,,
31135000401,C01,,,
31135000401,C02,,,
31135000406,C03,,,
31135000408,C01,,,
31135000408,C02,,,
31135000412,C01,,,
31135000413,C01,,,
31135000413,C02,,,
31135000424,C01,,,
31135000424,C02,,,
31135000424,C05,,,
31135000435,C01,,,
31135000435,C02,,,
31135000435,C05,,,
31135000438,C01,,,
31135000439,C01,,,
31135000439,C02,,,
31135000446,C01,,,
31135000446,C02,,,
31135000447,C01,,,
31135000447,C02,,,
31135000450,C01,,,
31135000450,C02,,,
31135000456,C01,,,
31135000456,C02,,,
31135000459,C01,,,
31135000459,C02,,,
31135000468,C01,,,
31135000468,C02,,,
31135000470,C01,,,
31135000476,C01,,,
31135000476,C02,,,
31135000477,C01,,,
31135000477,C02,,,
31135000478,C01,,,
31135000478,C02,,,
31135000479,C01,,,
31135000479,C02,,,
31135000497,C01,,,
31135000497,C02,,,
31135000501,C01,,,
31135000501,C02,,,
31138000152,C01,,,
31138000152,C02,,,
31138000155,C01,,,
31138000155,C02,,,
31138000158,C01,,,
31138000158,C02,,,
31138000166,C01,,,
31138000166,C02,,,
31138000166,C05,,,
31138000178,C01,,,
31138000178,C02,,,
31138000181,C01,,,
31138000181,C02,,,
31138000194,C01,,,
31138000194,C02,,,
31138000198,C01,,,
31138000198,C02,,,
31138000211,C01,,,
31138000211,C03,,,
31138000219,C01,,,
31138000219,C02,,,
31138000220,C01,,,
31138000220,C02,,,
31138000233,C01,,,
31138000233,C02,,,
31138000235,C01,,,
31138000237,C01,,,
31138000237,C02,,,
31138000240,C01,,,
31138000240,C02,,,
31138000244,C01,,,
31138000244,C02,,,
31138000250,C01,,,
31138000250,C02,,,
31138000261,C01,,,
31138000261,C02,,,
31138000265,C01,,,
31138000265,C02,,,
31138000270,C01,,,
31138000270,C02,,,
31138000270,C05,,,
31138000273,C03,,,
31138000276,C01,,,
31138000276,C02,,,
31138000276,C05,,,
31138000279,C01,,,
31138000279,C02,,,
31138000281,C01,,,
31138000281,C02,,,
31138000287,C01,,,
31138000287,C02,,,
31138000290,C01,,,
31138000290,C02,,,
31138000292,C01,,,
31138000292,C02,,,
31138000300,C01,,,
31138000302,C01,,,
31138000302,C02,,,
31138000307,C01,,,
31138000307,C02,,,
31138000313,C01,,,
31138000313,C02,,,
31138000316,C01,,,
31138000316,C02,,,
31138000323,C01,,,
31138000323,C02,,,
31138000324,C01,,,
31138000324,C02,,,
31138000333,C01,,,
31138000333,C02,,,
31138000340,C03,,,
31138000341,C01,,,
31138000341,C03,,,
31138000345,C01,,,
31138000345,C02,,,
31138000346,C01,,,
31138000346,C02,,,
31138000347,C01,,,
31138000347,C02,,,
31138000348,C01,,,
31138000348,C02,,,
31138000349,C01,,,
31138000349,C02,,,
31138000362,C01,,,
31138000362,C02,,,
31138000366,C03,,,
31138000370,C01,,,
31138000371,C01,,,
31138000371,C02,,,
31138000372,C01,,,
31138000372,C02,,,
31141000128,C01,,,
31141000128,C02,,,
31141000129,C01,,,
31141000129,C02,,,
31141000163,C01,,,
31141000163,C02,,,
31141000168,C01,,,
31141000168,C02,,,
31141000180,C01,,,
31141000188,C01,,,
31141000199,C01,,,
31141000199,C02,,,
31141000206,C01,,,
31141000206,C02,,,
31141000209,C01,,,
31141000209,C02,,,
31141000219,C01,,,
31141000219,C02,,,
31141000238,C01,,,
31141000238,C02,,,
31141000239,C01,,,
31141000239,C02,,,
31141000242,C01,,,
31141000242,C02,,,
31141000243,C01,,,
31141000247,C01,,,
31141000250,C01,,,
31141000250,C02,,,
31141000251,C01,,,
31141000251,C02,,,
31141000252,C01,,,
31141000252,C05,,,
31141000265,C01,,,
31141000265,C02,,,
31141000267,C01,,,
31141000271,C01,,,
31141000271,C02,,,
31141000272,C01,,,
31141000272,C02,,,
31141000274,C01,,,
31141000274,C02,,,
31144000077,C01,,,
31144000077,C02,,,
31144000080,C02,,,
31144000096,C01,,,
31144000096,C02,,,
31144000122,C01,,,
31144000122,C02,,,
31144000129,C01,,,
31144000133,C01,,,
31144000133,C02,,,
31144000145,C01,,,
31144000145,C02,,,
31144000148,C01,,,
31144000148,C02,,,
31144000157,C01,,,
31144000157,C02,,,
31144000158,C01,,,
31144000158,C02,,,
31144000158,C05,,,
31144000161,C01,,,
31144000161,C02,,,
31144000162,C06,,,
31144000163,C01,,,
31144000163,C02,,,
31144000165,C06,,,
31144000167,C01,,,
31144000167,C02,,,
31144000167,C05,,,
31144000168,C01,,,
31144000168,C02,,,
31144000171,C01,,,
31144000173,C01,,,
31144000173,C02,,,
31144000177,C01,,,
31144000177,C02,,,
31144000180,C01,,,
31144000180,C02,,,
31144000183,C01,,,
31144000183,C02,,,
31144000184,C01,,,
31144000184,C02,,,
31144000185,C01,,,
31144000185,C02,,,
31144000189,C01,,,
31144000192,C01,,,
31144000192,C02,,,
31144000193,C01,,,
31144000193,C02,,,
31147000153,C01,,,
31147000166,C06,,,
31147000199,C01,,,
31147000199,C02,,,
31147000208,C01,,,
31147000208,C02,,,
31147000223,C01,,,
31147000223,C02,,,
31147000227,C06,,,
31147000251,C01,,,
31147000251,C02,,,
31147000255,C01,,,
31147000255,C02,,,
31147000259,C01,,,
31147000259,C02,,,
31147000260,C01,,,
31147000260,C02,,,
31147000261,C01,,,
31147000261,C02,,,
31147000264,C01,,,
31147000264,C02,,,
31147000272,C01,,,
31147000292,C01,,,
31147000292,C02,,,
31147000293,C01,,,
31147000293,C02,,,
31147000300,C01,,,
31147000300,C02,,,
31147000304,C01,,,
31147000304,C02,,,
31147000307,C01,,,
31147000307,C02,,,
31147000314,C01,,,
31147000314,C02,,,
31147000317,C01,,,
31147000317,C02,,,
31147000325,C01,,,
31147000325,C02,,,
31147000339,C01,,,
31147000339,C02,,,
31147000341,C01,,,
31147000341,C02,,,
31147000343,C01,,,
31147000343,C02,,,
31147000344,C01,,,
31147000344,C02,,,
31147000345,C01,,,
31147000345,C02,,,
31147000347,C01,,,
31147000347,C02,,,
31147000351,C01,,,
31147000351,C02,,,
31147000353,C01,,,
31147000353,C02,,,
31147000355,C01,,,
31147000355,C02,,,
31147000357,C01,,,
31147000359,C01,,,
31147000359,C02,,,
31147000361,C01,,,
31147000361,C02,,,
31147000363,C01,,,
31147000363,C02,,,
31147000367,C01,,,
31147000367,C02,,,
31147000371,C01,,,
31147000371,C02,,,
31147000373,C01,,,
31147000373,C02,,,
31147000379,C01,,,
31147000379,C02,,,
31147000392,C01,,,
31147000392,C02,,,
31150000006,C03,,,
31150000150,C01,,,
31150000150,C02,,,
31150000156,C01,,,
31150000162,C01,,,
31150000162,C02,,,
31150000177,C01,,,
31150000177,C02,,,
31150000193,C01,,,
31150000193,C02,,,
31150000210,C01,,,
31150000222,C01,,,
31150000230,C01,,,
31150000230,C02,,,
31150000230,C05,,,
31150000252,C01,,,
31150000252,C02,,,
31150000253,C01,,,
31150000253,C02,,,
31150000253,C06,,,
31150000258,C06,,,
31150000260,C01,,,
31150000260,C02,,,
31150000262,C01,,,
31150000262,C02,,,
31150000263,C01,,,
31150000263,C02,,,
31150000263,C06,,,
31150000270,C01,,,
31150000270,C02,,,
31150000272,C01,,,
31150000272,C02,,,
31150000275,C01,,,
31150000282,C01,,,
31150000282,C02,,,
31150000291,C01,,,
31150000291,C02,,,
31150000293,C01,,,
31150000294,C01,,,
31150000294,C02,,,
31150000304,C01,,,
31150000304,C02,,,
31150000311,C01,,,
31150000311,C02,,,
31150000313,C06,,,
31150000314,C01,,,
31150000314,C02,,,
31150000321,C01,,,
31150000321,C02,,,
31150000322,C01,,,
31150000322,C02,,,
31150000323,C01,,,
31150000324,C01,,,
31150000324,C02,,,
31150000332,C01,,,
31150000332,C02,,,
31150000337,C01,,,
31150000337,C02,,,
31150000337,C03,,,
31150000337,C06,,,
31150000338,C01,,,
31150000338,C02,,,
31150000343,C01,,,
31150000343,C02,,,
31150000350,C01,,,
31150000350,C02,,,
31150000354,C06,,,
31150000358,C01,,,
31150000358,C02,,,
31150000368,C01,,,
31150000368,C02,,,
31150000369,C01,,,
31150000369,C02,,,
31150000369,C03,,,
31150000371,C01,,,
31150000371,C02,,,
31150000374,C01,,,
31150000374,C02,,,
31150000377,C01,,,
31150000377,C02,,,
31150000378,C01,,,
31150000378,C02,,,
31150000383,C01,,,
31150000383,C02,,,
31150000386,C01,,,
31150000386,C02,,,
31150000387,C01,,,
31150000387,C02,,,
31150000388,C01,,,
31150000388,C02,,,
31150000394,C01,,,
31150000394,C02,,,
31150000402,C01,,,
31150000402,C02,,,
31150000403,C01,,,
31150000403,C02,,,
31150000405,C01,,,
31150000405,C02,,,
31150000407,C01,,,
31150000407,C02,,,
31150000409,C02,,,
31150000411,C01,,,
31150000411,C02,,,
31150000414,C01,,,
31150000414,C02,,,
31150000416,C01,,,
31150000420,C01,,,
31150000420,C02,,,
31150000428,C01,,,
31150000428,C02,,,
31150000431,C01,,,
31150000433,C01,,,
31150000443,C01,,,
31150000443,C02,,,
31150000450,C01,,,
31150000450,C02,,,
31150000453,C01,,,
31150000453,C02,,,
31150000454,C01,,,
31150000455,C01,,,
31150000455,C02,,,
31150000460,C01,,,
31150000460,C02,,,
31150000469,C06,,,
31150000471,C01,,,
31150000471,C02,,,
31150000471,C06,,,
31150000473,C01,,,
31150000473,C02,,,
31150000478,C01,,,
31150000478,C02,,,
31150000483,C01,,,
31150000483,C02,,,
31150000486,C01,,,
31150000492,C01,,,
31150000492,C02,,,
31150000493,C01,,,
31150000493,C02,,,
31150000495,C01,,,
31150000498,C01,,,
31150000498,C02,,,
31150000499,C01,,,
31150000499,C02,,,
31150000499,C03,,,
31153000148,C01,,,
31153000148,C02,,,
31153000149,C01,,,
31153000149,C02,,,
31153000158,C01,,,
31153000158,C02,,,
31153000170,C01,,,
31153000170,C02,,,
31153000175,C01,,,
31153000175,C02,,,
31153000175,C05,,,
31153000189,C01,,,
31153000189,C02,,,
31153000190,C01,,,
31153000190,C02,,,
31153000191,C01,,,
31153000191,C02,,,
31153000199,C01,,,
31153000199,C02,,,
31153000200,C01,,,
31153000200,C02,,,
31153000217,C01,,,
31153000217,C02,,,
31153000221,C01,,,
31153000222,C01,,,
31153000222,C02,,,
31153000223,C06,,,
31153000224,C01,,,
31153000224,C02,,,
31153000231,C01,,,
31153000233,C01,,,
31153000236,C06,,,
31153000238,C01,,,
31153000238,C02,,,
31153000242,C01,,,
31153000242,C02,,,
31153000244,C01,,,
31153000244,C02,,,
31153000250,C01,,,
31153000250,C02,,,
31153000250,C05,,,
31153000251,C01,,,
31153000251,C02,,,
31153000256,C01,,,
31153000260,C01,,,
31153000260,C02,,,
31153000270,C01,,,
31153000270,C02,,,
31153000271,C01,,,
31153000271,C02,,,
31153000272,C01,,,
31153000272,C02,,,
31153000278,C01,,,
31153000278,C02,,,
31153000279,C01,,,
31153000279,C02,,,
31153000280,C01,,,
31153000280,C02,,,
31153000282,C01,,,
31153000282,C02,,,
31153000286,C01,,,
31153000286,C02,,,
31153000289,C01,,,
31153000289,C02,,,
31153000296,C01,,,
31153000296,C02,,,
31153000297,C01,,,
31153000297,C05,,,
31153000313,C01,,,
31153000313,C02,,,
31153000315,C01,,,
31153000315,C02,,,
31153000318,C01,,,
31153000318,C02,,,
31153000324,C01,,,
31153000324,C02,,,
31153000325,C01,,,
31153000325,C02,,,
31153000330,C01,,,
31153000330,C02,,,
31153000331,C01,,,
31153000332,C01,,,
31153000332,C02,,,
31153000333,C01,,,
31153000333,C02,,,
31153000335,C01,,,
31153000335,C02,,,
31153000337,C01,,,
31153000339,C01,,,
31153000339,C02,,,
31153000342,C01,,,
31153000342,C02,,,
31153000344,C01,,,
31153000344,C02,,,
31153000347,C01,,,
31153000349,C01,,,
31153000349,C02,,,
31153000354,C01,,,
31153000354,C02,,,
31153000355,C01,,,
31153000355,C02,,,
31154500037,C06,,,
31154500113,C01,,,
31154500113,C02,,,
31154500119,C01,,,
31154500119,C02,,,
31154500122,C01,,,
31154500122,C02,,,
31154500122,C06,,,
31154500128,C01,,,
31154500128,C02,,,
31154500140,C01,,,
31154500140,C02,,,
31154500154,C01,,,
31154500154,C02,,,
31154500158,C01,,,
31154500158,C02,,,
31154500158,C05,,,
31154500171,C01,,,
31154500171,C02,,,
31154500176,C01,,,
31154500176,C02,,,
31154500178,C01,,,
31154500178,C02,,,
31154500180,C01,,,
31154500180,C02,,,
31154500182,C01,,,
31154500182,C02,,,
31154500185,C01,,,
31154500185,C02,,,
31154500185,C06,,,
31154500192,C04,,,
31154500201,C01,,,
31154500201,C02,,,
31154500210,C01,,,
31154500210,C02,,,
31154500210,C06,,,
31154500215,C01,,,
31154500215,C02,,,
31154500218,C01,,,
31154500218,C02,,,
31154500218,C06,,,
31154500219,C01,,,
31154500219,C02,,,
31154500221,C01,,,
31154500221,C02,,,
31154500233,C01,,,
31154500233,C02,,,
31154500234,C01,,,
31154500234,C02,,,
31154500235,C01,,,
31154500235,C02,,,
31154500236,C01,,,
31154500236,C02,,,
31156000149,C01,,,
31156000149,C02,,,
31156000164,C01,,,
31156000164,C02,,,
31156000166,C01,,,
31156000166,C02,,,
31156000168,C01,,,
31156000172,C01,,,
31156000172,C02,,,
31156000175,C01,,,
31156000175,C02,,,
31156000200,C01,,,
31156000200,C06,,,
31156000208,C01,,,
31156000208,C02,,,
31156000225,C01,,,
31156000225,C02,,,
31156000231,C01,,,
31156000232,C01,,,
31156000233,C01,,,
31156000233,C02,,,
31156000234,C01,,,
31156000234,C02,,,
31156000248,C01,,,
31156000248,C02,,,
31156000249,C01,,,
31156000249,C02,,,
31156000257,C01,,,
31156000257,C02,,,
31156000257,C06,,,
31156000258,C01,,,
31156000258,C02,,,
31156000263,C01,,,
31156000263,C02,,,
31156000263,C05,,,
31156000268,C01,,,
31156000268,C02,,,
31156000270,C01,,,
31156000270,C02,,,
31156000271,C01,,,
31156000271,C02,,,
31156000273,C01,,,
31156000273,C02,,,
31156000275,C01,,,
31156000275,C02,,,
31156000279,C01,,,
31156000279,C02,,,
31156000289,C01,,,
31156000289,C02,,,
31156000291,C01,,,
31156000291,C02,,,
31156000292,C01,,,
31156000294,C01,,,
31156000294,C02,,,
31156000298,C01,,,
31156000298,C02,,,
31156000298,C05,,,
31156000299,C01,,,
31156000299,C02,,,
31159000077,C01,,,
31159000087,C01,,,
31159000087,C02,,,
31159000090,C06,,,
31159000093,C01,,,
31159000097,C01,,,
31159000097,C02,,,
31159000098,C01,,,
31159000098,C02,,,
31159000117,C01,,,
31159000117,C02,,,
31159000121,C01,,,
31159000121,C02,,,
31159000127,C01,,,
31159000133,C01,,,
31159000133,C02,,,
31159000144,C01,,,
31159000144,C02,,,
31159000162,C01,,,
31159000162,C02,,,
31159000166,C01,,,
31159000173,C01,,,
31159000173,C02,,,
31159000179,C01,,,
31159000179,C02,,,
31159000181,C01,,,
31159000181,C02,,,
31159000183,C01,,,
31159000188,C01,,,
31159000188,C02,,,
31159000198,C01,,,
31159000198,C02,,,
31159000200,C01,,,
31159000200,C02,,,
31159000203,C01,,,
31159000203,C02,,,
31159000205,C01,,,
31159000205,C02,,,
31159000206,C01,,,
31159000206,C02,,,
31159000209,C01,,,
31159000209,C02,,,
31159000211,C01,,,
31159000211,C02,,,
31159000218,C01,,,
31159000218,C02,,,
31159000221,C01,,,
31159000221,C02,,,
31159000224,C01,,,
31159000224,C02,,,
31159000225,C01,,,
31159000225,C02,,,
31159000226,C01,,,
31159000227,C01,,,
31159000227,C02,,,
31159000228,C01,,,
31159000231,C01,,,
31159000231,C02,,,
31159000232,C01,,,
31159000234,C01,,,
31159000234,C02,,,
31159000237,C01,,,
31159000237,C02,,,
31159000241,C01,,,
31159000241,C06,,,
31162000145,C01,,,
31162000145,C02,,,
31162000153,C01,,,
31162000153,C02,,,
31162000179,C06,,,
31162000180,C01,,,
31162000180,C02,,,
31162000186,C01,,,
31162000194,C01,,,
31162000194,C02,,,
31162000198,C01,,,
31162000198,C02,,,
31162000199,C01,,,
31162000199,C02,,,
31162000200,C01,,,
31162000201,C01,,,
31162000201,C02,,,
31162000203,C01,,,
31162000203,C02,,,
31162000204,C01,,,
31162000204,C02,,,
31162000204,C06,,,
31162000205,C01,,,
31162000205,C02,,,
31162000210,C01,,,
31162000210,C02,,,
31162000215,C06,,,
31162000220,C01,,,
31162000220,C02,,,
31162000220,C05,,,
31162000224,C01,,,
31162000228,C01,,,
31162000249,C01,,,
31162000249,C02,,,
31162000255,C01,,,
31162000255,C02,,,
31162000258,C01,,,
31162000258,C02,,,
31162000259,C01,,,
31162000259,C02,,,
31162000264,C01,,,
31162000264,C02,,,
31162000271,C01,,,
31162000271,C02,,,
31162000278,C01,,,
31162000278,C02,,,
31162000280,C01,,,
31162000280,C02,,,
31162000281,C01,,,
31162000281,C02,,,
31162000283,C01,,,
31162000283,C02,,,
31162000289,C01,,,
31162000289,C02,,,
31162000294,C01,,,
31162000294,C02,,,
31162000299,C01,,,
31162000299,C02,,,
31162000300,C01,,,
31162000302,C01,,,
31162000302,C02,,,
31162000303,C01,,,
31162000303,C02,,,
31162000305,C01,,,
31162000313,C01,,,
31162000313,C02,,,
31162000315,C01,,,
31162000319,C01,,,
31162000325,C05,,,
31162000331,C03,,,
31162000335,C01,,,
31162000335,C02,,,
31162000336,C01,,,
31162000336,C02,,,
31162000341,C01,,,
31162000341,C02,,,
31162000348,C01,,,
31162000348,C02,,,
31162000355,C01,,,
31162000355,C02,,,
31162000355,C06,,,
31162000357,C01,,,
31162000357,C02,,,
31165000104,C01,,,
31165000132,C01,,,
31165000132,C02,,,
31165000132,C05,,,
31165000138,C01,,,
31165000138,C02,,,
31165000147,C01,,,
31165000147,C02,,,
31165000154,C01,,,
31165000154,C02,,,
31165000155,C01,,,
31165000155,C02,,,
31165000158,C01,,,
31165000158,C02,,,
31165000160,C01,,,
31165000160,C02,,,
31165000162,C01,,,
31165000165,C01,,,
31165000169,C01,,,
31165000169,C02,,,
31165000174,C01,,,
31165000174,C02,,,
31168000134,C01,,,
31168000134,C02,,,
31168000138,C01,,,
31168000138,C02,,,
31168000151,C01,,,
31168000151,C02,,,
31168000152,C01,,,
31168000152,C02,,,
31168000157,C06,,,
31168000161,C01,,,
31168000161,C02,,,
31168000166,C01,,,
31168000166,C02,,,
31168000166,C05,,,
31168000167,C01,,,
31168000169,C01,,,
31168000169,C02,,,
31168000172,C01,,,
31168000172,C02,,,
31168000173,C01,,,
31168000173,C02,,,
31168000182,C01,,,
31168000182,C02,,,
31168000200,C01,,,
31168000200,C02,,,
31168000202,C01,,,
31168000202,C05,,,
31168000216,C06,,,
31168000217,C01,,,
31168000217,C02,,,
31168000221,C01,,,
31168000221,C02,,,
31168000225,C01,,,
31168000225,C02,,,
31168000234,C01,,,
31168000234,C02,,,
31168000235,C01,,,
31168000235,C02,,,
31168000238,C01,,,
31168000238,C02,,,
31168000260,C01,,,
31168000260,C02,,,
31168000260,C06,,,
31168000261,C01,,,
31168000271,C01,,,
31168000271,C02,,,
31168000271,C05,,,
31168000271,C06,,,
31168000273,C01,,,
31168000273,C02,,,
31168000276,C01,,,
31168000276,C02,,,
31168000279,C01,,,
31168000279,C02,,,
31168000280,C01,,,
31168000280,C02,,,
31168000280,C05,,,
31168000281,C01,,,
31168000281,C02,,,
31168000286,C01,,,
31168000286,C02,,,
31171000148,C01,,,
31171000148,C02,,,
31171000149,C01,,,
31171000149,C02,,,
31171000153,C01,,,
31171000153,C02,,,
31171000158,C01,,,
31171000158,C02,,,
31171000165,C01,,,
31171000165,C02,,,
31171000165,C06,,,
31171000166,C01,,,
31171000166,C02,,,
31171000173,C01,,,
31171000179,C01,,,
31171000179,C02,,,
31171000181,C01,,,
31171000181,C02,,,
31171000189,C01,,,
31171000189,C02,,,
31171000198,C01,,,
31171000198,C02,,,
31171000208,C01,,,
31171000208,C02,,,
31171000219,C01,,,
31171000219,C02,,,
31171000224,C01,,,
31171000224,C02,,,
31171000235,C01,,,
31171000235,C02,,,
31171000239,C01,,,
31171000239,C02,,,
31171000241,C01,,,
31171000241,C02,,,
31171000241,C05,,,
31171000248,C01,,,
31171000248,C02,,,
31171000250,C01,,,
31171000250,C02,,,
31171000251,C01,,,
31171000251,C02,,,
31171000253,C01,,,
31171000253,C02,,,
31171000254,C01,,,
31171000254,C02,,,
31171000255,C01,,,
31171000255,C02,,,
31171000267,C01,,,
31171000278,C01,,,
31171000284,C01,,,
31171000284,C02,,,
31171000287,C01,,,
31171000287,C02,,,
31171000290,C01,,,
31171000290,C02,,,
31171000302,C01,,,
31171000302,C02,,,
31171000305,C01,,,
31171000305,C02,,,
31171000306,C01,,,
31171000307,C01,,,
31171000307,C02,,,
31171000309,C01,,,
31171000309,C02,,,
31171000314,C01,,,
31171000316,C01,,,
31171000317,C01,,,
31171000317,C02,,,
31171000320,C01,,,
31171000320,C02,,,
31171000324,C01,,,
31171000324,C02,,,
31171000326,C01,,,
31171000326,C02,,,
31171000336,C01,,,
31171000336,C02,,,
31171000337,C01,,,
31171000337,C02,,,
31171000344,C01,,,
31171000348,C01,,,
31171000348,C02,,,
31171000353,C01,,,
31171000353,C02,,,
31174000128,C01,,,
31174000128,C02,,,
31174000212,C01,,,
31174000237,C01,,,
31174000237,C02,,,
31174000237,C06,,,
31174000245,C01,,,
31174000245,C02,,,
31174000247,C01,,,
31174000247,C02,,,
31174000253,C01,,,
31174000253,C02,,,
31174000259,C01,,,
31174000259,C02,,,
31174000259,C06,,,
31174000264,C06,,,
31174000267,C01,,,
31174000267,C02,,,
31174000269,C01,,,
31174000269,C02,,,
31174000272,C01,,,
31174000272,C02,,,
31174000277,C01,,,
31174000277,C02,,,
31174000285,C01,,,
31174000285,C02,,,
31174000294,C01,,,
31174000294,C02,,,
31174000295,C01,,,
31174000295,C02,,,
31174000296,C01,,,
31174000296,C02,,,
31174000297,C01,,,
31174000297,C02,,,
31174000313,C01,,,
31174000313,C02,,,
31174000314,C01,,,
31174000314,C02,,,
31174000321,C01,,,
31174000321,C02,,,
31174000329,C01,,,
31174000329,C02,,,
31174000331,C01,,,
31174000331,C02,,,
31174000332,C01,,,
31174000332,C02,,,
31174000333,C01,,,
31174000333,C02,,,
31174000342,C01,,,
31174000342,C02,,,
31174000345,C01,,,
31174000345,C02,,,
31174000350,C01,,,
31174000350,C02,,,
31174000351,C01,,,
31174000351,C02,,,
31174000353,C01,,,
31174000353,C02,,,
31174000355,C01,,,
31174000355,C02,,,
31174000358,C01,,,
31174000358,C02,,,
31174000361,C01,,,
31174000364,C01,,,
31174000364,C02,,,
31174000369,C01,,,
31174000369,C02,,,
32611000057,C01,,,
32611000057,C02,,,
32611000059,C01,,,
32611000060,C01,,,
32611000060,C02,,,
32611000060,C03,,,
32611000060,C05,,,
32611000066,C01,,,
32611000066,C02,,,
32611000081,C01,,,
32611000081,C02,,,
32611000086,C01,,,
32611000086,C02,,,
32611000090,C01,,,
32611000090,C02,,,
32611000092,C01,,,
32611000092,C02,,,
32611000096,C01,,,
32611000096,C02,,,
32611000097,C01,,,
32611000097,C02,,,
32611000097,C06,,,
32614000059,C01,,,
32614000059,C02,,,
32614000060,C01,,,
32614000060,C02,,,
32614000063,C01,,,
32614000063,C02,,,
32614000064,C01,,,
32614000064,C02,,,
32614000066,C01,,,
32614000069,C01,,,
32614000071,C01,,,
32614000071,C03,,,
32614000073,C01,,,
32614000074,C01,,,
32614000075,C01,,,
32614000075,C02,,,
32614000080,C03,,,
32617000064,C05,,,
32617000091,C01,,,
32617000091,C06,,,
32617000092,C01,,,
32617000100,C03,,,
32617000117,C01,,,
32617000117,C02,,,
32617000118,C01,,,
32617000118,C02,,,
32617000119,C01,,,
32617000119,C02,,,
32617000123,C01,,,
32617000123,C02,,,
32617000131,C01,,,
32617000135,C01,,,
32617000135,C02,,,
32617000136,C01,,,
32617000136,C03,,,
32617000139,C01,,,
32617000143,C06,,,
32617000145,C01,,,
32617000146,C01,,,
32617000146,C03,,,
32617000147,C01,,,
32617000147,C02,,,
32617000149,C01,,,
32617000150,C01,,,
32617000150,C02,,,
32617000153,C01,,,
32617000153,C02,,,
32617000154,C06,,,
32617000155,C01,,,
32617000156,C01,,,
32617000157,C01,,,
32617000161,C01,,,
32617000161,C02,,,
32617000161,C03,,,
32617000162,C01,,,
32617000163,C01,,,
32617000165,C01,,,
32617000165,C02,,,
32617000167,C01,,,
32617000167,C02,,,
32617000169,C01,,,
32617000169,C02,,,
32617000171,C01,,,
32617000173,C01,,,
32617000175,C01,,,
32617000175,C02,,,
32617000176,C01,,,
32617000177,C01,,,
32617000179,C01,,,
32617000179,C02,,,
32617000181,C01,,,
32617000181,C02,,,
32617000182,C01,,,
32617000182,C02,,,
32617000183,C01,,,
32617000184,C01,,,
32617000184,C02,,,
32617000185,C01,,,
32617000185,C02,,,
32617000187,C01,,,
32617000187,C02,,,
32620000029,C03,,,
32620000037,C03,,,
32620000065,C01,,,
32620000065,C02,,,
32620000073,C01,,,
32620000073,C02,,,
32620000081,C01,,,
32620000081,C02,,,
32620000088,C01,,,
32620000088,C02,,,
32620000092,C01,,,
32620000092,C02,,,
32620000094,C01,,,
32620000102,C01,,,
32620000102,C02,,,
32620000104,C01,,,
32620000104,C02,,,
32620000106,C01,,,
32620000106,C02,,,
32620000107,C01,,,
32620000107,C03,,,
32620000108,C01,,,
32620000108,C02,,,
32620000111,C01,,,
32620000111,C02,,,
32620000112,C01,,,
32620000113,C01,,,
32620000114,C01,,,
32620000116,C01,,,
32620000117,C01,,,
32620000118,C01,,,
32620000118,C02,,,
32620000118,C05,,,
32620000119,C01,,,
32620000119,C02,,,
32620000122,C01,,,
32620000123,C01,,,
32620000125,C01,,,
32620000125,C02,,,
32620000128,C01,,,
32620000129,C01,,,
32620000136,C01,,,
32620000136,C02,,,
32623000001,C03,,,
32623000194,C01,,,
32623000194,C02,,,
32623000203,C01,,,
32623000203,C02,,,
32623000206,C01,,,
32623000206,C02,,,
32623000210,C01,,,
32623000210,C02,,,
32623000218,C01,,,
32623000218,C02,,,
32623000219,C01,,,
32623000219,C02,,,
32623000247,C01,,,
32623000247,C02,,,
32623000248,C01,,,
32623000248,C02,,,
32623000258,C01,,,
32623000258,C02,,,
32623000258,C03,,,
32623000265,C01,,,
32623000268,C01,,,
32623000268,C02,,,
32623000269,C01,,,
32623000269,C02,,,
32623000272,C01,,,
32623000272,C02,,,
32623000277,C01,,,
32623000277,C02,,,
32623000285,C01,,,
32623000293,C01,,,
32623000293,C02,,,
32623000293,C03,,,
32623000295,C01,,,
32623000295,C02,,,
32623000296,C01,,,
32623000296,C02,,,
32623000297,C01,,,
32623000297,C02,,,
32623000301,C01,,,
32623000303,C01,,,
32623000303,C05,,,
32623000306,C01,,,
32623000306,C02,,,
32623000310,C01,,,
32623000310,C02,,,
32623000317,C01,,,
32623000317,C02,,,
32623000321,C01,,,
32623000321,C02,,,
32623000323,C01,,,
32623000323,C02,,,
32623000325,C01,,,
32623000325,C02,,,
32623000326,C01,,,
32623000326,C02,,,
32623000330,C01,,,
32623000332,C01,,,
32623000333,C01,,,
32623000333,C02,,,
32623000336,C01,,,
32623000336,C02,,,
32623000338,C01,,,
32623000338,C02,,,
32623000343,C01,,,
32623000346,C01,,,
32623000346,C02,,,
32623000347,C01,,,
32623000347,C02,,,
32623000351,C01,,,
32623000351,C02,,,
32623000352,C01,,,
32623000353,C01,,,
32623000353,C03,,,
32623000355,C01,,,
32623000356,C01,,,
32623000356,C02,,,
32623000358,C01,,,
32623000358,C02,,,
32623000359,C01,,,
32623000361,C01,,,
32623000363,C01,,,
32623000363,C03,,,
32623000364,C01,,,
32623000364,C02,,,
32623000365,C01,,,
32623000366,C01,,,
32623000367,C01,,,
32623000369,C01,,,
32623000369,C02,,,
32623000372,C01,,,
32623000373,C01,,,
32623000380,C01,,,
32623000380,C03,,,
32626000109,C03,,,
32626000128,C01,,,
32626000128,C02,,,
32626000129,C01,,,
32626000129,C02,,,
32626000139,C01,,,
32626000139,C02,,,
32626000175,C01,,,
32626000175,C02,,,
32626000175,C03,,,
32626000176,C01,,,
32626000176,C02,,,
32626000176,C03,,,
32626000186,C06,,,
32626000193,C01,,,
32626000193,C02,,,
32626000208,C01,,,
32626000208,C02,,,
32626000213,C01,,,
32626000213,C02,,,
32626000213,C06,,,
32626000218,C01,,,
32626000218,C02,,,
32626000218,C05,,,
32626000222,C01,,,
32626000222,C02,,,
32626000223,C01,,,
32626000223,C02,,,
32626000224,C01,,,
32626000224,C02,,,
32626000224,C03,,,
32626000228,C01,,,
32626000228,C02,,,
32626000230,C03,,,
32626000235,C01,,,
32626000235,C02,,,
32626000238,C01,,,
32626000238,C02,,,
32626000238,C05,,,
32626000239,C01,,,
32626000239,C02,,,
32626000239,C03,,,
32626000243,C01,,,
32626000243,C02,,,
32626000251,C01,,,
32626000251,C03,,,
32626000253,C01,,,
32626000253,C02,,,
32626000254,C01,,,
32626000254,C02,,,
32626000256,C01,,,
32626000256,C02,,,
32626000258,C01,,,
32626000258,C02,,,
32626000259,C01,,,
32626000260,C01,,,
32626000264,C01,,,
32626000264,C02,,,
32626000267,C01,,,
32626000267,C02,,,
32626000269,C01,,,
32626000269,C02,,,
32626000270,C01,,,
32626000271,C01,,,
32626000271,C02,,,
32626000274,C01,,,
32626000274,C02,,,
32626000275,C01,,,
32626000275,C03,,,
32626000276,C01,,,
32626000276,C02,,,
32626000277,C01,,,
32626000278,C01,,,
32626000282,C01,,,
32626000283,C01,,,
32626000284,C01,,,
32626000284,C02,,,
32626000285,C01,,,
32626000285,C02,,,
32626000286,C01,,,
32626000286,C02,,,
32626000287,C01,,,
32626000287,C02,,,
32626000291,C01,,,
32626000291,C02,,,
32626000292,C01,,,
32626000293,C01,,,
32626000293,C02,,,
32626000293,C03,,,
32626000298,C01,,,
32626000299,C01,,,
32626000300,C01,,,
32626000300,C02,,,
32626000301,C02,,,
32626000302,C01,,,
32629000001,C03,,,
32629000090,C03,,,
32629000095,C01,,,
32629000095,C02,,,
32629000111,C01,,,
32629000111,C02,,,
32629000116,C01,,,
32629000116,C02,,,
32629000119,C01,,,
32629000119,C02,,,
32629000119,C06,,,
32629000122,C01,,,
32629000122,C02,,,
32629000128,C01,,,
32629000128,C02,,,
32629000130,C01,,,
32629000130,C02,,,
32629000131,C01,,,
32629000131,C06,,,
32629000134,C01,,,
32629000134,C02,,,
32629000134,C06,,,
32629000135,C01,,,
32629000135,C02,,,
32629000138,C01,,,
32629000138,C02,,,
32629000143,C01,,,
32629000143,C02,,,
32629000154,C01,,,
32629000154,C02,,,
32629000157,C03,,,
32629000159,C01,,,
32629000159,C02,,,
32629000164,C01,,,
32629000167,C01,,,
32629000169,C01,,,
32629000169,C02,,,
32629000170,C01,,,
32629000170,C02,,,
32629000170,C03,,,
32629000173,C06,,,
32629000174,C01,,,
32629000174,C03,,,
32629000182,C01,,,
32629000182,C02,,,
32629000184,C01,,,
32629000184,C02,,,
32629000188,C01,,,
32629000188,C02,,,
32629000195,C01,,,
32629000196,C01,,,
32629000196,C02,,,
32629000196,C05,,,
32629000197,C01,,,
32629000197,C02,,,
32629000200,C01,,,
32629000200,C02,,,
32629000205,C01,,,
32629000205,C02,,,
32629000208,C01,,,
32629000208,C02,,,
32629000209,C01,,,
32629000210,C01,,,
32629000210,C02,,,
32629000211,C01,,,
32629000213,C01,,,
32629000214,C01,,,
32629000216,C01,,,
32629000216,C02,,,
32629000219,C01,,,
32629000219,C02,,,
32629000219,C03,,,
32629000221,C01,,,
32632000179,C01,,,
32632000179,C02,,,
32632000182,C01,,,
32632000182,C02,,,
32632000204,C01,,,
32632000204,C02,,,
32632000205,C01,,,
32632000205,C02,,,
32632000205,C05,,,
32632000212,C01,,,
32632000212,C02,,,
32632000217,C01,,,
32632000217,C02,,,
32632000219,C01,,,
32632000219,C02,,,
32632000221,C01,,,
32632000221,C03,,,
32632000221,C06,,,
32632000222,C06,,,
32632000226,C01,,,
32632000226,C02,,,
32632000226,C06,,,
32632000236,C01,,,
32632000236,C02,,,
32632000239,C01,,,
32632000240,C01,,,
32632000240,C02,,,
32632000242,C01,,,
32632000242,C02,,,
32632000249,C01,,,
32632000249,C02,,,
32632000250,C01,,,
32632000250,C02,,,
32632000253,C01,,,
32632000253,C02,,,
32632000253,C06,,,
32632000254,C01,,,
32632000264,C01,,,
32632000264,C03,,,
32632000267,C01,,,
32632000267,C02,,,
32632000268,C01,,,
32632000268,C03,,,
32632000270,C01,,,
32632000270,C02,,,
32632000272,C01,,,
32632000276,C01,,,
32632000277,C01,,,
32632000277,C02,,,
32632000279,C01,,,
32632000279,C03,,,
32632000288,C06,,,
32632000292,C01,,,
32632000292,C02,,,
32632000292,C03,,,
32635000030,C03,,,
32635000116,C01,,,
32635000116,C02,,,
32635000143,C01,,,
32635000143,C02,,,
32635000153,C01,,,
32635000153,C02,,,
32635000155,C01,,,
32635000156,C01,,,
32635000156,C02,,,
32635000156,C06,,,
32635000173,C01,,,
32635000173,C02,,,
32635000177,C01,,,
32635000177,C02,,,
32635000180,C01,,,
32635000180,C02,,,
32635000180,C06,,,
32635000183,C01,,,
32635000184,C01,,,
32635000184,C02,,,
32635000189,C01,,,
32635000189,C02,,,
32635000194,C01,,,
32635000194,C02,,,
32635000195,C01,,,
32635000195,C02,,,
32635000200,C03,,,
32635000201,C01,,,
32635000201,C02,,,
32635000206,C01,,,
32635000206,C02,,,
32635000206,C03,,,
32635000208,C01,,,
32635000208,C02,,,
32635000209,C01,,,
32635000212,C01,,,
32635000216,C01,,,
32635000219,C01,,,
32635000219,C02,,,
32635000222,C01,,,
32635000222,C02,,,
32635000224,C01,,,
32635000225,C01,,,
32635000225,C02,,,
32635000226,C01,,,
32635000226,C02,,,
32635000228,C01,,,
32635000229,C01,,,
32635000233,C01,,,
32635000246,C01,,,
32635000247,C01,,,
32635000247,C02,,,
32635000248,C01,,,
32635000249,C01,,,
32635000249,C02,,,
32635000250,C01,,,
32635000250,C02,,,
32635000253,C01,,,
32635000256,C01,,,
32635000256,C02,,,
32635000259,C01,,,
32635000259,C02,,,
32635000261,C01,,,
32635000262,C01,,,
32635000262,C02,,,
32635000263,C01,,,
32635000266,C01,,,
32635000266,C02,,,
32635000266,C03,,,
32635000271,C01,,,
32635000274,C01,,,
32635000280,C01,,,
32635000281,C01,,,
32635000281,C02,,,
32638000063,C03,,,
32638000078,C01,,,
32638000078,C02,,,
32638000095,C06,,,
32638000106,C01,,,
32638000106,C02,,,
32638000115,C01,,,
32638000115,C02,,,
32638000122,C01,,,
32638000122,C02,,,
32638000125,C01,,,
32638000125,C02,,,
32638000125,C03,,,
32638000132,C06,,,
32638000138,C01,,,
32638000140,C01,,,
32638000140,C02,,,
32638000142,C01,,,
32638000142,C02,,,
32638000143,C01,,,
32638000143,C02,,,
32638000145,C01,,,
32638000145,C02,,,
32638000150,C01,,,
32638000157,C01,,,
32638000157,C02,,,
32638000157,C05,,,
32638000160,C01,,,
32638000160,C02,,,
32638000164,C01,,,
32638000164,C02,,,
32638000165,C01,,,
32638000166,C01,,,
32638000166,C02,,,
32638000167,C01,,,
32638000174,C03,,,
32638000177,C01,,,
32638000177,C03,,,
32638000179,C01,,,
32638000179,C02,,,
32638000180,C01,,,
32638000180,C02,,,
32638000183,C01,,,
32638000184,C01,,,
32638000184,C02,,,
32638000187,C01,,,
32638000187,C02,,,
32638000192,C01,,,
32638000192,C03,,,
32638000193,C01,,,
32638000193,C02,,,
32638000193,C03,,,
32638000195,C01,,,
32638000195,C03,,,
32638000195,C05,,,
32638000197,C01,,,
32638000197,C02,,,
32638000198,C01,,,
32638000199,C01,,,
32638000199,C02,,,
32638000203,C01,,,
32638000206,C01,,,
32638000206,C02,,,
32638000206,C03,,,
32638000208,C01,,,
32638000208,C02,,,
32638000208,C03,,,
32638000208,C05,,,
32638000209,C01,,,
32638000209,C02,,,
32638000210,C03,,,
32638000211,C01,,,
32638000211,C02,,,
32638000212,C01,,,
32638000212,C02,,,
32638000213,C01,,,
32638000215,C01,,,
32638000215,C03,,,
32638000216,C01,,,
32638000216,C02,,,
32638000218,C01,,,
32638000218,C02,,,
32638000220,C01,,,
32638000221,C01,,,
32638000221,C02,,,
32638000224,C01,,,
32638000224,C02,,,
32638000225,C01,,,
32641000066,C03,,,
32641000097,C01,,,
32641000097,C02,,,
32641000097,C05,,,
32641000103,C01,,,
32641000104,C01,,,
32641000104,C02,,,
32641000107,C01,,,
32641000107,C02,,,
32641000117,C01,,,
32641000117,C02,,,
32641000121,C03,,,
32641000123,C01,,,
32641000123,C02,,,
32641000132,C01,,,
32641000132,C02,,,
32641000140,C01,,,
32641000140,C02,,,
32641000143,C01,,,
32641000143,C02,,,
32641000146,C01,,,
32641000146,C02,,,
32641000147,C01,,,
32641000150,C01,,,
32641000151,C01,,,
32641000151,C02,,,
32641000155,C01,,,
32641000161,C01,,,
32641000161,C03,,,
32641000167,C01,,,
32641000167,C03,,,
32641000169,C01,,,
32641000170,C01,,,
32641000170,C02,,,
32641000170,C03,,,
32641000171,C01,,,
32641000171,C02,,,
32641000172,C01,,,
32641000172,C02,,,
32641000176,C01,,,
32641000180,C01,,,
32641000180,C02,,,
32641000181,C01,,,
32641000185,C01,,,
32641000186,C03,,,
32641000187,C01,,,
32641000187,C02,,,
32641000189,C01,,,
32641000189,C02,,,
32641000190,C01,,,
32641000190,C02,,,
32641000191,C01,,,
32641000191,C02,,,
32641000191,C03,,,
32641000193,C01,,,
32641000193,C03,,,
32641000194,C01,,,
32641000194,C03,,,
32641000197,C01,,,
32641000197,C02,,,
32641000197,C03,,,
32641000198,C01,,,
32641000198,C03,,,
32641000200,C01,,,
32641000200,C02,,,
32641000201,C01,,,
32641000202,C01,,,
32641000202,C02,,,
32641000204,C01,,,
32641000206,C01,,,
32641000206,C03,,,
32641000207,C01,,,
32641000207,C02,,,
32641000208,C01,,,
32641000208,C03,,,
32641000210,C01,,,
32641000210,C02,,,
32641000212,C01,,,
32641000212,C02,,,
32641000213,C01,,,
32641000214,C01,,,
32641000216,C01,,,
32641000216,C02,,,
32641000217,C01,,,
32644000025,C03,,,
32644000031,C01,,,
32644000031,C02,,,
32644000036,C01,,,
32644000036,C02,,,
32644000039,C01,,,
32644000039,C03,,,
32644000042,C01,,,
32644000042,C02,,,
32644000043,C01,,,
32644000045,C01,,,
32644000047,C01,,,
32644000047,C03,,,
32644000048,C01,,,
32644000048,C03,,,
32647000096,C01,,,
32647000096,C02,,,
32647000099,C01,,,
32647000103,C01,,,
32647000103,C02,,,
32647000106,C01,,,
32647000106,C02,,,
32647000110,C01,,,
32647000110,C02,,,
32647000126,C06,,,
32647000134,C01,,,
32647000134,C02,,,
32647000136,C03,,,
32647000139,C03,,,
32647000141,C01,,,
32647000141,C02,,,
32647000143,C01,,,
32647000143,C02,,,
32647000143,C03,,,
32647000144,C01,,,
32647000146,C01,,,
32647000146,C02,,,
32647000150,C01,,,
32647000150,C02,,,
32647000151,C01,,,
32647000151,C02,,,
32647000153,C01,,,
32647000153,C02,,,
32647000155,C01,,,
32647000155,C02,,,
32647000156,C01,,,
32647000158,C01,,,
32647000158,C03,,,
32647000158,I31,,,
32647000158,I32,,,
32647000161,C01,,,
32647000161,C02,,,
32647000164,C01,,,
32647000165,C01,,,
32647000167,C01,,,
32647000167,C02,,,
32647000172,C01,,,
32647000172,C02,,,
32647000172,C05,,,
32647000174,C01,,,
32647000181,C01,,,
32647000184,C01,,,
32647000184,C02,,,
32647000186,C01,,,
32647000188,C01,,,
32647000191,C01,,,
32647000191,C02,,,
32647000191,C03,,,
32647000193,C01,,,
32647000197,C01,,,
32647000198,C01,,,
32647000198,C02,,,
32647000200,C01,,,
32647000200,C02,,,
32647000203,C01,,,
32647000203,C02,,,
32647000203,C03,,,
32650000065,C01,,,
32650000074,C01,,,
32650000084,C01,,,
32650000084,C02,,,
32650000086,C01,,,
32650000086,C02,,,
32650000087,C01,,,
32650000087,C02,,,
32650000090,C01,,,
32650000090,C02,,,
32650000097,C01,,,
32650000097,C02,,,
32650000100,C01,,,
32650000100,C02,,,
32650000102,C01,,,
32650000102,C02,,,
32650000105,C01,,,
32650000107,C01,,,
32650000110,C01,,,
32650000110,C02,,,
32650000110,C05,,,
32650000111,C01,,,
32650000115,C01,,,
32650000115,C02,,,
32650000116,C01,,,
32650000116,C03,,,
32650000120,C01,,,
32650000120,C02,,,
32650000120,C03,,,
32650000122,C01,,,
32650000122,C02,,,
32650000127,C01,,,
32650000127,C02,,,
32650000128,C01,,,
32650000128,C02,,,
32650000128,C05,,,
32650000130,C01,,,
32650000130,C02,,,
32653000040,C03,,,
32653000049,C05,,,
32653000096,C01,,,
32653000096,C02,,,
32653000099,C01,,,
32653000099,C02,,,
32653000106,C01,,,
32653000106,C03,,,
32653000106,I31,,,
32653000115,C01,,,
32653000115,C02,,,
32653000117,C01,,,
32653000117,C02,,,
32653000118,C01,,,
32653000121,C01,,,
32653000121,C03,,,
32653000125,C01,,,
32653000125,C03,,,
32653000129,C06,,,
32653000131,C01,,,
32653000133,C03,,,
32653000137,C01,,,
32653000137,C02,,,
32653000138,C01,,,
32653000142,C01,,,
32653000143,C01,,,
32653000143,C02,,,
32653000144,C01,,,
32653000144,C03,,,
32653000147,C01,,,
32653000147,C03,,,
32653000152,C01,,,
32653000152,C03,,,
32653000153,C01,,,
32653000153,C02,,,
32653000154,C01,,,
32653000156,C03,,,
32653000157,C01,,,
32671000070,C01,,,
32671000070,C02,,,
32671000093,C01,,,
32671000093,C03,,,
32671000105,C01,,,
32671000105,C02,,,
32671000106,C01,,,
32671000106,C05,,,
32671000112,C01,,,
32671000112,C02,,,
32671000116,C01,,,
32671000116,C02,,,
32671000119,C01,,,
32671000119,C02,,,
32671000119,C05,,,
32671000129,C01,,,
32671000130,C01,,,
32671000130,C02,,,
32671000137,C01,,,
32671000137,C02,,,
32671000139,C01,,,
32671000139,C02,,,
32671000139,C03,,,
32671000152,C01,,,
32671000152,C02,,,
32671000155,C05,,,
32671000159,C01,,,
32671000159,C03,,,
32671000165,C01,,,
32671000174,C03,,,
32671000174,C04,,,
32671000177,C01,,,
32671000178,C03,,,
32671000179,C01,,,
32671000180,C01,,,
32671000180,C02,,,
32671000181,C01,,,
32671000184,C01,,,
32671000184,C02,,,
32671000186,C01,,,
32671000189,C01,,,
32671000191,C01,,,
32671000192,C01,,,
32671000192,C02,,,
32671000193,C01,,,
32671000194,C01,,,
32671000194,C02,,,
32671000195,C01,,,
32671000195,C02,,,
32671000196,C01,,,
32671000196,C02,,,
32671000197,C01,,,
32671000197,C02,,,
32711000078,C01,,,
32711000078,C02,,,
32711000078,C03,,,
32711000087,C01,,,
32711000087,C02,,,
32711000105,C01,,,
32711000105,C02,,,
32711000112,C01,,,
32711000112,C02,,,
32711000112,C03,,,
32711000114,C01,,,
32711000130,C01,,,
32711000130,C03,,,
32711000133,C01,,,
32711000133,C03,,,
32711000138,C01,,,
32711000142,C03,,,
32711000143,C01,,,
32711000147,C01,,,
32711000148,C01,,,
32711000148,C03,,,
32711000157,C01,,,
32711000158,C01,,,
32711000160,C01,,,
32711000160,C02,,,
32711000161,C01,,,
32711000161,C02,,,
32711000163,C02,,,
32711000163,C06,,,
32714000090,C03,,,
32714000102,C01,,,
32714000146,C01,,,
32714000146,C02,,,
32714000146,C03,,,
32714000157,C01,,,
32714000157,C03,,,
32714000193,C01,,,
32714000193,C02,,,
32714000204,C01,,,
32714000204,C02,,,
32714000204,C05,,,
32714000204,C06,,,
32714000206,C01,,,
32714000206,C02,,,
32714000214,C01,,,
32714000240,C01,,,
32714000240,C02,,,
32714000248,C01,,,
32714000248,C03,,,
32714000263,C01,,,
32714000263,C02,,,
32714000263,C05,,,
32714000264,C03,,,
32714000273,C01,,,
32714000309,C01,,,
32714000309,C02,,,
32714000310,C03,,,
32714000310,I31,,,
32714000311,C01,,,
32714000311,C05,,,
32714000313,C01,,,
32714000313,C02,,,
32714000313,C03,,,
32714000316,C03,,,
32714000319,C01,,,
32714000321,C01,,,
32714000326,C03,,,
32714000328,C01,,,
32714000328,C02,,,
32714000336,C01,,,
32714000336,C02,,,
32714000336,C03,,,
32714000337,C01,,,
32714000337,C03,,,
32714000338,C01,,,
32714000338,C05,,,
32714000342,C01,,,
32714000346,C01,,,
32714000346,C02,,,
32714000347,C01,,,
32714000347,C02,,,
32714000347,C03,,,
32714000354,C06,,,
32714000355,C01,,,
32714000355,C02,,,
32714000356,C01,,,
32714000358,C01,,,
32714000358,C03,,,
32714000361,C01,,,
32714000361,C02,,,
32714000361,C03,,,
32714000364,C01,,,
32714000364,C02,,,
32714000366,C01,,,
32714000376,C01,,,
32714000379,C01,,,
32714000379,C03,,,
32714000383,C03,,,
32714000384,C01,,,
32714000384,C02,,,
32714000388,C03,,,
32714000390,C01,,,
32714000390,C05,,,
32714000391,C01,,,
32714000395,C01,,,
32714000395,C02,,,
32714000402,C01,,,
32714000402,C02,,,
32714000407,C01,,,
32714000407,C02,,,
32714000408,C01,,,
32714000408,C02,,,
32714000408,C05,,,
32714000410,C01,,,
32714000410,C03,,,
32714000418,C01,,,
32714000418,C02,,,
32714000430,C01,,,
32714000430,C03,,,
32714000440,C03,,,
32714000441,C01,,,
32714000441,C02,,,
32714000446,C01,,,
32714000447,C01,,,
32714000451,C01,,,
32714000451,C02,,,
32714000451,C03,,,
32714000452,C03,,,
32714000454,C03,,,
32714000459,C01,,,
32714000460,C01,,,
32714000460,C03,,,
32714000463,C01,,,
32714000463,C03,,,
32714000463,C05,,,
32714000464,C01,,,
32714000464,C03,,,
32714000468,C01,,,
32714000470,C01,,,
32714000470,C02,,,
32714000471,C06,,,
32714000472,C01,,,
32714000472,C02,,,
32714000473,C01,,,
32714000473,C02,,,
32714000477,C01,,,
32714000477,C02,,,
32714000477,C03,,,
32714000479,C03,,,
32714000483,C01,,,
32714000483,C02,,,
32714000484,C01,,,
32714000486,C01,,,
32714000486,C02,,,
32714000488,C01,,,
32714000493,C06,,,
32714000494,C01,,,
32714000495,C01,,,
32714000495,C02,,,
32714000498,C01,,,
32714000498,C02,,,
32714000501,C01,,,
32714000501,C02,,,
32714000502,C01,,,
32714000504,C01,,,
32714000504,C02,,,
32714000507,C01,,,
32714000507,C02,,,
32714000508,C01,,,
32714000508,C02,,,
32714000509,C01,,,
32714000509,C02,,,
32714000511,C01,,,
32714000511,C02,,,
32714000511,C03,,,
32714000514,C01,,,
32714000514,C02,,,
32714000515,C01,,,
32714000515,C02,,,
32714000520,C01,,,
32714000520,C03,,,
32714000522,C01,,,
32714000522,C02,,,
32714000523,C01,,,
32714000524,C01,,,
32714000524,C02,,,
32714000524,C03,,,
32714000525,C01,,,
32714000527,C01,,,
32714000527,C03,,,
32714000530,C01,,,
32714000530,C02,,,
32714000531,C01,,,
32714000531,C02,,,
32714000531,C03,,,
32714000535,C01,,,
32714000535,C03,,,
32714000540,C01,,,
32714000540,C02,,,
32714000541,C01,,,
32714000541,C02,,,
32714000542,C01,,,
32714000542,C02,,,
32714000543,C03,,,
32714000545,C01,,,
32714000545,C02,,,
32714000546,C01,,,
32714000546,C02,,,
32714000547,C01,,,
32714000548,C01,,,
32714000548,C03,,,
32714000549,C01,,,
32714000549,C02,,,
32714000549,C06,,,
32714000550,C01,,,
32714000552,C01,,,
32714000552,C03,,,
32714000553,C01,,,
32714000553,C02,,,
32714000556,C01,,,
32714000556,C02,,,
32714000557,C01,,,
32714000557,C03,,,
32714000557,C05,,,
32714000559,C01,,,
32714000559,C02,,,
32714000560,C06,,,
32714000561,C01,,,
32714000561,C03,,,
32714000563,C01,,,
32714000568,C01,,,
32714000568,C02,,,
32714000568,C03,,,
32714000569,C01,,,
32714000569,C03,,,
32714000573,C01,,,
32714000576,C01,,,
32714000576,C02,,,
32714000590,C01,,,
32714000590,C02,,,
32714000590,C03,,,
32714000591,C01,,,
32714000591,C02,,,
32714000592,C01,,,
32717000012,C01,,,
32717000039,C01,,,
32717000039,C02,,,
32717000039,C05,,,
32717000065,C01,,,
32717000065,C03,,,
32717000070,C01,,,
32717000070,C02,,,
32717000157,C01,,,
32717000157,C02,,,
32717000187,C01,,,
32717000217,C01,,,
32717000217,C02,,,
32717000217,C03,,,
32717000228,C03,,,
32717000230,C01,,,
32717000230,C02,,,
32717000238,C01,,,
32717000238,C02,,,
32717000238,C03,,,
32717000248,C01,,,
32717000251,C01,,,
32717000251,C02,,,
32717000253,C01,,,
32717000253,C02,,,
32717000259,C03,,,
32717000266,C01,,,
32717000266,C02,,,
32717000270,C03,,,
32717000271,C01,,,
32717000271,C03,,,
32717000272,C01,,,
32717000272,C03,,,
32717000272,C06,,,
32717000285,C01,,,
32717000285,C03,,,
32717000290,C01,,,
32717000291,C01,,,
32717000301,C06,,,
32717000303,C01,,,
32717000304,C01,,,
32717000305,C01,,,
32717000306,C01,,,
32717000307,C01,,,
32717000315,C01,,,
32717000316,C01,,,
32717000316,C02,,,
32717000320,C01,,,
32717000320,C02,,,
32717000322,C01,,,
32717000322,C02,,,
32717000323,C01,,,
32717000323,C03,,,
32717000325,C01,,,
32717000325,C02,,,
32717000340,C01,,,
32717000340,C02,,,
32717000341,C01,,,
32717000341,C03,,,
32717000342,C01,,,
32717000342,C02,,,
32717000347,C01,,,
32717000351,C01,,,
32717000351,C02,,,
32717000352,C01,,,
32717000352,C02,,,
32717000361,C01,,,
32717000361,C02,,,
32717000362,C03,,,
32717000363,C01,,,
32717000363,C02,,,
32717000365,C01,,,
32717000368,C01,,,
32717000369,C01,,,
32717000369,C02,,,
32717000376,C01,,,
32720000030,C03,,,
32720000059,C03,,,
32720000084,C01,,,
32720000084,C02,,,
32720000089,C01,,,
32720000089,C02,,,
32720000089,C03,,,
32720000105,C01,,,
32720000105,C02,,,
32720000131,C01,,,
32720000131,C02,,,
32720000141,C01,,,
32720000141,C02,,,
32720000158,C01,,,
32720000158,C02,,,
32720000158,C03,,,
32720000159,C01,,,
32720000159,C02,,,
32720000159,C06,,,
32720000163,C01,,,
32720000177,C03,,,
32720000180,C01,,,
32720000180,C03,,,
32720000181,C01,,,
32720000181,C02,,,
32720000187,C01,,,
32720000193,C01,,,
32720000193,C02,,,
32720000195,C01,,,
32720000195,C03,,,
32720000196,C06,,,
32720000202,C01,,,
32720000203,C01,,,
32720000203,C02,,,
32720000205,C01,,,
32720000206,C01,,,
32720000206,C03,,,
32720000212,C01,,,
32720000213,C01,,,
32720000216,C03,,,
32720000217,C01,,,
32720000218,C06,,,
32720000219,C01,,,
32720000221,C01,,,
32720000221,C02,,,
32720000222,C01,,,
32720000223,C01,,,
32720000223,C02,,,
32720000224,C01,,,
32720000225,C01,,,
32720000225,C02,,,
32720000226,C01,,,
32720000228,C01,,,
32720000235,C01,,,
32720000235,C02,,,
32720000236,C01,,,
32720000236,C03,,,
32720000237,C01,,,
32720000241,C01,,,
32720000242,C01,,,
32720000242,C02,,,
32720000243,C01,,,
32720000249,C01,,,
32720000252,C01,,,
32720000252,C02,,,
32720000258,C01,,,
32720000260,C01,,,
32720000262,C01,,,
32720000262,C02,,,
32720000263,C03,,,
32720000264,C01,,,
32720000265,C01,,,
32720000265,C02,,,
32720000268,C01,,,
32720000268,C02,,,
32720000269,C03,,,
32723000055,C03,,,
32723000100,C03,,,
32723000163,C01,,,
32723000163,C02,,,
32723000202,C01,,,
32723000217,C01,,,
32723000217,C02,,,
32723000239,C01,,,
32723000239,C03,,,
32723000247,C01,,,
32723000247,C02,,,
32723000275,C01,,,
32723000275,C02,,,
32723000285,C01,,,
32723000285,C02,,,
32723000285,C03,,,
32723000287,C01,,,
32723000287,C02,,,
32723000287,C03,,,
32723000324,C01,,,
32723000324,C02,,,
32723000325,C01,,,
32723000325,C02,,,
32723000327,C01,,,
32723000327,C02,,,
32723000331,C03,,,
32723000336,C01,,,
32723000336,C02,,,
32723000350,C01,,,
32723000350,C03,,,
32723000353,C01,,,
32723000377,C01,,,
32723000377,C02,,,
32723000384,C01,,,
32723000384,C03,,,
32723000389,C01,,,
32723000391,C01,,,
32723000391,C02,,,
32723000391,C05,,,
32723000402,C01,,,
32723000402,C02,,,
32723000402,C06,,,
32723000414,C03,,,
32723000418,C01,,,
32723000418,C03,,,
32723000419,C03,,,
32723000421,C01,,,
32723000421,C02,,,
32723000421,C03,,,
32723000427,C01,,,
32723000427,C02,,,
32723000432,C01,,,
32723000433,C01,,,
32723000433,C02,,,
32723000449,C01,,,
32723000449,C03,,,
32723000451,C01,,,
32723000451,C02,,,
32723000451,C03,,,
32723000451,C06,,,
32723000454,C01,,,
32723000454,C02,,,
32723000455,C03,,,
32723000467,C01,,,
32723000469,C01,,,
32723000469,C02,,,
32723000473,C01,,,
32723000473,C03,,,
32723000479,C01,,,
32723000481,C01,,,
32723000481,C02,,,
32723000483,C01,,,
32723000483,C05,,,
32723000484,C01,,,
32723000487,C01,,,
32723000490,C01,,,
32723000490,C02,,,
32723000490,C03,,,
32723000492,C01,,,
32723000492,C02,,,
32723000492,C03,,,
32723000497,C01,,,
32723000497,C03,,,
32723000498,C01,,,
32723000498,C02,,,
32723000498,C05,,,
32723000499,C01,,,
32723000499,C03,,,
32723000504,C01,,,
32723000504,C05,,,
32723000505,C01,,,
32723000505,C03,,,
32723000506,C01,,,
32723000506,C03,,,
32723000508,C01,,,
32723000511,C01,,,
32723000511,C02,,,
32723000514,C01,,,
32723000514,C03,,,
32723000517,C01,,,
32723000517,C03,,,
32723000519,C01,,,
32723000519,C02,,,
32723000520,C01,,,
32723000520,C02,,,
32723000521,C01,,,
32723000522,C01,,,
32723000522,C02,,,
32723000524,C03,,,
32723000525,C01,,,
32723000525,C02,,,
32723000530,C01,,,
32723000530,C03,,,
32723000531,C01,,,
32723000531,C02,,,
32723000532,C01,,,
32723000532,C02,,,
32723000533,C01,,,
32723000533,C02,,,
32723000534,C01,,,
32723000534,C02,,,
32723000537,C01,,,
32723000537,C02,,,
32723000538,C01,,,
32723000538,C02,,,
32723000539,C01,,,
32723000539,C02,,,
32723000543,C01,,,
32723000543,C02,,,
32723000543,C03,,,
32723000545,C01,,,
32723000545,C03,,,
32723000551,C01,,,
32723000552,C01,,,
32723000552,C02,,,
32723000553,C03,,,
32723000554,C01,,,
32723000554,C03,,,
32723000554,C04,,,
32723000561,C03,,,
32723000564,C01,,,
32723000564,C03,,,
32726000033,C01,,,
32726000033,C03,,,
32726000058,C01,,,
32726000058,C02,,,
32726000058,C03,,,
32726000058,C04,,,
32726000072,C03,,,
32726000130,C01,,,
32726000130,C02,,,
32726000130,C03,,,
32726000144,C01,,,
32726000144,C02,,,
32726000144,C03,,,
32726000179,C01,,,
32726000179,C06,,,
32726000186,C01,,,
32726000186,C03,,,
32726000187,C01,,,
32726000191,C01,,,
32726000191,C03,,,
32726000191,I31,,,
32726000200,C01,,,
32726000221,C01,,,
32726000221,C02,,,
32726000229,C01,,,
32726000229,C03,,,
32726000237,C01,,,
32726000240,C01,,,
32726000240,C02,,,
32726000246,C01,,,
32726000246,C02,,,
32726000253,C01,,,
32726000253,C02,,,
32726000254,C01,,,
32726000256,C01,,,
32726000256,C03,,,
32726000259,C01,,,
32726000259,C02,,,
32726000265,C01,,,
32726000265,C03,,,
32726000273,C01,,,
32726000273,C03,,,
32726000278,C01,,,
32726000278,C02,,,
32726000283,C01,,,
32726000283,C02,,,
32726000284,C01,,,
32726000284,C02,,,
32726000286,C01,,,
32726000286,C03,,,
32726000288,C01,,,
32726000288,C03,,,
32726000290,C01,,,
32726000291,C01,,,
32726000291,C02,,,
32726000294,C01,,,
32726000301,C01,,,
32726000301,C02,,,
32726000303,C01,,,
32726000303,C02,,,
32726000306,C01,,,
32726000306,C02,,,
32726000309,C01,,,
32726000310,C01,,,
32726000311,C01,,,
32726000311,C02,,,
32726000311,C03,,,
32726000312,C01,,,
32726000312,C03,,,
32726000315,C01,,,
32726000315,C02,,,
32726000316,C01,,,
32726000316,C02,,,
32726000318,C01,,,
32726000318,C02,,,
32726000319,C01,,,
32726000320,C01,,,
32726000323,C01,,,
32726000323,C02,,,
32726000325,C01,,,
32726000331,C01,,,
32726000331,C02,,,
32726000334,C01,,,
32726000334,C02,,,
32726000334,C03,,,
32726000340,C01,,,
32726000340,C02,,,
32726000343,C01,,,
32726000343,C02,,,
32726000344,C03,,,
32726000344,I31,,,
32726000345,C01,,,
32726000346,C01,,,
32726000347,C01,,,
32726000348,C01,,,
32726000348,C02,,,
32726000351,C01,,,
32726000351,C02,,,
32726000353,C01,,,
32726000353,C02,,,
32726000356,C01,,,
32726000356,C02,,,
32726000357,C01,,,
32726000358,C01,,,
32726000358,C02,,,
32726000360,C01,,,
32726000361,C01,,,
32726000361,C03,,,
32726000367,C01,,,
32726000367,C02,,,
32726000370,C01,,,
32726000371,C01,,,
32726000373,C01,,,
32726000373,C03,,,
32729000010,C01,,,
32729000010,C03,,,
32729000010,C06,,,
32729000013,C01,,,
32729000013,C02,,,
32729000030,C03,,,
32729000042,C01,,,
32729000057,C01,,,
32729000057,C02,,,
32729000072,C01,,,
32729000072,C02,,,
32729000113,C01,,,
32729000113,C02,,,
32729000118,C01,,,
32729000118,C02,,,
32729000118,C03,,,
32729000119,C03,,,
32729000162,C01,,,
32729000162,C03,,,
32729000176,C01,,,
32729000205,C01,,,
32729000213,C01,,,
32729000213,C02,,,
32729000215,C01,,,
32729000215,C02,,,
32729000215,C03,,,
32729000217,C04,,,
32729000227,C01,,,
32729000234,C01,,,
32729000234,C02,,,
32729000234,C03,,,
32729000265,C01,,,
32729000265,C02,,,
32729000265,C05,,,
32729000268,C01,,,
32729000274,C01,,,
32729000288,C01,,,
32729000288,C02,,,
32729000289,C01,,,
32729000292,C01,,,
32729000294,C03,,,
32729000297,C03,,,
32729000302,C01,,,
32729000302,C03,,,
32729000316,C01,,,
32729000316,C02,,,
32729000317,C06,,,
32729000329,C01,,,
32729000340,C01,,,
32729000340,C03,,,
32729000348,C01,,,
32729000348,C02,,,
32729000349,C03,,,
32729000350,C01,,,
32729000350,C03,,,
32729000350,I31,,,
32729000357,C01,,,
32729000357,C02,,,
32729000357,C03,,,
32729000362,C01,,,
32729000362,C02,,,
32729000375,C01,,,
32729000375,C02,,,
32729000383,C01,,,
32729000383,C02,,,
32729000393,C01,,,
32729000393,C03,,,
32729000397,C01,,,
32729000397,C02,,,
32729000399,C01,,,
32729000399,C02,,,
32729000399,C03,,,
32729000399,I31,,,
32729000406,C01,,,
32729000406,C02,,,
32729000410,C01,,,
32729000410,C02,,,
32729000415,C01,,,
32729000415,C05,,,
32729000417,C01,,,
32729000417,C02,,,
32729000429,C03,,,
32729000439,C01,,,
32729000439,C02,,,
32729000439,C03,,,
32729000443,C01,,,
32729000443,C02,,,
32729000445,C01,,,
32729000445,C02,,,
32729000451,C01,,,
32729000451,C02,,,
32729000453,C01,,,
32729000456,C01,,,
32729000456,C02,,,
32729000460,C01,,,
32729000460,C03,,,
32729000466,C01,,,
32729000466,C03,,,
32729000473,C01,,,
32729000473,C05,,,
32729000474,C01,,,
32729000477,C06,,,
32729000478,C01,,,
32729000479,C01,,,
32729000479,C02,,,
32729000480,C01,,,
32729000480,C02,,,
32729000480,C03,,,
32729000488,C01,,,
32729000490,C01,,,
32729000493,C01,,,
32729000493,C02,,,
32729000494,C01,,,
32729000495,C01,,,
32729000495,C02,,,
32729000500,C01,,,
32729000500,C03,,,
32729000501,C01,,,
32729000501,C02,,,
32729000503,C01,,,
32729000504,C01,,,
32729000504,C02,,,
32729000504,C03,,,
32729000504,C05,,,
32729000505,C01,,,
32729000505,C02,,,
32729000508,C01,,,
32729000508,C02,,,
32729000509,C01,,,
32729000509,C03,,,
32729000512,C01,,,
32729000514,C01,,,
32729000514,C02,,,
32729000514,C05,,,
32729000515,C01,,,
32729000517,C01,,,
32729000517,C05,,,
32729000518,C01,,,
32729000518,C03,,,
32729000520,C01,,,
32729000524,C01,,,
32729000524,C02,,,
32729000533,C01,,,
32729000533,C03,,,
32729000536,C01,,,
32729000536,C02,,,
32729000536,C03,,,
32729000538,C01,,,
32729000544,C01,,,
32729000546,C03,,,
32729000547,C01,,,
32729000547,C02,,,
32729000549,C06,,,
32729000553,C01,,,
32729000554,C03,,,
32771000022,C01,,,
32771000022,C02,,,
32771000036,C01,,,
32771000036,C02,,,
32771000036,C03,,,
32771000063,C01,,,
32771000063,C03,,,
32771000069,C01,,,
32771000069,C02,,,
32771000069,C03,,,
32771000111,C03,,,
32771000119,C03,,,
32771000123,C01,,,
32771000123,C02,,,
32771000128,C03,,,
32771000131,C03,,,
32771000136,C03,,,
32771000138,C01,,,
32771000138,C02,,,
32771000143,C01,,,
32771000143,C03,,,
32771000147,C01,,,
32771000147,C02,,,
32771000147,C05,,,
32771000150,C01,,,
32771000150,C02,,,
32771000152,C01,,,
32771000152,C03,,,
32771000157,C03,,,
32771000158,C03,,,
32771000161,C01,,,
32771000161,C02,,,
32771000163,C01,,,
32771000167,C03,,,
32771000168,C01,,,
32771000168,C02,,,
32771000170,C01,,,
32771000170,C03,,,
32771000176,C01,,,
32771000176,C03,,,
32771000180,C01,,,
32771000181,C01,,,
32771000181,C03,,,
32771000183,C01,,,
32771000185,C01,,,
32771000185,C02,,,
32771000188,C01,,,
32771000188,C03,,,
32771000191,C01,,,
32771000191,C03,,,
32771000193,C01,,,
32771000197,C01,,,
32771000197,C02,,,
32771000197,C03,,,
32811000050,C01,,,
32811000050,C02,,,
32811000065,C01,,,
32811000065,C02,,,
32811000069,C01,,,
32811000069,C02,,,
32811000069,C06,,,
32811000090,C01,,,
32811000090,C02,,,
32811000096,C03,,,
32811000097,C01,,,
32811000097,C02,,,
32811000104,C03,,,
32811000123,C01,,,
32811000123,C02,,,
32811000126,C01,,,
32811000126,C02,,,
32811000128,C01,,,
32811000128,C02,,,
32811000129,C01,,,
32811000129,C02,,,
32811000129,C03,,,
32811000131,C01,,,
32811000131,C02,,,
32811000131,C03,,,
32811000133,C03,,,
32811000137,C03,,,
32814000028,C01,,,
32814000028,C02,,,
32814000063,C01,,,
32814000063,C02,,,
32814000068,C01,,,
32814000068,C02,,,
32814000073,C01,,,
32814000073,C02,,,
32814000079,C01,,,
32814000079,C02,,,
32814000080,C01,,,
32814000080,C02,,,
32814000084,C01,,,
32814000084,C02,,,
32814000085,C01,,,
32814000085,C02,,,
32814000085,C03,,,
32814000085,C05,,,
32814000086,C06,,,
32814000089,C01,,,
32814000089,C02,,,
32814000090,C01,,,
32814000090,C02,,,
32814000091,C01,,,
32814000091,C02,,,
32814000092,C01,,,
32814000092,C02,,,
32814000094,C01,,,
32814000094,C05,,,
32814000097,C01,,,
32814000097,C02,,,
32814000097,C03,,,
32817000020,C03,,,
32817000057,C03,,,
32817000149,C01,,,
32817000149,C02,,,
32817000202,C01,,,
32817000202,C02,,,
32817000204,C06,,,
32817000223,C01,,,
32817000223,C02,,,
32817000225,C01,,,
32817000225,C02,,,
32817000233,C01,,,
32817000248,C01,,,
32817000248,C02,,,
32817000258,C01,,,
32817000258,C02,,,
32817000275,C01,,,
32817000275,C02,,,
32817000276,C01,,,
32817000276,C03,,,
32817000277,C01,,,
32817000277,C02,,,
32817000277,C06,,,
32817000278,C01,,,
32817000278,C02,,,
32817000281,C01,,,
32817000281,C02,,,
32817000284,C01,,,
32817000284,C02,,,
32817000285,C01,,,
32817000285,C02,,,
32817000294,C01,,,
32817000294,C02,,,
32817000295,C01,,,
32817000295,C02,,,
32817000304,C01,,,
32817000304,C02,,,
32817000311,C01,,,
32817000311,C02,,,
32817000314,C01,,,
32817000314,C02,,,
32817000314,C05,,,
32817000318,C01,,,
32817000318,C02,,,
32817000319,C01,,,
32817000319,C02,,,
32817000320,C01,,,
32817000320,C03,,,
32817000322,C01,,,
32817000322,C02,,,
32817000322,C03,,,
32817000339,C01,,,
32817000339,C02,,,
32817000342,C01,,,
32817000342,C02,,,
32817000349,C01,,,
32817000349,C02,,,
32817000349,C05,,,
32817000349,C06,,,
32817000351,C01,,,
32817000351,C02,,,
32817000352,C01,,,
32817000352,C02,,,
32817000357,C01,,,
32817000357,C02,,,
32817000358,C01,,,
32817000358,C02,,,
32817000362,C01,,,
32817000362,C02,,,
32817000364,C01,,,
32817000364,C02,,,
32817000369,C01,,,
32817000369,C02,,,
32817000370,C06,,,
32817000383,C01,,,
32817000383,C02,,,
32817000385,C01,,,
32817000385,C02,,,
32817000385,C03,,,
32817000389,C01,,,
32817000389,C02,,,
32817000391,C01,,,
32817000391,C02,,,
32817700397,C01,,,
32817700397,C02,,,
32817700397,C05,,,
32817700398,C01,,,
32817700398,C02,,,
32817700401,C01,,,
32817700401,C02,,,
32817700403,C01,,,
32817700405,C01,,,
32817700405,C02,,,
32817700411,C01,,,
32817700419,C01,,,
32817700422,C01,,,
32817700426,C01,,,
32817700426,C02,,,
32817700429,C01,,,
32817700431,C01,,,
32817700431,C02,,,
32817700433,C01,,,
32817700433,C02,,,
32817700433,C06,,,
32817700436,C01,,,
32817700436,C02,,,
32817700437,C01,,,
32817700437,C02,,,
32817700438,C01,,,
32817700438,C02,,,
32817700440,C01,,,
32817700441,C01,,,
32817700441,C02,,,
32817700441,C03,,,
32817700447,C01,,,
32817700447,C02,,,
32817700450,C01,,,
32817700450,C02,,,
32817700451,C01,,,
32817700451,C02,,,
32817700451,C03,,,
32817700454,C01,,,
32817700454,C02,,,
32817700457,C01,,,
32817700457,C02,,,
32817700457,C03,,,
32817700466,C01,,,
32817700466,C02,,,
32817700469,C01,,,
32817700469,C03,,,
32817700473,C03,,,
32817700477,C01,,,
32817700477,C02,,,
32817700478,C01,,,
32817700484,C03,,,
32818500074,C03,,,
32818500075,C01,,,
32818500075,C02,,,
32818500078,C01,,,
32818500078,C02,,,
32818500078,C03,,,
32818500081,C06,,,
32818500089,C01,,,
32818500089,C02,,,
32818500091,C01,,,
32818500091,C02,,,
32818500095,C01,,,
32818500095,C02,,,
32818500099,C01,,,
32818500099,C02,,,
32818500101,C01,,,
32818500101,C02,,,
32818500101,C06,,,
32818500102,C01,,,
32818500102,C02,,,
32818500106,C01,,,
32818500106,C02,,,
32818500110,C01,,,
32818500110,C02,,,
32818500119,C06,,,
32818500135,C01,,,
32818500135,C02,,,
32818500137,C01,,,
32818500139,C01,,,
32818500139,C02,,,
32818500139,C03,,,
32818500140,C01,,,
32818500140,C02,,,
32818500140,C03,,,
32818500142,C03,,,
32818500143,C03,,,
32818500147,C01,,,
32818500147,C02,,,
32818500159,C01,,,
32818500159,C02,,,
32818500159,C06,,,
32818500163,C01,,,
32818500163,C02,,,
32818500163,C03,,,
32818500164,C01,,,
32818500164,C02,,,
32818500170,C03,,,
32818500174,C01,,,
32818500178,C01,,,
32818500182,C01,,,
32818500182,C02,,,
32818500186,C05,,,
32818500188,C01,,,
32818500188,C02,,,
32818500189,C01,,,
32818500189,C02,,,
32818500191,C01,,,
32818500191,C02,,,
32818500200,C01,,,
32818500200,C02,,,
32818500201,C01,,,
32818500201,C02,,,
32818500206,C01,,,
32818500206,C02,,,
32818500209,C01,,,
32818500209,C02,,,
32818500210,C01,,,
32818500210,C05,,,
32818500211,C01,,,
32818500211,C02,,,
32818500212,C01,,,
32818500212,C02,,,
32818500215,C01,,,
32818500222,C01,,,
32818500225,C01,,,
32818500229,C01,,,
32818500229,C02,,,
32818500230,C01,,,
32820000037,C01,,,
32820000037,C02,,,
32820000125,C03,,,
32820000174,C01,,,
32820000174,C02,,,
32820000174,C03,,,
32820000182,C01,,,
32820000182,C02,,,
32820000184,C01,,,
32820000184,C02,,,
32820000242,C01,,,
32820000242,C02,,,
32820000283,C01,,,
32820000283,C02,,,
32820000285,C01,,,
32820000285,C02,,,
32820000288,C01,,,
32820000292,C03,,,
32820000295,C01,,,
32820000295,C02,,,
32820000305,C01,,,
32820000310,C01,,,
32820000310,C02,,,
32820000310,C05,,,
32820000311,C01,,,
32820000311,C02,,,
32820000324,C01,,,
32820000324,C02,,,
32820000324,C05,,,
32820000324,C06,,,
32820000326,C01,,,
32820000326,C02,,,
32820000339,C01,,,
32820000339,C03,,,
32820000342,C01,,,
32820000342,C02,,,
32820000344,C01,,,
32820000344,C02,,,
32820000361,C01,,,
32820000361,C02,,,
32820000361,C05,,,
32820000363,C01,,,
32820000363,C02,,,
32820000363,C06,,,
32820000369,C01,,,
32820000369,C02,,,
32820000371,C03,,,
32820000375,C01,,,
32820000375,C02,,,
32820000375,C03,,,
32820000375,C05,,,
32820000386,C01,,,
32820000386,C03,,,
32820000391,C01,,,
32820000391,C02,,,
32820000391,C05,,,
32820000394,C01,,,
32820000420,C01,,,
32820000420,C02,,,
32820000422,C01,,,
32820000422,C02,,,
32820000422,C03,,,
32820000426,C01,,,
32820000426,C02,,,
32820000437,C01,,,
32820000437,C02,,,
32820000441,C01,,,
32820000441,C02,,,
32820000442,C01,,,
32820000442,C02,,,
32820000442,C03,,,
32820000443,C01,,,
32820000443,C02,,,
32820000455,C01,,,
32820000455,C02,,,
32820000460,C01,,,
32820000460,C03,,,
32820000464,C01,,,
32820000474,C01,,,
32820000474,C02,,,
32820000484,C03,,,
32820000491,C06,,,
32820000495,C03,,,
32820000497,C01,,,
32820000497,C02,,,
32820000499,C01,,,
32820000499,C02,,,
32820000500,C01,,,
32820000500,C02,,,
32820000512,C03,,,
32820000514,C03,,,
32820000533,C01,,,
32820000534,C03,,,
32820000535,C01,,,
32820000535,C02,,,
32820000538,C01,,,
32820000538,C02,,,
32820000539,C01,,,
32820000539,C02,,,
32820000540,C01,,,
32820000546,C01,,,
32820000546,C02,,,
32820000546,C03,,,
32820000549,C01,,,
32820000549,C02,,,
32820000551,C01,,,
32820000551,C03,,,
32820000554,C01,,,
32820000554,C02,,,
32820000558,C01,,,
32820000558,C02,,,
32820000574,C01,,,
32820000574,C03,,,
32820000575,C01,,,
32820000578,C01,,,
32820000582,C03,,,
32820000587,C01,,,
32820000587,C02,,,
32820000591,C01,,,
32820000591,C02,,,
32820000594,C01,,,
32820000594,C02,,,
32820000595,C01,,,
32820000595,C02,,,
32820000596,C01,,,
32820000596,C02,,,
32820000608,C01,,,
32820000608,C02,,,
32820000609,C01,,,
32820000609,C02,,,
32820000616,C03,,,
32820000618,C01,,,
32820000618,C02,,,
32820000620,C01,,,
32820000620,C02,,,
32820000620,C03,,,
32820000621,C01,,,
32820000621,C02,,,
32820000635,C03,,,
32820000640,C01,,,
32820000643,C06,,,
32820000644,C01,,,
32820000644,C02,,,
32820000646,C01,,,
32820000646,C02,,,
32820000653,C01,,,
32820000653,C02,,,
32820000655,C01,,,
32820000655,C02,,,
32820000656,C01,,,
32820000656,C02,,,
32820000657,C01,,,
32820000657,C02,,,
32820000659,C01,,,
32820000670,C01,,,
32820000671,C01,,,
32820000671,C02,,,
32820000675,C01,,,
32820000675,C02,,,
32820000675,C05,,,
32823700048,C01,,,
32823700048,C02,,,
32823700048,C05,,,
32823700178,C01,,,
32823700224,C01,,,
32823700224,C02,,,
32823700232,C01,,,
32823700232,C02,,,
32823700240,C01,,,
32823700255,C01,,,
32823700255,C02,,,
32823700260,C01,,,
32823700260,C02,,,
32823700270,C01,,,
32823700270,C02,,,
32823700285,C04,,,
32823700327,C01,,,
32823700327,C02,,,
32823700328,C01,,,
32823700328,C02,,,
32823700364,C01,,,
32823700364,C02,,,
32823700374,C06,,,
32823700375,C06,,,
32823700382,C01,,,
32823700382,C02,,,
32823700384,C01,,,
32823700384,C02,,,
32823700384,C05,,,
32823700385,C01,,,
32823700385,C02,,,
32823700390,C01,,,
32823700390,C02,,,
32823700397,C01,,,
32823700397,C02,,,
32823700399,C01,,,
32823700399,C02,,,
32823700401,C01,,,
32823700401,C02,,,
32823700401,C05,,,
32823700420,C01,,,
32823700421,C01,,,
32823700435,C01,,,
32823700435,C02,,,
32823700435,C06,,,
32823700439,C01,,,
32823700439,C02,,,
32823700441,C01,,,
32823700441,C02,,,
32823700442,C01,,,
32823700442,C02,,,
32823700443,C01,,,
32823700443,C02,,,
32823700450,C01,,,
32823700450,C02,,,
32823700453,C01,,,
32823700453,C02,,,
32823700462,C01,,,
32823700462,C02,,,
32823700463,C01,,,
32823700463,C02,,,
32823700464,C01,,,
32823700464,C02,,,
32823700466,C01,,,
32823700466,C02,,,
32823700470,C01,,,
32823700470,C02,,,
32823700487,C01,,,
32823700487,C02,,,
32823700487,C05,,,
32823700488,C01,,,
32823700488,C02,,,
32823700496,C03,,,
32823700500,C01,,,
32823700500,C02,,,
32823700503,C01,,,
32823700503,C02,,,
32823700504,C03,,,
32823700508,C01,,,
32823700510,C01,,,
32823700510,C02,,,
32823700510,C05,,,
32823700511,C01,,,
32823700511,C02,,,
32823700513,C01,,,
32823700513,C02,,,
32823700514,C01,,,
32823700514,C02,,,
32823700521,C01,,,
32823700521,C02,,,
32823700522,C01,,,
32823700522,C02,,,
32823700523,C01,,,
32823700523,C02,,,
32823700524,C01,,,
32823700527,C01,,,
32823700527,C02,,,
32823700528,C01,,,
32823700528,C02,,,
32823700529,C01,,,
32823700529,C02,,,
32823700537,C01,,,
32823700537,C02,,,
32823700538,C03,,,
32823700539,C01,,,
32823700539,C02,,,
32823700544,C01,,,
32823700544,C03,,,
32823700553,C01,,,
32823700553,C02,,,
32823700553,C05,,,
32823700561,C01,,,
32823700561,C02,,,
32823700562,C01,,,
32823700562,C02,,,
32823700562,C03,,,
32823700563,C01,,,
32823700563,C02,,,
32823700564,C01,,,
32823700564,C02,,,
32823700573,C01,,,
32823700573,C02,,,
32823700579,C01,,,
32823700579,C02,,,
32823700582,C01,,,
32823700583,C03,,,
32823700584,C03,,,
32823700586,C01,,,
32823700586,C02,,,
32823700587,C01,,,
32823700587,C02,,,
32823700591,C01,,,
32823700591,C02,,,
32823700594,C01,,,
32823700594,C02,,,
32823700602,C01,,,
32823700602,C02,,,
32823700606,C01,,,
32823700606,C02,,,
32823700608,C01,,,
32823700608,C02,,,
32823700611,C01,,,
32823700611,C02,,,
32823700616,C01,,,
32824500138,C01,,,
32824500138,C02,,,
32824500138,C05,,,
32824500144,C06,,,
32824500148,C01,,,
32824500148,C02,,,
32824500151,C01,,,
32824500151,C02,,,
32824500152,C01,,,
32824500152,C02,,,
32824500162,C01,,,
32824500162,C02,,,
32824500163,C01,,,
32824500163,C02,,,
32824500168,C01,,,
32824500168,C02,,,
32824500172,C01,,,
32824500184,C01,,,
32824500184,C02,,,
32824500187,C01,,,
32824500187,C02,,,
32824500196,C01,,,
32824500198,C01,,,
32824500198,C02,,,
32824500207,C01,,,
32824500207,C02,,,
32824500210,C01,,,
32824500215,C03,,,
32824500228,C01,,,
32824500228,C02,,,
32824500228,C05,,,
32824500229,C01,,,
32824500229,C02,,,
32824500237,C01,,,
32824500237,C02,,,
32824500237,C05,,,
32824500243,C03,,,
32824500252,C06,,,
32824500254,C01,,,
32824500254,C02,,,
32824500258,C01,,,
32824500258,C02,,,
32824500260,C01,,,
32824500260,C02,,,
32824500275,C01,,,
32824500284,C01,,,
32824500284,C02,,,
32824500287,C03,,,
32824500293,C01,,,
32824500293,C02,,,
32824500304,C01,,,
32824500304,C02,,,
32824500313,C01,,,
32824500313,C02,,,
32824500315,C01,,,
32824500315,C02,,,
32824500321,C01,,,
32824500321,C02,,,
32824500321,C06,,,
32824500323,C03,,,
32824500326,C01,,,
32824500326,C02,,,
32824500328,C01,,,
32824500328,C02,,,
32824500329,C01,,,
32824500330,C01,,,
32824500336,C01,,,
32824500348,C03,,,
32824500351,C01,,,
32824500351,C02,,,
32824500352,C01,,,
32824500352,C02,,,
32824500356,C01,,,
32824500356,C02,,,
32824500357,C01,,,
32824500357,C02,,,
32824500358,C03,,,
32824500361,C01,,,
32824500361,C02,,,
32824500370,C01,,,
32824500375,C01,,,
32824500375,C02,,,
32824500381,C01,,,
32824500381,C02,,,
32824500382,C01,,,
32824500382,C02,,,
32824500384,C01,,,
32824500392,C01,,,
32824500392,C02,,,
32824500395,C01,,,
32824500395,C02,,,
32824500396,C01,,,
32824500396,C02,,,
32824500397,C01,,,
32824500397,C02,,,
32824500400,C01,,,
32824500400,C02,,,
32824500400,C03,,,
32826000027,C01,,,
32826000027,C02,,,
32826000027,C03,,,
32826000080,C03,,,
32826000082,C03,,,
32826000086,C01,,,
32826000086,C02,,,
32826000143,C01,,,
32826000143,C02,,,
32826000151,C01,,,
32826000165,C01,,,
32826000165,C02,,,
32826000165,C05,,,
32826000177,C01,,,
32826000177,C02,,,
32826000184,C06,,,
32826000194,C01,,,
32826000194,C02,,,
32826000210,C01,,,
32826000210,C02,,,
32826000210,C05,,,
32826000215,C01,,,
32826000215,C02,,,
32826000226,C01,,,
32826000226,C02,,,
32826000230,C01,,,
32826000230,C02,,,
32826000245,C01,,,
32826000245,C02,,,
32826000256,C01,,,
32826000256,C02,,,
32826000271,C01,,,
32826000271,C02,,,
32826000301,C01,,,
32826000304,C01,,,
32826000304,C02,,,
32826000325,C01,,,
32826000325,C02,,,
32826000326,C01,,,
32826000326,C02,,,
32826000331,C01,,,
32826000337,C01,,,
32826000337,C02,,,
32826000337,C03,,,
32826000340,C01,,,
32826000340,C02,,,
32826000345,C01,,,
32826000345,C02,,,
32826000348,C01,,,
32826000348,C02,,,
32826000361,C01,,,
32826000361,C02,,,
32826000369,C01,,,
32826000369,C02,,,
32826000375,C03,,,
32826000381,C01,,,
32826000381,C02,,,
32826000382,C01,,,
32826000382,C02,,,
32826000384,C01,,,
32826000384,C02,,,
32826000387,C01,,,
32826000387,C02,,,
32826000389,C01,,,
32826000389,C02,,,
32826000404,C05,,,
32826000406,C01,,,
32826000406,C02,,,
32826000413,C01,,,
32826000413,C02,,,
32826000418,C01,,,
32826000433,C01,,,
32826000433,C02,,,
32826000438,C01,,,
32826000438,C02,,,
32826000443,C01,,,
32826000444,C01,,,
32826000444,C02,,,
32826000445,C01,,,
32826000447,C01,,,
32826000447,C02,,,
32826000453,C01,,,
32826000453,C02,,,
32826000455,C01,,,
32826000455,C02,,,
32826000459,C01,,,
32826000459,C02,,,
32826000462,C01,,,
32826000466,C01,,,
32826000466,C02,,,
32826000470,C01,,,
32826000470,C02,,,
32826000472,C01,,,
32826000472,C02,,,
32826000481,C01,,,
32826000481,C03,,,
32871000075,C01,,,
32871000083,C01,,,
32871000083,C02,,,
32871000090,C01,,,
32871000090,C02,,,
32871000091,C01,,,
32871000091,C02,,,
32871000125,C01,,,
32871000125,C02,,,
32871000125,C05,,,
32871000125,C06,,,
32871000133,C01,,,
32871000133,C02,,,
32871000133,C03,,,
32871000137,C01,,,
32871000137,C02,,,
32871000139,C03,,,
32871000140,C01,,,
32871000140,C02,,,
32871000141,C01,,,
32871000141,C02,,,
32871000147,C03,,,
32911000089,C01,,,
32911000089,C02,,,
32911000090,C01,,,
32911000090,C02,,,
32911000097,C01,,,
32911000097,C03,,,
32911000099,C01,,,
32911000099,C03,,,
32911000255,C01,,,
32911000266,C01,,,
32911000273,C01,,,
32911000273,C02,,,
32911000274,C01,,,
32911000275,C06,,,
32911000279,C01,,,
32911000292,C01,,,
32911000292,C02,,,
32911000301,C01,,,
32911000301,C02,,,
32911000324,C01,,,
32911000324,C02,,,
32914000059,C01,,,
32914000059,C03,,,
32914000240,C01,,,
32914000240,C02,,,
32914000242,C01,,,
32914000242,C02,,,
32914000248,C06,,,
32914000249,C01,,,
32914000249,C02,,,
32914000271,C01,,,
32914000272,C01,,,
32914000279,C01,,,
32914000279,C02,,,
32914000285,C01,,,
32914000289,C01,,,
32914000289,C02,,,
32914000289,C05,,,
32914000300,C01,,,
32914000311,C01,,,
32914000311,C02,,,
32914000313,C01,,,
32914000313,C02,,,
32914000314,C01,,,
32914000329,C01,,,
32914000329,C02,,,
32914000330,C01,,,
32914000332,C01,,,
32914000334,C01,,,
32914000334,C02,,,
32914000335,C01,,,
32914000339,C01,,,
32914000351,C01,,,
32914000351,C02,,,
32914000352,C01,,,
32914000352,C02,,,
32914000353,C01,,,
32914000355,C01,,,
32914000355,C02,,,
32914000356,C01,,,
32914000356,C02,,,
32914000363,C01,,,
32914000363,C02,,,
32914000367,C01,,,
32914000372,C06,,,
32914000373,C03,,,
32914000378,C01,,,
32914000379,C01,,,
32914000379,C02,,,
32914000380,C01,,,
32914000380,C02,,,
32914000384,C01,,,
32914000385,C01,,,
32914000386,C01,,,
32914000392,C03,,,
32914000395,C01,,,
32914000395,C03,,,
32914000398,C01,,,
32914000399,C01,,,
32914000399,C03,,,
32914000401,C01,,,
32914000401,C03,,,
32914000403,C01,,,
32914000408,C01,,,
32914000408,C02,,,
32914000412,C01,,,
32914000412,C02,,,
32914000414,C01,,,
32914000415,C06,,,
32914000420,C01,,,
32914000420,C02,,,
32914000421,C01,,,
32914000433,C01,,,
32914000433,C02,,,
32914000440,C01,,,
32914000440,C02,,,
32914000446,C01,,,
32914000446,C02,,,
32914000453,C01,,,
32914000453,C05,,,
32915500145,C01,,,
32915500206,C01,,,
32915500206,C02,,,
32915500208,C01,,,
32915500214,C01,,,
32915500234,C01,,,
32915500238,C01,,,
32915500240,C01,,,
32915500245,C01,,,
32915500245,C02,,,
32915500257,C03,,,
32915500269,C01,,,
32915500269,C03,,,
32915500277,C01,,,
32915500279,C01,,,
32915500279,C02,,,
32915500284,C01,,,
32915500285,C01,,,
32915500285,C02,,,
32915500287,C01,,,
32915500287,C02,,,
32915500289,C01,,,
32915500289,C02,,,
32915500289,C05,,,
32915500295,C01,,,
32915500295,C02,,,
32915500296,C01,,,
32915500297,C01,,,
32915500297,C02,,,
32915500309,C01,,,
32917000003,C03,,,
32917000098,C03,,,
32917000171,C03,,,
32917000193,C03,,,
32917000215,C01,,,
32917000215,C02,,,
32917000216,C01,,,
32917000216,C02,,,
32917000229,C05,,,
32917000276,C01,,,
32917000308,C01,,,
32917000308,C02,,,
32917000330,C03,,,
32917000331,C01,,,
32917000331,C02,,,
32917000331,C05,,,
32917000340,C01,,,
32917000351,C01,,,
32917000351,C02,,,
32917000354,C01,,,
32917000372,C01,,,
32917000372,C02,,,
32917000373,C01,,,
32917000373,C02,,,
32917000383,C01,,,
32917000390,C01,,,
32917000392,C01,,,
32917000392,C03,,,
32917000403,C01,,,
32917000403,C02,,,
32917000409,C01,,,
32917000427,C01,,,
32917000427,C03,,,
32917000437,C01,,,
32917000437,C02,,,
32917000446,C01,,,
32917000446,C02,,,
32917000448,C01,,,
32917000448,C02,,,
32917000448,C05,,,
32917000460,C01,,,
32917000461,C01,,,
32917000461,C05,,,
32917000465,C01,,,
32917000472,C01,,,
32917000472,C02,,,
32917000473,C01,,,
32917000473,C02,,,
32917000475,C01,,,
32917000475,C02,,,
32917000479,C01,,,
32917000479,C02,,,
32917000492,C03,,,
32917000494,C01,,,
32917000494,C02,,,
32917000496,C01,,,
32917000496,C02,,,
32917000496,C03,,,
32917000498,C01,,,
32917000500,C01,,,
32917000500,C02,,,
32917000506,C01,,,
32917000506,C02,,,
32917000507,C01,,,
32917000508,C01,,,
32917000508,C02,,,
32917000510,C01,,,
32917000510,C02,,,
32917000511,C01,,,
32917000511,C02,,,
32917000515,C01,,,
32917000520,C03,,,
32917000521,C01,,,
32917000521,C02,,,
32917000522,C01,,,
32917000522,C03,,,
32917000524,C03,,,
32917000527,C01,,,
32917000528,C01,,,
32917000528,C02,,,
32917000532,C01,,,
32917000532,C02,,,
32917000533,C01,,,
32917000533,C02,,,
32917000540,C01,,,
32917000540,C02,,,
32917000541,C01,,,
32917000541,C02,,,
32917000547,C05,,,
32917000548,C01,,,
32917000548,C02,,,
32917000551,C01,,,
32917000551,C03,,,
32917000553,C01,,,
32917000559,C06,,,
32917000566,C01,,,
32917000567,C03,,,
32917000570,C01,,,
32917000570,C02,,,
32917000575,C01,,,
32917000575,C02,,,
32917000575,C05,,,
32917000576,C01,,,
32917000577,C01,,,
32917000577,C02,,,
32917000578,C01,,,
32917000579,C01,,,
32917000579,C02,,,
32917000580,C01,,,
32917000580,C02,,,
32917000581,C01,,,
32917000581,C02,,,
32917000581,C05,,,
32917000591,C01,,,
32917000591,C02,,,
32917000592,C01,,,
32917000592,C02,,,
32917000593,C01,,,
32917000593,C02,,,
32917000594,C03,,,
32917000596,C01,,,
32917000597,C01,,,
32917000597,C02,,,
32917000598,C01,,,
32917000603,C01,,,
32917000603,C02,,,
32917000606,C01,,,
32917000606,C02,,,
32917000607,C01,,,
32917000607,C02,,,
32917000608,C01,,,
32917000608,C03,,,
32917000609,C01,,,
32917000622,C01,,,
32917000622,C02,,,
32917000626,C01,,,
32917000626,C02,,,
32920000030,C01,,,
32920000045,C01,,,
32920000045,C02,,,
32920000088,C06,,,
32920000124,C01,,,
32920000124,C02,,,
32920000131,C01,,,
32920000131,C02,,,
32920000138,C01,,,
32920000138,C02,,,
32920000147,C01,,,
32920000147,C02,,,
32920000171,C06,,,
32920000181,C01,,,
32920000195,C01,,,
32920000195,C03,,,
32920000196,C01,,,
32920000196,C02,,,
32920000203,C01,,,
32920000210,C01,,,
32920000210,C02,,,
32920000215,C03,,,
32920000216,C01,,,
32920000228,C01,,,
32920000228,C02,,,
32920000228,C03,,,
32920000234,C01,,,
32920000234,C02,,,
32920000242,C01,,,
32920000246,C01,,,
32920000247,C01,,,
32920000252,C01,,,
32920000252,C02,,,
32920000254,C01,,,
32920000254,C02,,,
32920000254,C03,,,
32920000268,C01,,,
32920000269,C06,,,
32920000296,C01,,,
32920000297,C01,,,
32920000301,C03,,,
32920000303,C01,,,
32920000303,C02,,,
32920000307,C01,,,
32920000308,C01,,,
32920000308,C02,,,
32920000310,C01,,,
32920000337,C01,,,
32920000337,C02,,,
32920000338,C01,,,
32920000338,C02,,,
32920000340,C01,,,
32920000340,C02,,,
32920000340,C06,,,
32920000341,C05,,,
32920000346,C01,,,
32920000346,C02,,,
32920000351,C01,,,
32920000351,C02,,,
32920000351,C05,,,
32920000356,C01,,,
32920000356,C02,,,
32920000358,C01,,,
32920000358,C02,,,
32920000360,C03,,,
32920000363,C01,,,
32920000363,C03,,,
32920000365,C01,,,
32920000365,C02,,,
32920000368,C01,,,
32920000368,C02,,,
32920000369,C01,,,
32920000369,C02,,,
32920000371,C01,,,
32920000371,C02,,,
32920000375,C01,,,
32920000375,C02,,,
32920000379,C01,,,
32920000379,C02,,,
33011000175,C01,,,
33011000175,C02,,,
33011000203,C01,,,
33011000203,C02,,,
33011000208,C01,,,
33011000208,C02,,,
33011000214,C01,,,
33011000214,C02,,,
33011000220,C01,,,
33011000220,C02,,,
33011000226,C03,,,
33011000227,C01,,,
33011000227,C02,,,
33011000229,C01,,,
33011000229,C02,,,
33011000246,C01,,,
33011000246,C02,,,
33011000248,C01,,,
33011000248,C02,,,
33011000248,C05,,,
33011000251,C01,,,
33011000251,C02,,,
33011000251,C03,,,
33011000254,C01,,,
33011000254,C02,,,
33011000258,C01,,,
33011000258,C03,,,
33011000273,C05,,,
33011000280,C01,,,
33011000280,C05,,,
33011000282,C01,,,
33011000282,C02,,,
33011000285,C01,,,
33011000285,C03,,,
33011000286,C01,,,
33011000286,C02,,,
33011000288,C01,,,
33011000288,C02,,,
33011000290,C01,,,
33011000290,C02,,,
33011000292,C01,,,
33011000293,C01,,,
33011000293,C02,,,
33011000300,C01,,,
33011000302,C01,,,
33011000302,C03,,,
33011000303,C01,,,
33011000303,C02,,,
33011000304,C01,,,
33011000304,C03,,,
33011000314,C01,,,
33011000314,C02,,,
33011000320,C01,,,
33011000320,C02,,,
33011000323,C01,,,
33011000323,C02,,,
33011000324,C01,,,
33011000324,C02,,,
33011000324,C03,,,
33011000325,C01,,,
33011000325,C05,,,
33011000326,C01,,,
33011000328,C01,,,
33011000328,C06,,,
33011000331,C01,,,
33011000331,C02,,,
33011000332,C01,,,
33011000332,C02,,,
33011000338,C01,,,
33011000338,C02,,,
33011000341,C01,,,
33011000345,C01,,,
33011000345,C03,,,
33014000098,C01,,,
33014000098,C02,,,
33014000108,C01,,,
33014000108,C02,,,
33014000117,C01,,,
33014000117,C02,,,
33014000124,C01,,,
33014000124,C02,,,
33014000124,C03,,,
33014000124,C05,,,
33014000136,C01,,,
33014000136,C02,,,
33014000142,C01,,,
33014000142,C02,,,
33014000180,C01,,,
33014000185,C01,,,
33014000185,C02,,,
33014000225,C01,,,
33014000225,C02,,,
33014000226,C01,,,
33014000226,C02,,,
33014000227,C01,,,
33014000227,C02,,,
33014000235,C01,,,
33014000235,C02,,,
33014000247,C03,,,
33014000266,C01,,,
33014000266,C02,,,
33014000268,C01,,,
33014000268,C02,,,
33014000272,C01,,,
33014000272,C02,,,
33014000280,C01,,,
33014000280,C02,,,
33014000281,C01,,,
33014000281,C02,,,
33014000291,C03,,,
33014000310,C01,,,
33014000310,C02,,,
33014000315,C01,,,
33014000315,C02,,,
33014000324,C01,,,
33014000324,C02,,,
33014000324,C03,,,
33014000325,C03,,,
33014000327,C03,,,
33014000328,C01,,,
33014000328,C02,,,
33014000348,C01,,,
33014000348,C02,,,
33014000349,C01,,,
33014000349,C02,,,
33014000351,C06,,,
33014000355,C03,,,
33014000356,C03,,,
33014000359,C01,,,
33014000359,C02,,,
33014000365,C01,,,
33014000365,C02,,,
33014000375,C01,,,
33014000375,C02,,,
33014000380,C01,,,
33014000380,C02,,,
33014000381,C03,,,
33014000382,C01,,,
33014000382,C02,,,
33014000388,C01,,,
33014000388,C02,,,
33014000390,C01,,,
33014000390,C02,,,
33014000392,C03,,,
33014000395,C01,,,
33014000395,C02,,,
33014000399,C01,,,
33014000399,C02,,,
33014000399,C05,,,
33014000405,C01,,,
33014000405,C02,,,
33014000415,C01,,,
33014000415,C02,,,
33014000416,C03,,,
33014000417,C03,,,
33014000422,C01,,,
33014000422,C02,,,
33014000425,C01,,,
33014000425,C02,,,
33014000430,C01,,,
33014000430,C02,,,
33014000431,C01,,,
33014000431,C02,,,
33014000434,C01,,,
33014000434,C02,,,
33014000435,C01,,,
33014000435,C02,,,
33014000435,C05,,,
33014000441,C01,,,
33014000441,C02,,,
33014000446,C01,,,
33014000446,C02,,,
33014000447,C01,,,
33014000447,C02,,,
33014000449,C03,,,
33014000451,C01,,,
33014000451,C05,,,
33014000453,C01,,,
33014000453,C02,,,
33014000455,C01,,,
33014000455,C02,,,
33014000459,C01,,,
33014000459,C02,,,
33014000462,C01,,,
33014000462,C02,,,
33014000463,C01,,,
33014000463,C02,,,
33014000465,C01,,,
33014000465,C02,,,
33014000466,C01,,,
33014000466,C02,,,
33014000469,C01,,,
33014000469,C02,,,
33014000470,C01,,,
33014000472,C01,,,
33014000472,C02,,,
33014000476,C01,,,
33014000476,C02,,,
33014000477,C01,,,
33014000477,C02,,,
33014000477,C05,,,
33014000480,C01,,,
33014000480,C02,,,
33014000481,C01,,,
33014000481,C02,,,
33014000481,C05,,,
33014000487,C01,,,
33014000487,C02,,,
33014000494,C01,,,
33014000494,C03,,,
33014000497,C01,,,
33014000497,C02,,,
33014000497,C05,,,
33014000502,C01,,,
33014000502,C02,,,
33014000504,C01,,,
33014000504,C02,,,
33017000036,C03,,,
33017000107,C03,,,
33017000140,C03,,,
33017000189,C01,,,
33017000189,C02,,,
33017000194,C01,,,
33017000194,C02,,,
33017000207,C06,,,
33017000210,C01,,,
33017000210,C02,,,
33017000210,C03,,,
33017000217,C01,,,
33017000217,C02,,,
33017000244,C06,,,
33017000247,C01,,,
33017000247,C02,,,
33017000262,C01,,,
33017000262,C02,,,
33017000273,C01,,,
33017000273,C02,,,
33017000274,C01,,,
33017000274,C02,,,
33017000279,C01,,,
33017000279,C02,,,
33017000286,C01,,,
33017000286,C02,,,
33017000297,C01,,,
33017000297,C02,,,
33017000328,C03,,,
33017000332,C01,,,
33017000332,C02,,,
33017000333,C01,,,
33017000333,C02,,,
33017000344,C01,,,
33017000344,C02,,,
33017000348,C01,,,
33017000348,C02,,,
33017000352,C01,,,
33017000352,C02,,,
33017000356,C01,,,
33017000356,C02,,,
33017000358,C01,,,
33017000358,C02,,,
33017000365,C01,,,
33017000365,C02,,,
33017000367,C01,,,
33017000367,C02,,,
33017000368,C01,,,
33017000368,C02,,,
33017000377,C01,,,
33017000377,C02,,,
33017000384,C01,,,
33017000384,C02,,,
33017000390,C01,,,
33017000390,C03,,,
33017000393,C01,,,
33017000393,C02,,,
33017000401,C01,,,
33017000401,C02,,,
33017000402,C01,,,
33017000404,C01,,,
33017000404,C02,,,
33017000405,C06,,,
33017000411,C01,,,
33017000411,C02,,,
33017000411,C03,,,
33017000413,C01,,,
33017000413,C02,,,
33017000421,C01,,,
33017000421,C02,,,
33017000421,C05,,,
33017000422,C01,,,
33017000422,C02,,,
33017000423,C01,,,
33017000423,C02,,,
33017000425,C01,,,
33017000425,C02,,,
33017000428,C01,,,
33017000428,C02,,,
33017000441,C01,,,
33017000441,C02,,,
33017000442,C01,,,
33017000449,C01,,,
33017000449,C02,,,
33017000450,C01,,,
33017000450,C02,,,
33017000453,C01,,,
33017000453,C02,,,
33017000454,C01,,,
33017000454,C02,,,
33017000454,C06,,,
33017000457,C01,,,
33017000457,C02,,,
33017000460,C01,,,
33017000460,C02,,,
33017000461,C01,,,
33017000461,C02,,,
33017000462,C01,,,
33017000463,C01,,,
33017000473,C01,,,
33017000473,C02,,,
33017000481,C01,,,
33017000481,C02,,,
33017000481,C05,,,
33017000485,C03,,,
33017000488,C01,,,
33020000007,C01,,,
33020000007,C02,,,
33020000007,C03,,,
33020000009,C01,,,
33020000009,C02,,,
33020000009,C05,,,
33020000021,C03,,,
33020000037,C01,,,
33020000037,C02,,,
33020000037,C03,,,
33020000099,C01,,,
33020000099,C02,,,
33020000099,C03,,,
33020000104,C01,,,
33020000104,C02,,,
33020000110,C01,,,
33020000110,C02,,,
33020000114,C01,,,
33020000114,C02,,,
33020000116,C01,,,
33020000116,C02,,,
33020000137,C01,,,
33020000137,C02,,,
33020000141,C01,,,
33020000141,C02,,,
33020000141,C06,,,
33020000156,C01,,,
33020000156,C02,,,
33020000301,C03,,,
33020000305,C01,,,
33020000305,C02,,,
33020000305,C03,,,
33020000310,C01,,,
33020000310,C02,,,
33020000314,C01,,,
33020000314,C02,,,
33020000319,C01,,,
33020000319,C02,,,
33020000329,C01,,,
33020000329,C02,,,
33020000339,C01,,,
33020000339,C02,,,
33020000341,C01,,,
33020000357,C01,,,
33020000364,C01,,,
33020000364,C02,,,
33020000364,C05,,,
33020000370,C01,,,
33020000370,C02,,,
33020000374,C01,,,
33020000374,C02,,,
33020000375,C01,,,
33020000375,C02,,,
33020000376,C01,,,
33020000376,C02,,,
33020000384,C01,,,
33023000091,C01,,,
33023000091,C02,,,
33023000092,C01,,,
33023000092,C02,,,
33023000096,C01,,,
33023000096,C02,,,
33023000137,C01,,,
33023000137,C02,,,
33023000145,C01,,,
33023000145,C02,,,
33023000145,C05,,,
33023000164,C01,,,
33023000164,C02,,,
33023000171,C03,,,
33023000173,C01,,,
33023000173,C02,,,
33023000174,C01,,,
33023000174,C02,,,
33023000185,C01,,,
33023000185,C02,,,
33023000190,C01,,,
33023000190,C02,,,
33023000192,C01,,,
33023000192,C02,,,
33023000194,C01,,,
33023000194,C02,,,
33023000195,C01,,,
33023000195,C02,,,
33023000196,C01,,,
33023000196,C02,,,
33023000198,C01,,,
33023000198,C02,,,
33023000199,C01,,,
33023000199,C02,,,
33023000199,C05,,,
33023000201,C01,,,
33023000201,C02,,,
33023000202,C01,,,
33023000202,C02,,,
33023000208,C01,,,
33023000208,C02,,,
33023000220,C01,,,
33023000220,C02,,,
33023000221,C03,,,
33111000048,C01,,,
33111000048,C02,,,
33111000048,C03,,,
33111000062,C06,,,
33111000063,C01,,,
33111000063,C02,,,
33111000064,C01,,,
33111000064,C02,,,
33111000075,C01,,,
33111000075,C02,,,
33111000076,C01,,,
33111000076,C02,,,
33111000076,C03,,,
33111000078,C01,,,
33111000081,C01,,,
33111000081,C02,,,
33111000081,C05,,,
33111000083,C01,,,
33111000083,C03,,,
33111000083,C05,,,
33111000089,C01,,,
33111000089,C02,,,
33111000089,C03,,,
33111000094,C01,,,
33111000094,C03,,,
33111000094,I31,,,
33111000100,C01,,,
33111000100,C03,,,
33111000104,C01,,,
33111000106,C01,,,
33111000106,C03,,,
33111000109,C01,,,
33111000109,C02,,,
33111000109,C03,,,
33111000110,C01,,,
33111000110,C03,,,
33111000111,C01,,,
33111000111,C02,,,
33111000112,C01,,,
33111000112,C02,,,
33111000115,C01,,,
33111000117,C01,,,
33111000117,C03,,,
33111000118,C01,,,
33111000118,C02,,,
33111000121,C01,,,
33111000122,C01,,,
33111000122,C02,,,
33111000128,C01,,,
33111000128,C02,,,
33111000133,C01,,,
33111000134,C01,,,
33111000134,C02,,,
33111000134,C03,,,
33111000137,C01,,,
33111000137,C03,,,
33111000138,C01,,,
33111000138,C02,,,
33111000138,C06,,,
33111000140,C01,,,
33111000140,C02,,,
33111000141,C01,,,
33111000141,C02,,,
33114000091,C01,,,
33114000091,C02,,,
33114000091,C05,,,
33114000095,C01,,,
33114000095,C02,,,
33114000095,C03,,,
33114000116,C01,,,
33114000116,C02,,,
33114000120,C01,,,
33114000120,C02,,,
33114000129,C01,,,
33114000129,C02,,,
33114000137,C06,,,
33114000138,C03,,,
33114000139,C01,,,
33114000148,C01,,,
33114000148,C02,,,
33114000148,C03,,,
33114000149,C01,,,
33114000149,C02,,,
33114000151,C03,,,
33114000154,C01,,,
33114000156,C01,,,
33114000157,C01,,,
33114000160,C01,,,
33114000160,C02,,,
33114000166,C01,,,
33114000170,C01,,,
33114000172,C01,,,
33114000174,C01,,,
33114000174,C03,,,
33114000175,C01,,,
33114000175,C02,,,
33114000175,C03,,,
33114000178,C01,,,
33114000178,C03,,,
33114000179,C01,,,
33114000179,C02,,,
33114000180,C01,,,
33114000180,C03,,,
33114000185,C01,,,
33114000187,C01,,,
33114000191,C01,,,
33114000191,C02,,,
33114000192,C01,,,
33114000192,C03,,,
33114000195,C01,,,
33114000195,C02,,,
33114000195,C03,,,
33114000199,C01,,,
33114000199,C02,,,
33117000013,C03,,,
33117000040,C01,,,
33117000040,C02,,,
33117000047,C01,,,
33117000047,C02,,,
33117000056,C01,,,
33117000056,C02,,,
33117000057,C01,,,
33117000058,C03,,,
33117000060,C01,,,
33117000060,C03,,,
33117000061,C01,,,
33117000061,C02,,,
33117000062,C01,,,
33117000062,C05,,,
33117000063,C01,,,
33120000029,C01,,,
33120000029,C02,,,
33120000037,C01,,,
33120000037,C02,,,
33120000057,C01,,,
33120000057,C02,,,
33120000058,C01,,,
33120000058,C03,,,
33120000060,C01,,,
33120000060,C02,,,
33120000065,C01,,,
33120000065,C02,,,
33120000067,C01,,,
33120000067,C02,,,
33120000068,C01,,,
33120000068,C02,,,
33120000069,C01,,,
33120000070,C03,,,
33120000087,C01,,,
33120000087,C02,,,
33120000088,C01,,,
33120000088,C02,,,
33120000089,C01,,,
33120000089,C02,,,
33171000091,C01,,,
33171000091,C02,,,
33171000100,C06,,,
33171000112,C01,,,
33171000122,C03,,,
33171000123,C06,,,
33171000130,C01,,,
33171000130,C02,,,
33171000132,C01,,,
33171000132,C02,,,
33171000132,C05,,,
33171000133,C01,,,
33171000133,C03,,,
33171000135,C01,,,
33171000135,C02,,,
33171000137,C01,,,
33171000137,C02,,,
33171000138,C01,,,
33171000141,C01,,,
33171000144,C01,,,
33171000144,C02,,,
33171000144,C03,,,
33171000150,C01,,,
33171000150,C02,,,
33171000150,C06,,,
33171000151,C01,,,
33171000151,C02,,,
33171000152,C01,,,
33171000152,C03,,,
33171000157,C01,,,
33171000157,C02,,,
33171000157,C03,,,
33171000158,C01,,,
33171000158,C02,,,
33171000159,C01,,,
33171000161,C01,,,
33171000161,C03,,,
33171000166,C01,,,
33171000174,C01,,,
33171000174,C03,,,
33171000180,C01,,,
33171000180,C03,,,
33171000181,C01,,,
33171000187,C01,,,
33171000190,C03,,,
33611000060,C01,,,
33611000068,C01,,,
33611000068,C02,,,
33611000068,C03,,,
33611000071,C01,,,
33611000071,C02,,,
33611000072,C01,,,
33611000072,C02,,,
33611000075,C01,,,
33611000076,C01,,,
33611000078,C01,,,
33611000082,C03,,,
33611000083,C01,,,
33611000084,C01,,,
33611000084,C02,,,
33611000085,C03,,,
33611000089,C01,,,
33611000089,C03,,,
33611000089,C05,,,
33611000089,C06,,,
33611000091,C01,,,
33611000091,C02,,,
33611000091,C05,,,
33611000092,C01,,,
33611000092,C02,,,
33611000092,C05,,,
33611000093,C01,,,
33611000093,C02,,,
33611000102,C06,,,
33611000108,C01,,,
33611000110,C01,,,
33611000116,C01,,,
33611000116,C02,,,
33611000118,C03,,,
33611000120,C01,,,
33611000120,C03,,,
33611000120,C05,,,
34111000135,C03,,,
34111000254,C01,,,
34111000255,C01,,,
34111000255,C02,,,
34111000269,C01,,,
34111000269,C02,,,
34111000277,C01,,,
34111000277,C02,,,
34111000290,C06,,,
34111000301,C01,,,
34111000301,C02,,,
34111000305,C01,,,
34111000305,C02,,,
34111000326,C01,,,
34111000326,C02,,,
34111000327,C01,,,
34111000327,C02,,,
34111000329,C01,,,
34111000329,C02,,,
34111000329,C05,,,
34111000346,C01,,,
34111000346,C02,,,
34111000351,C01,,,
34111000351,C02,,,
34111000367,C01,,,
34111000367,C02,,,
34111000431,C01,,,
34111000431,C02,,,
34111000431,C03,,,
34111000440,C01,,,
34111000440,C02,,,
34111000443,C01,,,
34111000443,C02,,,
34111000446,C01,,,
34111000446,C02,,,
34111000447,C01,,,
34111000447,C02,,,
34111000449,C01,,,
34111000449,C02,,,
34111000453,C01,,,
34111000453,C02,,,
34111000453,C05,,,
34111000461,C01,,,
34111000461,C02,,,
34111000464,C01,,,
34111000464,C02,,,
34111000465,C01,,,
34111000465,C02,,,
34111000465,C05,,,
34111000469,C01,,,
34111000469,C02,,,
34111000473,C01,,,
34111000473,C02,,,
34111000474,C01,,,
34111000474,C02,,,
34111000476,C01,,,
34111000476,C02,,,
34111000478,C01,,,
34111000479,C01,,,
34111000479,C02,,,
34111000485,C01,,,
34111000485,C02,,,
34111000489,C03,,,
34111000494,C01,,,
34111000494,C02,,,
34111000497,C05,,,
34111000502,C01,,,
34111000502,C02,,,
34111000504,C01,,,
34111000504,C02,,,
34111000504,C03,,,
34111000516,C01,,,
34111000516,C02,,,
34111000516,C03,,,
34111000518,C01,,,
34111000518,C02,,,
34111000542,C01,,,
34111000542,C02,,,
34111000544,C01,,,
34111000544,C02,,,
34111000544,C06,,,
34111000546,C01,,,
34111000552,C01,,,
34111000552,C02,,,
34111000553,C03,,,
34111000556,C01,,,
34111000556,C02,,,
34111000562,C01,,,
34111000562,C02,,,
34111000563,C01,,,
34111000563,C02,,,
34111000564,C01,,,
34111000564,C02,,,
34111000566,C01,,,
34111000566,C02,,,
34111000574,C01,,,
34111000574,C02,,,
34111000583,C01,,,
34111000583,C02,,,
34111000584,C01,,,
34111000584,C02,,,
34111000585,C01,,,
34111000585,C02,,,
34111000589,C01,,,
34111000589,C02,,,
34111000602,C01,,,
34111000602,C02,,,
34111000603,C01,,,
34111000603,C02,,,
34111000603,C05,,,
34111000613,C01,,,
34111000613,C02,,,
34111000620,C01,,,
34111000620,C02,,,
34111000621,C01,,,
34111000621,C02,,,
34111000624,C03,,,
34111000627,C01,,,
34111000627,C02,,,
34111000630,C01,,,
34111000630,C02,,,
34111000630,C05,,,
34111000634,C01,,,
34111000634,C02,,,
34111000639,C01,,,
34111000639,C02,,,
34111000640,C01,,,
34111000640,C02,,,
34111000641,C03,,,
34111000642,C01,,,
34111000642,C02,,,
34111000644,C01,,,
34111000644,C02,,,
34111000644,C05,,,
34111000646,C01,,,
34111000646,C02,,,
34111000655,C01,,,
34111000655,C02,,,
34111000658,C01,,,
34111000658,C02,,,
34111000660,C01,,,
34111000660,C02,,,
34111000662,C01,,,
34111000662,C02,,,
34111000673,C01,,,
34111000673,C02,,,
34111000678,C03,,,
34111000684,C01,,,
34111000684,C02,,,
34111000684,C05,,,
34111000685,C01,,,
34111000685,C02,,,
34111000689,C01,,,
34111000689,C02,,,
34111000691,C01,,,
34111000691,C02,,,
34111000693,C01,,,
34111000693,C02,,,
34111000702,C01,,,
34111000702,C02,,,
34111000702,C06,,,
34111000703,C01,,,
34111000703,C05,,,
34111000714,C01,,,
34111000714,C02,,,
34111000714,C03,,,
34111000715,C01,,,
34111000715,C02,,,
34111000717,C01,,,
34111000717,C02,,,
34111000719,C01,,,
34111000719,C02,,,
34111000722,C01,,,
34111000722,C02,,,
34111000723,C01,,,
34111000723,C02,,,
34111000724,C01,,,
34111000724,C02,,,
34111000725,C01,,,
34111000725,C02,,,
34111000726,C01,,,
34111000730,C01,,,
34111000730,C03,,,
34111000732,C01,,,
34111000732,C02,,,
34111000738,C01,,,
34111000738,C02,,,
34111000738,C03,,,
34111000742,C01,,,
34111000742,C02,,,
34111000745,C01,,,
34111000745,C02,,,
34111000745,C05,,,
34111000746,C01,,,
34111000746,C02,,,
34111000747,C01,,,
34111000747,C02,,,
34111000748,C01,,,
34111000748,C02,,,
34111000752,C01,,,
34111000752,C02,,,
34111000753,C01,,,
34111000753,C02,,,
34113000093,C02,,,
34113000264,C01,,,
34113000264,C05,,,
34113000279,C01,,,
34113000279,C02,,,
34113000282,C01,,,
34113000282,C02,,,
34113000314,C01,,,
34113000314,C02,,,
34113000321,C01,,,
34113000321,C02,,,
34113000338,C03,,,
34113000339,C01,,,
34113000339,C02,,,
34113000362,C01,,,
34113000362,C02,,,
34113000365,C01,,,
34113000365,C02,,,
34113000380,C03,,,
34113000383,C01,,,
34113000383,C02,,,
34113000383,C03,,,
34113000390,C01,,,
34113000393,C03,,,
34113000398,C01,,,
34113000398,C02,,,
34113000400,C01,,,
34113000400,C02,,,
34113000410,C03,,,
34113000413,C01,,,
34113000413,C02,,,
34113000415,C06,,,
34113000416,C01,,,
34113000418,C01,,,
34113000418,C02,,,
34113000423,C01,,,
34113000423,C02,,,
34113000426,C01,,,
34113000426,C02,,,
34113000427,C01,,,
34113000427,C02,,,
34113000434,C01,,,
34113000435,C01,,,
34113000435,C02,,,
34113000436,C01,,,
34113000436,C02,,,
34113000437,C01,,,
34113000437,C02,,,
34113000443,C01,,,
34113000443,C05,,,
34113000446,C01,,,
34113000446,C02,,,
34113000451,C01,,,
34113000451,C02,,,
34113000456,C01,,,
34113000457,C01,,,
34113000457,C02,,,
34113000459,C03,,,
34113000463,C03,,,
34113000467,C01,,,
34113000467,C02,,,
34113000468,C01,,,
34113000471,C01,,,
34113000471,C02,,,
34113000477,C01,,,
34113000477,C02,,,
34113000477,C05,,,
34113000486,C01,,,
34113000486,C02,,,
34113000488,C01,,,
34113000488,C02,,,
34113000495,C01,,,
34113000495,C02,,,
34113000499,C01,,,
34113000499,C02,,,
34113000507,C01,,,
34113000507,C02,,,
34113000513,C01,,,
34113000513,C02,,,
34113000516,C03,,,
34113000522,C03,,,
34113000529,C01,,,
34113000529,C02,,,
34113000534,C01,,,
34113000534,C02,,,
34113000536,C01,,,
34113000536,C02,,,
34113000537,C03,,,
34113000539,C04,,,
34113000541,C01,,,
34113000541,C02,,,
34113000543,C01,,,
34113000543,C05,,,
34113000544,C03,,,
34113000545,C01,,,
34113000545,C02,,,
34113000546,C01,,,
34113000546,C02,,,
34113000546,C03,,,
34113000549,C01,,,
34113000549,C02,,,
34113000553,C01,,,
34113000553,C02,,,
34113000561,C01,,,
34113000561,C02,,,
34113000564,C05,,,
34113000570,C01,,,
34113000570,C02,,,
34113000575,C03,,,
34113000577,C03,,,
34113000579,C01,,,
34113000579,C02,,,
34113000580,C01,,,
34113000580,C02,,,
34113000581,C01,,,
34113000581,C02,,,
34113000583,C01,,,
34113000584,C01,,,
34113000584,C02,,,
34113000591,C01,,,
34113000592,C03,,,
34113000593,C01,,,
34113000594,C01,,,
34113000597,C03,,,
34113000598,C01,,,
34113000598,C02,,,
34113000600,C01,,,
34113000600,C02,,,
34113000602,C01,,,
34113000602,C02,,,
34113000603,C01,,,
34113000606,C01,,,
34113000606,C02,,,
34113000609,C01,,,
34113000611,C01,,,
34113000611,C02,,,
34113000612,C01,,,
34113000612,C02,,,
34113000615,C01,,,
34113000615,C02,,,
34113000619,C01,,,
34113000619,C02,,,
34113000621,C01,,,
34113000621,C02,,,
34113000623,C01,,,
34113000623,C02,,,
34113000624,C01,,,
34113000624,C02,,,
34113000628,C01,,,
34113000628,C02,,,
34113000637,C01,,,
34113000637,C02,,,
34113000637,C05,,,
34113000637,C06,,,
34113000638,C01,,,
34113000638,C02,,,
34115000136,C03,,,
34115000252,C01,,,
34115000252,C02,,,
34115000258,C01,,,
34115000258,C02,,,
34115000258,C03,,,
34115000299,C01,,,
34115000299,C02,,,
34115000299,C05,,,
34115000317,C06,,,
34115000365,C01,,,
34115000365,C02,,,
34115000410,C01,,,
34115000410,C02,,,
34115000427,C01,,,
34115000427,C02,,,
34115000434,C01,,,
34115000446,C01,,,
34115000446,C02,,,
34115000450,C01,,,
34115000450,C02,,,
34115000458,C01,,,
34115000458,C03,,,
34115000478,C01,,,
34115000478,C02,,,
34115000503,C01,,,
34115000503,C02,,,
34115000509,C01,,,
34115000522,C01,,,
34115000522,C02,,,
34115000522,C03,,,
34115000528,C04,,,
34115000531,C01,,,
34115000532,C01,,,
34115000532,C03,,,
34115000542,C03,,,
34115000544,C01,,,
34115000544,C02,,,
34115000545,C03,,,
34115000553,C06,,,
34115000561,C01,,,
34115000561,C02,,,
34115000561,C03,,,
34115000580,C01,,,
34115000580,C02,,,
34115000595,C01,,,
34115000595,C02,,,
34115000596,C03,,,
34115000600,C01,,,
34115000600,C02,,,
34115000600,C03,,,
34115000605,C01,,,
34115000605,C02,,,
34115000606,C01,,,
34115000606,C02,,,
34115000615,C01,,,
34115000615,C02,,,
34115000623,C01,,,
34115000623,C02,,,
34115000629,C01,,,
34115000629,C02,,,
34115000642,C01,,,
34115000642,C02,,,
34115000647,C01,,,
34115000647,C02,,,
34115000652,C01,,,
34115000652,C02,,,
34115000653,C01,,,
34115000653,C02,,,
34115000655,C01,,,
34115000655,C02,,,
34115000660,C01,,,
34115000661,C01,,,
34115000671,C01,,,
34115000671,C03,,,
34115000674,C01,,,
34115000674,C02,,,
34115000680,C01,,,
34115000680,C02,,,
34115000688,C01,,,
34115000689,C01,,,
34115000689,C02,,,
34115000691,C01,,,
34115000692,C01,,,
34115000692,C02,,,
34115000697,C01,,,
34115000697,C02,,,
34115000705,C01,,,
34115000705,C02,,,
34115000707,C01,,,
34115000707,C02,,,
34115000711,C01,,,
34115000711,C02,,,
34115000715,C01,,,
34115000717,C01,,,
34115000720,C01,,,
34115000720,C02,,,
34115000720,C03,,,
34115000721,C01,,,
34115000721,C02,,,
34115000722,C01,,,
34115000724,C01,,,
34115000724,C02,,,
34115000726,C01,,,
34115000726,C02,,,
34115000731,C01,,,
34115000738,C01,,,
34115000740,C01,,,
34115000740,C02,,,
34115000740,C03,,,
34115000741,C03,,,
34115000747,C01,,,
34115000747,C02,,,
34115000748,C01,,,
34115000755,C01,,,
34115000755,C02,,,
34115000756,C01,,,
34115000756,C02,,,
34115000757,C01,,,
34115000757,C02,,,
34115000757,C05,,,
34115000760,C01,,,
34115000760,C02,,,
34115000761,C01,,,
34115000763,C01,,,
34115000763,C02,,,
34115000763,C03,,,
34115000764,C01,,,
34115000764,C02,,,
34115000768,C06,,,
34115000769,C01,,,
34115000769,C02,,,
34115000769,C03,,,
34117000140,C01,,,
34117000140,C02,,,
34117000150,C01,,,
34117000150,C02,,,
34117000154,C01,,,
34117000154,C02,,,
34117000154,C05,,,
34117000164,C01,,,
34117000171,C01,,,
34117000171,C02,,,
34117000171,C05,,,
34117000183,C01,,,
34117000183,C02,,,
34117000187,C01,,,
34117000187,C02,,,
34117000190,C01,,,
34117000190,C02,,,
34117000190,C03,,,
34117000212,C01,,,
34117000212,C02,,,
34117000226,C01,,,
34117000226,C02,,,
34117000230,C01,,,
34117000230,C02,,,
34117000230,C05,,,
34117000236,C01,,,
34117000236,C02,,,
34117000236,C05,,,
34117000236,C06,,,
34117000237,C01,,,
34117000237,C02,,,
34117000237,C03,,,
34117000237,C06,,,
34117000237,I31,,,
34117000243,C01,,,
34117000254,C01,,,
34117000254,C02,,,
34117000260,C01,,,
34117000260,C02,,,
34117000267,C01,,,
34117000267,C02,,,
34117000269,C01,,,
34117000269,C02,,,
34117000269,C06,,,
34117000278,C01,,,
34117000278,C02,,,
34117000280,C01,,,
34117000288,C01,,,
34117000288,C02,,,
34117000289,C01,,,
34117000289,C02,,,
34117000292,C01,,,
34117000292,C02,,,
34117000292,C03,,,
34117000296,C01,,,
34117000296,C02,,,
34117000297,C01,,,
34117000297,C02,,,
34117000298,C01,,,
34117000298,C02,,,
34117000298,C03,,,
34117000304,C01,,,
34117000304,C02,,,
34117000308,C01,,,
34117000308,C02,,,
34117000308,C03,,,
34117000312,C01,,,
34117000312,C02,,,
34117000312,C03,,,
34117000314,C01,,,
34117000314,C02,,,
34117000315,C01,,,
34117000315,C02,,,
34117000318,C01,,,
34117000318,C02,,,
34117000320,C01,,,
34117000320,C02,,,
34117000325,C01,,,
34117000325,C02,,,
34117000327,C01,,,
34117000327,C02,,,
34117000330,C01,,,
34117000330,C02,,,
34117000336,C01,,,
34117000336,C02,,,
34117000337,C01,,,
34117000337,C02,,,
34117000342,C01,,,
34117000342,C02,,,
34117000344,C01,,,
34117000344,C02,,,
34117000344,C05,,,
34117000350,C01,,,
34117000350,C02,,,
34117000351,C01,,,
34117000351,C02,,,
34117000355,C01,,,
34117000355,C02,,,
34117000358,C01,,,
34117000358,C02,,,
34117000369,C01,,,
34117000369,C02,,,
34117000375,C03,,,
34117000376,C01,,,
34117000376,C02,,,
34117000377,C01,,,
34117000377,C02,,,
34117000379,C01,,,
34117000379,C02,,,
34117000384,C01,,,
34117000384,C02,,,
34117000386,C05,,,
34117000388,C01,,,
34117000388,C02,,,
34117000390,C01,,,
34117000391,C01,,,
34117000391,C02,,,
34117000399,C01,,,
34117000399,C02,,,
34117000401,C01,,,
34117000401,C02,,,
34117000408,C01,,,
34117000408,C02,,,
34117000410,C01,,,
34117000410,C02,,,
34117000419,C01,,,
34117000420,C01,,,
34117000420,C02,,,
34117000423,C01,,,
34117000427,C01,,,
34117000427,C02,,,
34119000064,C01,,,
34119000149,C03,,,
34119000183,C05,,,
34119000183,C06,,,
34119000374,C01,,,
34119000374,C02,,,
34119000377,C01,,,
34119000377,C02,,,
34119000382,C01,,,
34119000398,C01,,,
34119000407,C01,,,
34119000407,C02,,,
34119000415,C01,,,
34119000415,C02,,,
34119000438,C01,,,
34119000438,C02,,,
34119000449,C01,,,
34119000449,C02,,,
34119000488,C01,,,
34119000488,C02,,,
34119000491,C01,,,
34119000491,C02,,,
34119000491,C05,,,
34119000518,C06,,,
34119000584,C06,,,
34119000587,C04,,,
34119000597,C06,,,
34119000610,C01,,,
34119000610,C02,,,
34119000610,C05,,,
34119000618,C01,,,
34119000618,C02,,,
34119000619,C01,,,
34119000619,C02,,,
34119000619,C05,,,
34119000631,C01,,,
34119000631,C02,,,
34119000639,C01,,,
34119000639,C02,,,
34119000668,C01,,,
34119000668,C02,,,
34119000701,C01,,,
34119000701,C02,,,
34119000702,C01,,,
34119000702,C02,,,
34119000705,C01,,,
34119000705,C02,,,
34119000757,C06,,,
34119000771,C01,,,
34119000771,C02,,,
34119000772,C01,,,
34119000772,C02,,,
34119000779,C01,,,
34119000801,C01,,,
34119000801,C02,,,
34119000807,C01,,,
34119000807,C02,,,
34119000811,C01,,,
34119000811,C02,,,
34119000825,C01,,,
34119000825,C02,,,
34119000826,C01,,,
34119000826,C02,,,
34119000837,C01,,,
34119000837,C02,,,
34119000845,C01,,,
34119000846,C01,,,
34119000846,C02,,,
34119000847,C03,,,
34119000863,C01,,,
34119000863,C02,,,
34119000874,C01,,,
34119000874,C02,,,
34119000885,C01,,,
34119000885,C02,,,
34119000886,C01,,,
34119000888,C01,,,
34119000888,C02,,,
34119000896,C01,,,
34119000896,C02,,,
34119000902,C01,,,
34119000902,C02,,,
34119000906,C01,,,
34119000906,C02,,,
34119000916,C01,,,
34119000916,C02,,,
34119000919,C01,,,
34119000919,C02,,,
34119000925,C03,,,
34119000929,C01,,,
34119000929,C02,,,
34119000929,C03,,,
34119000931,C03,,,
34119000947,C01,,,
34119000947,C02,,,
34119000953,C01,,,
34119000953,C02,,,
34119000955,C03,,,
34119000960,C01,,,
34119000960,C02,,,
34119000972,C01,,,
34119000972,C02,,,
34119000973,C01,,,
34119000977,C03,,,
34119000978,C01,,,
34119000978,C02,,,
34119000979,C01,,,
34119000985,C01,,,
34119000985,C02,,,
34119000993,C01,,,
34119000993,C02,,,
34119000995,C01,,,
34119000995,C02,,,
34119000996,C03,,,
34119001006,C03,,,
34119001010,C01,,,
34119001023,C01,,,
34119001023,C02,,,
34119001026,C01,,,
34119001026,C02,,,
34119001028,C01,,,
34119001028,C03,,,
34119001036,C01,,,
34119001036,C02,,,
34119001037,C01,,,
34119001037,C02,,,
34119001042,C01,,,
34119001052,C01,,,
34119001052,C02,,,
34119001053,C01,,,
34119001053,C02,,,
34119001056,C01,,,
34119001060,C01,,,
34119001060,C02,,,
34119001062,C01,,,
34119001063,C01,,,
34119001063,C02,,,
34119001075,C01,,,
34119001075,C02,,,
34119001075,C03,,,
34119001078,C01,,,
34119001082,C01,,,
34119001083,C01,,,
34119001083,C02,,,
34119001084,C01,,,
34119001090,C01,,,
34119001090,C02,,,
34119001091,C01,,,
34119001091,C02,,,
34119001095,C01,,,
34119001095,C02,,,
34119001096,C01,,,
34119001096,C02,,,
34119001097,C01,,,
34119001097,C02,,,
34119001100,C01,,,
34119001100,C02,,,
34119001104,C01,,,
34119001104,C02,,,
34119001105,C01,,,
34119001105,C02,,,
34119001109,C01,,,
34121000001,C01,,,
34121000001,C02,,,
34121000018,C01,,,
34121000018,C02,,,
34121000038,C03,,,
34121000043,C01,,,
34121000049,C01,,,
34121000049,C02,,,
34121000073,C01,,,
34121000073,C02,,,
34121000095,C01,,,
34121000095,C02,,,
34121000112,C06,,,
34121000126,C01,,,
34121000126,C02,,,
34121000137,C01,,,
34121000137,C02,,,
34121000137,C06,,,
34121000138,C01,,,
34121000138,C02,,,
34121000145,C01,,,
34121000145,C02,,,
34121000146,C03,,,
34121000147,C01,,,
34121000147,C02,,,
34121000150,C01,,,
34121000154,C01,,,
34121000154,C02,,,
34121000155,C01,,,
34121000155,C02,,,
34121000158,C01,,,
34121000158,C02,,,
34121000159,C01,,,
34121000159,C02,,,
34121000160,C01,,,
34121000160,C02,,,
34121000164,C01,,,
34121000164,C02,,,
34121000165,C01,,,
34121000165,C02,,,
34121000166,C01,,,
34121000166,C02,,,
34121000175,C01,,,
34121000175,C02,,,
34121000176,C01,,,
34121000176,C02,,,
34121000192,C03,,,
34121000196,C01,,,
34121000196,C02,,,
34121000199,C01,,,
34121000199,C02,,,
34121000201,C01,,,
34121000201,C03,,,
34121000214,C03,,,
34121000219,C01,,,
34121000219,C02,,,
34121000232,C01,,,
34121000232,C02,,,
34122000068,C03,,,
34122000098,C03,,,
34122000139,C01,,,
34122000139,C02,,,
34122000139,C03,,,
34122000156,C01,,,
34122000156,C02,,,
34122000172,C01,,,
34122000172,C02,,,
34122000172,C03,,,
34122000173,C01,,,
34122000173,C02,,,
34122000176,C01,,,
34122000176,C02,,,
34122000183,C01,,,
34122000183,C02,,,
34122000195,C03,,,
34122000204,C03,,,
34122000213,C06,,,
34122000216,C01,,,
34122000216,C02,,,
34122000218,C01,,,
34122000218,C02,,,
34122000221,C01,,,
34122000221,C02,,,
34122000229,C01,,,
34122000229,C02,,,
34122000231,C01,,,
34122000235,C01,,,
34122000235,C02,,,
34122000239,C01,,,
34122000239,C02,,,
34122000242,C01,,,
34122000242,C02,,,
34122000247,C01,,,
34122000247,C02,,,
34122000254,C01,,,
34122000254,C02,,,
34122000256,C01,,,
34122000256,C02,,,
34122000256,C03,,,
34122000262,C01,,,
34122000262,C02,,,
34122000270,C01,,,
34122000270,C02,,,
34122000279,C01,,,
34122000279,C02,,,
34122000285,C01,,,
34122000285,C02,,,
34122000289,C01,,,
34122000289,C03,,,
34122000293,C06,,,
34122000294,C01,,,
34122000294,C02,,,
34122000295,C01,,,
34122000296,C03,,,
34122000298,C01,,,
34122000298,C02,,,
34122000299,C01,,,
34122000300,C01,,,
34122000302,C01,,,
34122000302,C02,,,
34122000305,C01,,,
34122000305,C02,,,
34122000309,C03,,,
34122000311,C01,,,
34122000311,C02,,,
34122000315,C01,,,
34122000315,C02,,,
34122000316,C01,,,
34122000319,C01,,,
34122000319,C02,,,
34122000323,C03,,,
34122000329,C01,,,
34122000329,C02,,,
34122000332,C01,,,
34122000332,C02,,,
34122000337,C01,,,
34122000337,C02,,,
34122000339,C01,,,
34122000339,C02,,,
34122000340,C01,,,
34122000340,C02,,,
34122000346,C01,,,
34122000346,C02,,,
34122000350,C01,,,
34122000350,C02,,,
34125000105,C01,,,
34125000105,C02,,,
34125000116,C01,,,
34125000116,C02,,,
34125000172,C01,,,
34125000172,C02,,,
34125000183,C01,,,
34125000183,C02,,,
34125000185,C01,,,
34125000194,C01,,,
34125000194,C02,,,
34125000200,C01,,,
34125000200,C02,,,
34125000212,C01,,,
34125000213,C01,,,
34125000213,C02,,,
34125000216,C01,,,
34125000217,C01,,,
34125000222,C01,,,
34125000222,C02,,,
34127000372,C01,,,
34127000383,C01,,,
34127000407,C01,,,
34127000407,C02,,,
34127000417,C01,,,
34127000417,C02,,,
34127000417,C03,,,
34127000420,C01,,,
34127000420,C02,,,
34127000442,C01,,,
34127000442,C02,,,
34127000446,C01,,,
34127000446,C02,,,
34127000457,C01,,,
34127000457,C02,,,
34127000469,C01,,,
34127000469,C02,,,
34127000469,C03,,,
34127000484,C01,,,
34127000484,C02,,,
34127000485,C01,,,
34127000485,C02,,,
34127000506,C01,,,
34127000506,C02,,,
34127000528,C01,,,
34127000528,C02,,,
34127000546,C04,,,
34127000672,C01,,,
34127000672,C02,,,
34127000676,C05,,,
34127000693,C01,,,
34127000693,C02,,,
34127000697,C01,,,
34127000697,C02,,,
34127000699,C01,,,
34127000699,C02,,,
34127000710,C01,,,
34127000710,C02,,,
34127000715,C01,,,
34127000715,C02,,,
34127000734,C01,,,
34127000734,C02,,,
34127000739,C01,,,
34127000739,C02,,,
34127000740,C01,,,
34127000740,C02,,,
34127000759,C01,,,
34127000759,C02,,,
34127000761,C01,,,
34127000761,C02,,,
34127000761,C03,,,
34127000783,C01,,,
34127000783,C02,,,
34127000785,C01,,,
34127000785,C02,,,
34127000790,C01,,,
34127000790,C02,,,
34127000792,C01,,,
34127000792,C02,,,
34127000792,C05,,,
34127000795,C01,,,
34127000795,C02,,,
34127000797,C01,,,
34127000797,C02,,,
34127000800,C01,,,
34127000800,C02,,,
34127000806,C01,,,
34127000813,C01,,,
34127000813,C02,,,
34127000818,C01,,,
34127000818,C02,,,
34127000821,C06,,,
34127000834,C01,,,
34127000834,C02,,,
34127000840,C01,,,
34127000840,C02,,,
34127000844,C01,,,
34127000844,C02,,,
34127000845,C01,,,
34127000845,C02,,,
34127000863,C03,,,
34127000867,C01,,,
34127000867,C02,,,
34127000895,C01,,,
34127000895,C02,,,
34127000900,C01,,,
34127000900,C05,,,
34127000908,C06,,,
34128000287,C01,,,
34128000287,C02,,,
34128000287,C03,,,
34128000324,C03,,,
34128000435,C01,,,
34128000435,C02,,,
34128000455,C01,,,
34128000455,C02,,,
34128000455,C03,,,
34128000468,C01,,,
34128000468,C02,,,
34128000503,C01,,,
34128000503,C02,,,
34128000524,C01,,,
34128000524,C02,,,
34128000535,C01,,,
34128000535,C02,,,
34128000535,C03,,,
34128000579,C01,,,
34128000579,C02,,,
34128000594,C01,,,
34128000594,C02,,,
34128000629,C01,,,
34128000629,C02,,,
34128000630,C04,,,
34128000671,C01,,,
34128000671,C02,,,
34128000672,C03,,,
34128000687,C01,,,
34128000687,C02,,,
34128000697,C01,,,
34128000701,C01,,,
34128000701,C02,,,
34128000706,C01,,,
34128000706,C02,,,
34128000716,C01,,,
34128000716,C02,,,
34128000723,C01,,,
34128000723,C02,,,
34128000737,C01,,,
34128000737,C02,,,
34128000739,C01,,,
34128000739,C02,,,
34128000740,C01,,,
34128000740,C02,,,
34128000755,C03,,,
34128000767,C01,,,
34128000767,C02,,,
34128000771,C01,,,
34128000771,C03,,,
34128000782,C01,,,
34128000782,C02,,,
34128000782,C03,,,
34128000791,C01,,,
34128000791,C02,,,
34128000794,C01,,,
34128000794,C02,,,
34128000796,C01,,,
34128000796,C02,,,
34128000797,C01,,,
34128000797,C02,,,
34128000798,C03,,,
34128000803,C01,,,
34128000803,C02,,,
34128000805,C01,,,
34128000805,C02,,,
34128000841,C01,,,
34128000841,C02,,,
34128000842,C01,,,
34128000842,C02,,,
34128000844,C01,,,
34128000844,C02,,,
34128000847,C01,,,
34128000847,C03,,,
34128000857,C01,,,
34128000857,C02,,,
34128000861,C03,,,
34128000872,C06,,,
34128000873,C01,,,
34128000873,C02,,,
34128000876,C01,,,
34128000876,C02,,,
34128000879,C01,,,
34128000879,C02,,,
34128000880,C01,,,
34128000880,C02,,,
34128000880,C03,,,
34128000882,C01,,,
34128000882,C02,,,
34128000882,C03,,,
34128000882,C05,,,
34128000884,C03,,,
34128000888,C01,,,
34128000889,C01,,,
34128000896,C01,,,
34128000896,C02,,,
34128000899,C01,,,
34128000899,C02,,,
34128000904,C01,,,
34128000904,C02,,,
34128000906,C01,,,
34128000912,C01,,,
34128000912,C02,,,
34128000917,C03,,,
34128000918,C01,,,
34128000918,C02,,,
34128000918,C03,,,
34128000924,C03,,,
34128000930,C01,,,
34128000941,C01,,,
34128000941,C02,,,
34128000949,C01,,,
34128000949,C02,,,
34128000952,C03,,,
34128000956,C01,,,
34128000958,C01,,,
34128000958,C02,,,
34128000966,C01,,,
34128000967,C01,,,
34128000967,C02,,,
34128000976,C01,,,
34128000976,C03,,,
34128000981,C01,,,
34128000981,C02,,,
34128000982,C01,,,
34128000993,C01,,,
34128000993,C02,,,
34128000996,C01,,,
34128000996,C02,,,
34128000996,C03,,,
34128000997,C01,,,
34128000997,C02,,,
34128000999,C01,,,
34128001003,C01,,,
34128001003,C02,,,
34128001012,C01,,,
34128001012,C02,,,
34128001012,C03,,,
34128001013,C01,,,
34128001013,C02,,,
34128001014,C01,,,
34128001014,C02,,,
34128001014,C05,,,
34128001015,C01,,,
34128001015,C02,,,
34128001019,C03,,,
34128001020,C01,,,
34128001020,C02,,,
34128001023,C03,,,
34128001030,C01,,,
34128001030,C02,,,
34128001030,C03,,,
34128001049,C01,,,
34128001049,C02,,,
34128001063,C01,,,
34128001065,C01,,,
34128001065,C02,,,
34128001070,C01,,,
34128001071,C01,,,
34128001071,C02,,,
34128001072,C03,,,
34128001076,C01,,,
34128001076,C02,,,
34128001088,C03,,,
34128001089,C01,,,
34128001089,C02,,,
34128001092,C03,,,
34128001096,C01,,,
34128001096,C02,,,
34128001097,C01,,,
34128001097,C02,,,
34128001098,C01,,,
34128001098,C02,,,
34128001102,C01,,,
34128001104,C01,,,
34128001104,C02,,,
34128001108,C03,,,
34128001113,C03,,,
34128001116,C01,,,
34128001116,C02,,,
34128001117,C01,,,
34128001117,C02,,,
34128001118,C01,,,
34128001118,C02,,,
34128001121,C03,,,
34128001122,C01,,,
34128001122,C02,,,
34128001129,C01,,,
34128001129,C02,,,
34128001132,C03,,,
34128001133,C01,,,
34128001133,C03,,,
34128001139,C03,,,
34128001140,C01,,,
34128001140,C02,,,
34128001141,C03,,,
34128001141,I31,,,
34128001151,C01,,,
34128001151,C02,,,
34128001152,C01,,,
34128001157,C03,,,
34128001165,C03,,,
34128001167,C01,,,
34128001167,C02,,,
34128001169,C01,,,
34128001169,C02,,,
34128001176,C01,,,
34128001176,C02,,,
34128001178,C01,,,
34128001182,C01,,,
34128001182,C02,,,
34128001185,C03,,,
34128001189,C01,,,
34128001191,C01,,,
34128001191,C02,,,
34128001191,C03,,,
34128001191,I31,,,
34128001191,I32,,,
34128001191,I33,,,
34128001199,C01,,,
34128001200,C01,,,
34128001205,C01,,,
34128001205,C02,,,
34128001205,C06,,,
34128001206,C03,,,
34128001208,C01,,,
34128001208,C02,,,
34128001213,C01,,,
34128001213,C02,,,
34128001214,C01,,,
34128001214,C02,,,
34128001215,C01,,,
34128001216,C01,,,
34128001217,C01,,,
34128001217,C02,,,
34128001219,C01,,,
34128001222,C01,,,
34128001222,C02,,,
34128001226,C01,,,
34128001226,C02,,,
34128001227,C01,,,
34128001227,C02,,,
34128001229,C01,,,
34128001229,C02,,,
34128001230,C01,,,
34128001230,C02,,,
34128001233,C01,,,
34128001233,C02,,,
34128001239,C01,,,
34128001239,C02,,,
34128001247,C01,,,
34128001249,C01,,,
34128001252,C01,,,
34128001252,C02,,,
34129000025,C01,,,
34129000025,C02,,,
34131000063,C01,,,
34131000063,C02,,,
34131000105,C03,,,
34131000111,C01,,,
34131000111,C02,,,
34131000113,C01,,,
34131000113,C02,,,
34131000121,C01,,,
34131000121,C02,,,
34131000128,C01,,,
34131000128,C02,,,
34131000136,C01,,,
34131000136,C02,,,
34131000147,C01,,,
34131000147,C02,,,
34131000147,C05,,,
34131000168,C01,,,
34131000168,C02,,,
34131000169,C01,,,
34131000169,C02,,,
34131000171,C01,,,
34131000171,C02,,,
34131000173,C06,,,
34131000177,C01,,,
34131000177,C02,,,
34131000178,C01,,,
34131000178,C02,,,
34131000180,C01,,,
34131000180,C02,,,
34131000188,C01,,,
34131000188,C02,,,
34131000189,C01,,,
34131000189,C02,,,
34131000190,C01,,,
34131000190,C02,,,
34131000191,C01,,,
34131000191,C02,,,
34136000075,C01,,,
34136000075,C02,,,
34136000114,C02,,,
34136000214,C01,,,
34136000214,C02,,,
34136000214,C06,,,
34136000241,C01,,,
34136000241,C02,,,
34136000241,C05,,,
34136000261,C01,,,
34136000272,C01,,,
34136000272,C02,,,
34136000282,C01,,,
34136000288,C01,,,
34136000288,C02,,,
34136000298,C01,,,
34136000298,C02,,,
34136000301,C01,,,
34136000301,C02,,,
34136000308,C01,,,
34136000308,C02,,,
34136000308,C03,,,
34136000352,C03,,,
34136000358,C03,,,
34136000378,C01,,,
34136000379,C01,,,
34136000379,C02,,,
34136000387,C01,,,
34136000387,C02,,,
34136000387,C03,,,
34136000388,C01,,,
34136000388,C02,,,
34136000413,C01,,,
34136000413,C02,,,
34136000455,C01,,,
34136000455,C02,,,
34136000462,C01,,,
34136000462,C02,,,
34136000468,C01,,,
34136000468,C02,,,
34136000476,C01,,,
34136000476,C02,,,
34136000533,C01,,,
34136000533,C02,,,
34136000534,C03,,,
34136000539,C01,,,
34136000539,C02,,,
34136000554,C03,,,
34136000559,C01,,,
34136000559,C02,,,
34136000576,C01,,,
34136000576,C02,,,
34136000578,C01,,,
34136000578,C02,,,
34136000580,C01,,,
34136000589,C01,,,
34136000589,C02,,,
34136000606,C01,,,
34136000606,C02,,,
34136000606,C03,,,
34136000607,C01,,,
34136000607,C02,,,
34136000607,C03,,,
34136000613,C01,,,
34136000613,C02,,,
34136000619,C01,,,
34136000619,C03,,,
34136000624,C01,,,
34136000624,C02,,,
34136000624,C03,,,
34136000625,C01,,,
34136000625,C02,,,
34136000627,C01,,,
34136000627,C03,,,
34136000638,C01,,,
34136000638,C02,,,
34136000655,C01,,,
34136000655,C02,,,
34136000688,C03,,,
34136000712,C01,,,
34136000712,C02,,,
34136000713,C01,,,
34136000718,C01,,,
34136000718,C02,,,
34136000719,C01,,,
34136000719,C02,,,
34136000725,C01,,,
34136000725,C02,,,
34136000736,C01,,,
34136000736,C02,,,
34136000737,C01,,,
34136000737,C02,,,
34136000760,C01,,,
34136000760,C02,,,
34136000766,C01,,,
34136000766,C02,,,
34136000768,C01,,,
34136000768,C02,,,
34136000769,C01,,,
34136000769,C02,,,
34136000774,C01,,,
34136000774,C02,,,
34136000775,C01,,,
34136000775,C02,,,
34136000780,C01,,,
34136000780,C02,,,
34136000786,C01,,,
34136000786,C02,,,
34136000789,C01,,,
34136000789,C02,,,
34136000800,C01,,,
34136000803,C01,,,
34136000803,C02,,,
34136000809,C06,,,
34136000811,C01,,,
34136000811,C02,,,
34136000814,C01,,,
34136000814,C02,,,
34136000823,C01,,,
34136000823,C02,,,
34136000834,C01,,,
34136000834,C02,,,
34136000836,C06,,,
34136000842,C01,,,
34136000842,C02,,,
34136000849,C01,,,
34136000849,C02,,,
34136000851,C01,,,
34136000851,C02,,,
34136000852,C01,,,
34136000853,C01,,,
34136000856,C01,,,
34136000856,C02,,,
34136000858,C01,,,
34136000858,C02,,,
34136000870,C01,,,
34136000870,C02,,,
34136000871,C01,,,
34136000871,C02,,,
34136000876,C01,,,
34136000876,C02,,,
34136000882,C01,,,
34136000883,C01,,,
34137000047,C01,,,
34137000047,C02,,,
34137000053,C01,,,
34137000053,C02,,,
34137000063,C06,,,
34137000089,C03,,,
34137000093,C01,,,
34137000093,C02,,,
34137000102,C01,,,
34137000102,C02,,,
34137000104,C03,,,
34137000108,C03,,,
34137000109,C01,,,
34137000109,C02,,,
34139000154,C01,,,
34139000154,C02,,,
34139000157,C06,,,
34139000168,C01,,,
34139000211,C01,,,
34139000237,C01,,,
34139000237,C02,,,
34139000256,C01,,,
34139000256,C02,,,
34139000277,C01,,,
34139000277,C02,,,
34139000285,C01,,,
34139000293,C01,,,
34139000293,C02,,,
34139000303,C01,,,
34139000303,C02,,,
34139000320,C01,,,
34139000320,C02,,,
34139000348,C01,,,
34139000348,C02,,,
34139000355,C01,,,
34139000355,C02,,,
34139000357,C01,,,
34139000357,C03,,,
34139000366,C01,,,
34139000366,C02,,,
34139000366,C03,,,
34139000371,C01,,,
34139000383,C01,,,
34139000383,C02,,,
34139000384,C01,,,
34139000384,C02,,,
34139000409,C03,,,
34139000420,C01,,,
34139000420,C02,,,
34139000435,C01,,,
34139000435,C03,,,
34139000437,C01,,,
34139000437,C02,,,
34139000440,C01,,,
34139000440,C02,,,
34139000441,C01,,,
34139000441,C02,,,
34139000445,C01,,,
34139000445,C02,,,
34139000450,C01,,,
34139000450,C02,,,
34139000457,C01,,,
34139000457,C02,,,
34139000461,C01,,,
34139000461,C02,,,
34139000462,C01,,,
34139000472,C01,,,
34139000472,C02,,,
34139000474,C03,,,
34139000475,C01,,,
34139000475,C02,,,
34139000479,C01,,,
34139000479,C02,,,
34139000480,C01,,,
34139000480,C02,,,
34139000483,C01,,,
34139000490,C01,,,
34139000490,C02,,,
34139000498,C01,,,
34139000498,C02,,,
34139000500,C01,,,
34139000500,C02,,,
34139000500,C05,,,
34139000524,C01,,,
34139000524,C02,,,
34141000020,C01,,,
34141000020,C02,,,
34141000028,C01,,,
34141000028,C02,,,
34141000032,C01,,,
34141000032,C02,,,
34141000095,C01,,,
34141000095,C02,,,
34141000137,C01,,,
34141000137,C02,,,
34141000137,C05,,,
34141000165,C01,,,
34141000165,C02,,,
34141000172,C01,,,
34141000172,C03,,,
34141000172,I31,,,
34141000173,C01,,,
34141000173,C02,,,
34141000174,C01,,,
34141000174,C02,,,
34141000174,C03,,,
34141000185,C01,,,
34141000185,C02,,,
34141000202,C01,,,
34141000202,C02,,,
34141000208,C01,,,
34141000208,C02,,,
34141000218,C01,,,
34141000218,C02,,,
34141000223,C01,,,
34141000223,C02,,,
34141000223,C05,,,
34141000232,C01,,,
34141000232,C02,,,
34141000236,C01,,,
34141000236,C02,,,
34141000239,C01,,,
34141000239,C02,,,
34141000256,C01,,,
34141000256,C02,,,
34141000276,C01,,,
34141000276,C02,,,
34141000278,C01,,,
34141000278,C02,,,
34141000283,C01,,,
34141000291,C01,,,
34141000291,C02,,,
34141000294,C01,,,
34141000294,C02,,,
34141000297,C01,,,
34141000297,C02,,,
34141000298,C01,,,
34141000298,C02,,,
34141000303,C01,,,
34141000306,C01,,,
34141000306,C02,,,
34141000307,C01,,,
34141000307,C02,,,
34141000309,C01,,,
34141000309,C02,,,
34141000310,C01,,,
34141000310,C02,,,
34143000054,C01,,,
34143000054,C02,,,
34143000065,C01,,,
34143000065,C02,,,
34143000071,C01,,,
34143000071,C02,,,
34143000078,C01,,,
34143000078,C02,,,
34143000088,C01,,,
34143000088,C02,,,
34143000094,C01,,,
34143000094,C02,,,
34143000095,C01,,,
34143000095,C02,,,
34143000098,C01,,,
34143000098,C02,,,
34143000098,C03,,,
34143000101,C01,,,
34143000101,C02,,,
34143000102,C01,,,
34143000107,C01,,,
34143000107,C02,,,
34143000107,C03,,,
34143000111,C01,,,
34145000079,C01,,,
34145000079,C02,,,
34145000085,C04,,,
34145000086,C06,,,
34145000097,C01,,,
34145000097,C02,,,
34145000099,C01,,,
34145000099,C02,,,
34145000121,C01,,,
34145000142,C01,,,
34145000142,C02,,,
34145000143,C01,,,
34145000143,C02,,,
34145000145,C01,,,
34145000145,C02,,,
34145000149,C01,,,
34145000149,C02,,,
34145000160,C01,,,
34145000160,C02,,,
34145000167,C01,,,
34145000167,C05,,,
34145000177,C01,,,
34145000177,C02,,,
34145000186,C01,,,
34145000186,C02,,,
34145000186,C03,,,
34145000187,C01,,,
34145000187,C02,,,
34145000191,C01,,,
34145000191,C02,,,
34145000192,C03,,,
34145000200,C01,,,
34145000200,C02,,,
34145000203,C01,,,
34145000203,C02,,,
34146000196,C01,,,
34146000196,C03,,,
34146000196,C04,,,
34146000223,C05,,,
34146000255,C01,,,
34146000255,C03,,,
34146000268,C01,,,
34146000268,C02,,,
34146000278,C01,,,
34146000278,C02,,,
34146000289,C01,,,
34146000289,C02,,,
34146000293,C01,,,
34146000293,C02,,,
34146000293,C05,,,
34146000324,C01,,,
34146000324,C02,,,
34146000324,C05,,,
34146000339,C01,,,
34146000339,C02,,,
34146000368,C03,,,
34146000379,C01,,,
34146000379,C02,,,
34146000383,C01,,,
34146000386,C01,,,
34146000386,C02,,,
34146000386,C05,,,
34146000392,C01,,,
34146000392,C02,,,
34146000400,C01,,,
34146000400,C02,,,
34146000413,C01,,,
34146000413,C02,,,
34146000416,C01,,,
34146000416,C02,,,
34146000419,C01,,,
34146000419,C03,,,
34146000419,C05,,,
34146000422,C01,,,
34146000422,C02,,,
34146000429,C01,,,
34146000432,C03,,,
34146000435,C01,,,
34146000435,C02,,,
34146000440,C01,,,
34146000440,C02,,,
34146000443,C01,,,
34146000443,C03,,,
34146000443,C04,,,
34146000455,C01,,,
34146000455,C02,,,
34146000463,C01,,,
34146000463,C02,,,
34146000473,C01,,,
34146000473,C02,,,
34146000476,C01,,,
34146000476,C02,,,
34146000480,C01,,,
34146000480,C02,,,
34146000484,C01,,,
34146000484,C05,,,
34146000495,C01,,,
34146000495,C02,,,
34146000501,C01,,,
34146000501,C02,,,
34146000505,C01,,,
34146000505,C02,,,
34146000505,C05,,,
34146000509,C03,,,
34146000527,C01,,,
34146000527,C02,,,
34146000532,C01,,,
34146000532,C02,,,
34146000538,C01,,,
34146000538,C02,,,
34146000538,C05,,,
34146000541,C01,,,
34146000541,C02,,,
34146000546,C01,,,
34146000546,C02,,,
34146000548,C01,,,
34146000548,C02,,,
34146000548,C05,,,
34146000549,C01,,,
34146000549,C02,,,
34146000551,C01,,,
34146000551,C02,,,
34146000551,C03,,,
34146000552,C01,,,
34146000552,C02,,,
34146000554,C01,,,
34146000554,C02,,,
34146000570,C01,,,
34146000570,C02,,,
34146000570,C03,,,
34146000573,C01,,,
34146000573,C02,,,
34146000589,C01,,,
34146000589,C02,,,
34146000591,C01,,,
34146000609,C01,,,
34146000609,C02,,,
34146000611,C01,,,
34146000611,C02,,,
34146000613,C01,,,
34146000613,C02,,,
34146000624,C01,,,
34146000624,C02,,,
34146000626,C01,,,
34146000627,C01,,,
34146000627,C02,,,
34146000628,C01,,,
34146000632,C03,,,
34146000633,C01,,,
34146000633,C02,,,
34146000633,C03,,,
34146000639,C03,,,
34146000640,C01,,,
34146000640,C02,,,
34146000643,C01,,,
34146000643,C02,,,
34146000660,C01,,,
34146000660,C02,,,
34146000660,C03,,,
34146000668,C01,,,
34146000668,C02,,,
34146000679,C01,,,
34146000679,C02,,,
34146000680,C01,,,
34146000680,C02,,,
34146000685,C01,,,
34146000685,C02,,,
34146000687,C01,,,
34146000687,C02,,,
34146000688,C01,,,
34146000688,C02,,,
34146000690,C01,,,
34146000690,C02,,,
34146000690,C03,,,
34146000694,C01,,,
34146000696,C01,,,
34146000698,C01,,,
34146000700,C01,,,
34146000701,C01,,,
34146000701,C02,,,
34146000707,C01,,,
34146000707,C03,,,
34146000708,C01,,,
34146000723,C01,,,
34146000723,C02,,,
34146000725,C01,,,
34146000727,C01,,,
34146000738,C01,,,
34146000738,C02,,,
34146000742,C01,,,
34146000742,C02,,,
34146000743,C01,,,
34146000743,C02,,,
34146000744,C01,,,
34146000744,C02,,,
34146000749,C01,,,
34146000749,C02,,,
34146000750,C01,,,
34146000750,C02,,,
34146000766,C01,,,
34146000766,C02,,,
34146000771,C01,,,
34146000771,C02,,,
34146000772,C01,,,
34146000772,C02,,,
34146000776,C01,,,
34146000776,C02,,,
34146000788,C01,,,
34146000791,C01,,,
34146000796,C01,,,
34146000796,C02,,,
34146000803,C01,,,
34146000803,C02,,,
34148000041,C01,,,
34148000041,C02,,,
34148000043,C01,,,
34148000043,C02,,,
34148000158,C01,,,
34148000158,C02,,,
34148000200,C01,,,
34148000200,C02,,,
34148000208,C01,,,
34148000208,C02,,,
34148000215,C01,,,
34148000215,C02,,,
34148000227,C01,,,
34148000227,C02,,,
34148000230,C03,,,
34148000230,I31,,,
34148000234,C06,,,
34148000240,C01,,,
34148000240,C02,,,
34148000240,C03,,,
34148000247,C01,,,
34148000259,C01,,,
34148000259,C02,,,
34148000272,C01,,,
34148000272,C02,,,
34148000291,C01,,,
34148000293,C01,,,
34148000293,C02,,,
34148000307,C03,,,
34148000308,C03,,,
34148000310,C03,,,
34148000328,C01,,,
34148000328,C02,,,
34148000329,C01,,,
34148000329,C02,,,
34148000334,C01,,,
34148000334,C02,,,
34148000335,C01,,,
34148000335,C02,,,
34148000337,C03,,,
34148000343,C06,,,
34148000349,C01,,,
34148000349,C02,,,
34148000380,C01,,,
34148000380,C02,,,
34148000383,C03,,,
34148000385,C01,,,
34148000387,C01,,,
34148000387,C02,,,
34148000388,C01,,,
34148000388,C02,,,
34148000391,C01,,,
34148000391,C03,,,
34148000395,C01,,,
34148000395,C02,,,
34148000402,C01,,,
34148000402,C02,,,
34148000406,C03,,,
34148000413,C01,,,
34148000413,C02,,,
34148000424,C01,,,
34148000424,C02,,,
34148000431,C01,,,
34148000431,C03,,,
34148000435,C01,,,
34148000435,C02,,,
34148000437,C01,,,
34148000437,C02,,,
34148000439,C01,,,
34148000439,C02,,,
34148000444,C01,,,
34148000444,C02,,,
34148000449,C01,,,
34148000452,C01,,,
34148000452,C02,,,
34148000456,C01,,,
34148000457,C01,,,
34148000457,C02,,,
34148000457,C03,,,
34148000460,C01,,,
34148000460,C02,,,
34150000024,C01,,,
34150000024,C02,,,
34150000029,C01,,,
34150000029,C02,,,
34150000040,C01,,,
34150000040,C02,,,
34150000040,C05,,,
34150000041,C01,,,
34150000041,C02,,,
34150000057,C01,,,
34150000057,C02,,,
34150000057,C05,,,
34150000060,C01,,,
34150000060,C02,,,
34150000061,C01,,,
34150000061,C02,,,
34150000068,C01,,,
34150000068,C02,,,
34150000089,C01,,,
34150000089,C02,,,
34150000091,C01,,,
34150000091,C02,,,
34150000107,C01,,,
34150000107,C02,,,
34150000107,C05,,,
34150000108,C01,,,
34150000108,C02,,,
34150000111,C01,,,
34150000111,C02,,,
34150000117,C01,,,
34150000117,C02,,,
34150000122,C01,,,
34150000125,C01,,,
34150000125,C02,,,
34150000127,C01,,,
34150000127,C02,,,
34150000143,C01,,,
34150000143,C02,,,
34150000151,C01,,,
34150000151,C02,,,
34150000156,C01,,,
34150000156,C02,,,
34150000161,C01,,,
34150000161,C02,,,
34150000161,C03,,,
34150000163,C01,,,
34150000163,C02,,,
34150000168,C01,,,
34150000168,C02,,,
34150000172,C01,,,
34150000172,C02,,,
34150000173,C01,,,
34150000173,C02,,,
34150000174,C01,,,
34150000174,C02,,,
34150000177,C01,,,
34150000177,C02,,,
34150000181,C01,,,
34150000181,C02,,,
34150000188,C01,,,
34150000188,C02,,,
34150000191,C01,,,
34150000191,C02,,,
34150000193,C01,,,
34150000193,C02,,,
34150000194,C01,,,
34150000194,C02,,,
34150000198,C01,,,
34150000198,C02,,,
34150000200,C01,,,
34150000200,C02,,,
34150000201,C01,,,
34150000201,C02,,,
34150000202,C01,,,
34150000203,C01,,,
34150000203,C02,,,
34155000037,C01,,,
34155000094,C01,,,
34155000094,C02,,,
34155000147,C01,,,
34155000147,C02,,,
34155000152,C03,,,
34155000157,C01,,,
34155000157,C02,,,
34155000159,C06,,,
34155000164,C03,,,
34155000165,C01,,,
34155000165,C02,,,
34155000183,C03,,,
34155000191,C01,,,
34155000191,C02,,,
34155000193,C03,,,
34155000197,C01,,,
34155000197,C03,,,
34155000200,C01,,,
34155000200,C02,,,
34155000201,C03,,,
34157000030,C03,,,
34157000112,C01,,,
34157000112,C02,,,
34157000154,C01,,,
34157000154,C02,,,
34157000185,C01,,,
34157000185,C02,,,
34157000194,C01,,,
34157000194,C02,,,
34157000197,C01,,,
34157000197,C02,,,
34157000204,C01,,,
34157000204,C02,,,
34157000220,C01,,,
34157000220,C02,,,
34157000229,C01,,,
34157000229,C02,,,
34157000239,C01,,,
34157000240,C01,,,
34157000240,C02,,,
34157000242,C01,,,
34157000242,C02,,,
34157000244,C01,,,
34157000244,C02,,,
34157000244,C06,,,
34157000246,C01,,,
34157000246,C02,,,
34157000255,C01,,,
34157000255,C02,,,
34157000257,C03,,,
34157000269,C01,,,
34157000269,C03,,,
34157000272,C01,,,
34157000272,C02,,,
34157000273,C01,,,
34157000273,C02,,,
34157000273,C03,,,
34157000273,C05,,,
34157000278,C01,,,
34157000278,C02,,,
34157000279,C01,,,
34157000279,C02,,,
34157000280,C05,,,
34157000280,C06,,,
34157000281,C01,,,
34157000281,C02,,,
34157000285,C01,,,
34157000285,C02,,,
34157000286,C01,,,
34157000286,C02,,,
34157000290,C01,,,
34157000290,C02,,,
34157000291,C01,,,
34157000291,C02,,,
34157000291,C05,,,
34157000293,C01,,,
34157000293,C02,,,
34157000294,C01,,,
34157000294,C02,,,
34157000295,C01,,,
34157000295,C02,,,
34157000298,C01,,,
34157000298,C02,,,
34157000301,C01,,,
34157000301,C02,,,
34157000304,C01,,,
34157000304,C02,,,
34157000311,C01,,,
34157000311,C02,,,
34157000312,C01,,,
34157000312,C02,,,
34157000313,C01,,,
34157000313,C02,,,
34157000317,C01,,,
34157000317,C02,,,
34157000322,C01,,,
34157000325,C01,,,
34157000327,C01,,,
34157000327,C02,,,
34159000177,C06,,,
34159000186,C01,,,
34159000186,C02,,,
34159000226,C01,,,
34159000226,C02,,,
34159000226,C03,,,
34159000231,C01,,,
34159000231,C02,,,
34159000233,C01,,,
34159000233,C02,,,
34159000248,C01,,,
34159000248,C02,,,
34159000248,C03,,,
34159000281,C01,,,
34159000281,C02,,,
34159000282,C01,,,
34159000282,C02,,,
34159000295,C01,,,
34159000295,C02,,,
34159000299,C01,,,
34159000299,C02,,,
34159000309,C01,,,
34159000309,C02,,,
34159000309,C03,,,
34159000312,C01,,,
34159000312,C02,,,
34159000316,C01,,,
34159000316,C02,,,
34159000335,C01,,,
34159000335,C02,,,
34159000335,C03,,,
34159000339,C01,,,
34159000339,C02,,,
34159000348,C01,,,
34159000348,C02,,,
34159000353,C01,,,
34159000353,C02,,,
34159000367,C01,,,
34159000367,C02,,,
34159000367,C03,,,
34159000381,C06,,,
34159000386,C03,,,
34159000392,C01,,,
34159000392,C03,,,
34159000397,C03,,,
34159000416,C01,,,
34159000416,C02,,,
34159000418,C01,,,
34159000418,C02,,,
34159000421,C06,,,
34159000472,C01,,,
34159000472,C02,,,
34159000478,C05,,,
34161000024,C01,,,
34161000064,C01,,,
34161000064,C02,,,
34161000069,C03,,,
34161000073,C01,,,
34161000082,C01,,,
34161000082,C02,,,
34161000090,C03,,,
34161000093,C01,,,
34161000093,C03,,,
34161000094,C03,,,
34161000095,C03,,,
34161000111,C01,,,
34161000111,C02,,,
34161000111,C03,,,
34161000114,C03,,,
34161000115,C03,,,
34161000124,C01,,,
34161000124,C02,,,
34161000125,C01,,,
34161000125,C02,,,
34161000134,C01,,,
34161000134,C02,,,
34161000134,C03,,,
34161000135,C03,,,
34161000137,C01,,,
34161000137,C02,,,
34161000139,C01,,,
34161000139,C02,,,
34161000140,C01,,,
34161000140,C02,,,
34161000141,C01,,,
34161000141,C02,,,
34161000146,C01,,,
34161000146,C02,,,
34161000148,C01,,,
34161000148,C02,,,
34161000148,C03,,,
34161000153,C01,,,
34161000153,C02,,,
34161000156,C01,,,
34161000156,C02,,,
34161000156,C03,,,
34161000157,C01,,,
34161000157,C02,,,
34161000159,C03,,,
34161000161,C01,,,
34161000161,C02,,,
34161000161,C03,,,
34161000163,C03,,,
34161000168,C03,,,
34161000171,C03,,,
34161000179,C01,,,
34161000179,C02,,,
34161000181,C01,,,
34161000181,C02,,,
34161000185,C01,,,
34161000189,C03,,,
34161000190,C01,,,
34161000190,C02,,,
34161000192,C01,,,
34161000192,C02,,,
34161000193,C01,,,
34161000193,C02,,,
34161000194,C01,,,
34161000194,C02,,,
34161000199,C01,,,
34161000199,C02,,,
34161000201,C01,,,
34161000201,C02,,,
34161000205,C01,,,
34163000069,C01,,,
34163000069,C02,,,
34163000088,C01,,,
34163000088,C02,,,
34163000088,C03,,,
34163000097,C03,,,
34163000112,C01,,,
34163000112,C02,,,
34163000145,C01,,,
34163000145,C02,,,
34163000171,C03,,,
34163000175,C01,,,
34163000175,C02,,,
34163000176,C01,,,
34163000179,C01,,,
34163000179,C03,,,
34163000210,C01,,,
34163000211,C01,,,
34163000211,C02,,,
34163000211,C03,,,
34163000215,C01,,,
34163000215,C02,,,
34163000217,C01,,,
34163000217,C02,,,
34163000223,C01,,,
34163000223,C02,,,
34163000224,C01,,,
34163000226,C01,,,
34163000226,C02,,,
34163000226,C03,,,
34163000228,C01,,,
34163000228,C03,,,
34163000230,C01,,,
34163000230,C02,,,
34163000240,C03,,,
34163000252,C01,,,
34163000252,C02,,,
34163000263,C01,,,
34163000263,C02,,,
34163000273,C01,,,
34163000273,C02,,,
34163000275,C03,,,
34163000284,C03,,,
34163000288,C01,,,
34163000288,C02,,,
34163000290,C01,,,
34163000292,C03,,,
34163000293,C03,,,
34163000295,C01,,,
34163000295,C02,,,
34163000303,C01,,,
34163000308,C01,,,
34163000308,C02,,,
34163000309,C03,,,
34163000314,C01,,,
34163000314,C03,,,
34163000319,C01,,,
34163000319,C02,,,
34163000330,C01,,,
34163000330,C02,,,
34163000330,C03,,,
34163000342,C01,,,
34163000342,C02,,,
34163000349,C01,,,
34163000349,C02,,,
34163000351,C01,,,
34163000359,C01,,,
34163000360,C01,,,
34163000360,C02,,,
34163000363,C01,,,
34163000363,C02,,,
34163000364,C01,,,
34163000364,C02,,,
34163000370,C01,,,
34163000370,C02,,,
34163000370,C03,,,
34165000103,C01,,,
34165000103,C02,,,
34165000177,C01,,,
34165000177,C03,,,
34165000184,C01,,,
34165000184,C02,,,
34165000184,C03,,,
34165000186,C01,,,
34165000186,C02,,,
34165000186,C03,,,
34165000186,C06,,,
34165000188,C01,,,
34165000188,C02,,,
34165000188,C03,,,
34165000190,C03,,,
34165000222,C01,,,
34165000223,C01,,,
34165000223,C03,,,
34165000235,C03,,,
34165000240,C01,,,
34165000240,C03,,,
34165000248,C01,,,
34165000253,C03,,,
34165000256,C03,,,
34165000259,C01,,,
34165000259,C03,,,
34165000264,C01,,,
34165000264,C02,,,
34165000287,C01,,,
34165000287,C02,,,
34165000297,C01,,,
34165000297,C02,,,
34165000297,C03,,,
34165000305,C03,,,
34165000309,C01,,,
34165000309,C03,,,
34165000314,C01,,,
34167000122,C01,,,
34167000123,C01,,,
34167000123,C02,,,
34167000127,C01,,,
34167000127,C02,,,
34167000127,C05,,,
34167000136,C01,,,
34167000142,C01,,,
34167000152,C01,,,
34167000153,C01,,,
34167000153,C02,,,
34167000154,C01,,,
34167000159,C01,,,
34167000159,C02,,,
34167000159,C05,,,
34173000039,C03,,,
34173000045,C03,,,
34173000053,C03,,,
34180000061,C01,,,
34180000061,C02,,,
34180000069,C01,,,
34180000070,C01,,,
34180000070,C02,,,
34180000075,C01,,,
34180000075,C02,,,
34180000081,C01,,,
34180000081,C02,,,
34180000085,C03,,,
34180000092,C01,,,
34180000092,C02,,,
34180000093,C01,,,
34180000093,C02,,,
34180000096,C01,,,
34180000096,C02,,,
34180000101,C01,,,
34180000101,C02,,,
34180000104,C01,,,
34180000104,C02,,,
34180000105,C01,,,
34180000105,C02,,,
34180000105,C03,,,
34182000033,C01,,,
34182000033,C02,,,
34182000043,C01,,,
34182000043,C02,,,
34182000045,C01,,,
34182000045,C02,,,
34182000061,C01,,,
34182000061,C02,,,
34182000061,C05,,,
34182000063,C03,,,
34182000069,C01,,,
34182000069,C03,,,
34182000070,C03,,,
34182000072,C01,,,
34182000072,C03,,,
34182000073,C03,,,
34182000077,C01,,,
34182000077,C02,,,
34182000087,C03,,,
34182000088,C01,,,
34182000097,C03,,,
34183000059,C01,,,
34183000059,C02,,,
34183000074,C01,,,
34183000076,C01,,,
34183000076,C03,,,
34183000092,C01,,,
34183000092,C02,,,
34183000108,C01,,,
34183000108,C02,,,
34183000111,C01,,,
34183000115,C01,,,
34183000115,C02,,,
34183000139,C01,,,
34183000139,C02,,,
34183000140,C01,,,
34183000140,C02,,,
34183000142,C06,,,
34183000143,C01,,,
34183000157,C01,,,
34183000157,C02,,,
34183000159,C01,,,
34183000164,C01,,,
34183000164,C02,,,
34183000166,C01,,,
34183000168,C01,,,
34183000168,C02,,,
34183000171,C01,,,
34183000173,C01,,,
34183000173,C02,,,
34211000070,C03,,,
34211000146,C01,,,
34211000157,C01,,,
34211000157,C02,,,
34211000222,C03,,,
34211000242,C01,,,
34211000242,C02,,,
34211000263,C01,,,
34211000265,C01,,,
34211000265,C02,,,
34211000291,C01,,,
34211000291,C02,,,
34211000297,C01,,,
34211000297,C02,,,
34211000297,C03,,,
34211000297,C05,,,
34211000299,C01,,,
34211000300,C01,,,
34211000300,C02,,,
34211000302,C01,,,
34211000302,C02,,,
34211000313,C03,,,
34211000328,C03,,,
34211000338,C01,,,
34211000338,C02,,,
34211000342,C03,,,
34211000384,C01,,,
34211000384,C02,,,
34211000395,C01,,,
34211000395,C02,,,
34211000406,C01,,,
34211000406,C02,,,
34211000408,C01,,,
34211000408,C02,,,
34211000413,C01,,,
34211000413,C02,,,
34211000413,C03,,,
34213000040,C06,,,
34213000046,C01,,,
34213000046,C02,,,
34213000174,C03,,,
34213000188,C01,,,
34213000205,C06,,,
34213000222,C01,,,
34213000224,C01,,,
34213000246,C01,,,
34213000282,C01,,,
34213000282,C02,,,
34213000282,C03,,,
34213000306,C01,,,
34213000308,C06,,,
34215000062,C03,,,
34215000132,C01,,,
34215000132,C02,,,
34215000144,C01,,,
34215000144,C02,,,
34215000160,C01,,,
34215000160,C03,,,
34215000186,C03,,,
34215000216,C01,,,
34215000231,C01,,,
34215000247,C01,,,
34215000250,C01,,,
34215000250,C02,,,
34215000273,C02,,,
34215000280,C01,,,
34215000285,C01,,,
34215000309,C01,,,
34215000309,C02,,,
34217000072,C01,,,
34217000072,C02,,,
34217000078,C01,,,
34217000094,C01,,,
34217000098,C05,,,
34221000037,C01,,,
34221000037,C02,,,
34221000037,C03,,,
34221000037,C05,,,
34221000057,C01,,,
34221000057,C02,,,
34221000067,C01,,,
34221000070,C01,,,
34221000073,C01,,,
34221000073,C02,,,
34221000078,C01,,,
34221000078,C02,,,
34221000078,C03,,,
34221000080,C01,,,
34221000080,C02,,,
34223000048,C01,,,
34223000048,C02,,,
34223000054,C01,,,
34223000062,C01,,,
34223000067,C05,,,
34223000071,C01,,,
34223000075,C01,,,
34223000075,C03,,,
34223000076,C01,,,
34223000076,C02,,,
34223000077,C01,,,
34223000077,C02,,,
34223000085,C01,,,
34223000089,C01,,,
34223000089,C02,,,
34272000005,C01,,,
34272000005,C02,,,
34272000005,C03,,,
34272000005,C05,,,
34272000052,C01,,,
34272000052,C02,,,
34272000067,C01,,,
34272000067,C02,,,
34272000072,C01,,,
34272000072,C03,,,
34272000079,C01,,,
34272000079,C02,,,
34275000024,C01,,,
34275000036,C01,,,
34275000037,C01,,,
34275000038,C01,,,
34275000039,C01,,,
34275000039,C02,,,
34276000029,C01,,,
34276000029,C02,,,
34276000044,C01,,,
34276000044,C02,,,
34276000051,C03,,,
34276000066,C03,,,
34276000067,C03,,,
34276000068,C01,,,
34276000071,C01,,,
34276000071,C02,,,
34277000015,C01,,,
34277000015,C02,,,
34277000027,C01,,,
34277000027,C02,,,
34277000032,C01,,,
34278000011,C01,,,
34278000011,C02,,,
34278000011,C03,,,
34278000036,C01,,,
34278000036,C02,,,
34278000038,C01,,,
34278000042,C01,,,
34278000042,C02,,,
34278000043,C01,,,
34278000043,C02,,,
34279000025,C01,,,
34281000015,C01,,,
34281000015,C02,,,
34282000031,C03,,,
34283000042,C03,,,
34311000051,C01,,,
34311000051,C02,,,
34311000062,C01,,,
34311000062,C02,,,
34311000110,C01,,,
34311000110,C02,,,
34311000110,C03,,,
34311000120,C03,,,
34311000199,C01,,,
34311000199,C02,,,
34311000215,C01,,,
34311000215,C02,,,
34311000220,C01,,,
34311000220,C02,,,
34311000220,C03,,,
34311000261,C01,,,
34311000261,C02,,,
34311000261,C05,,,
34311000262,C01,,,
34311000265,C06,,,
34311000274,C01,,,
34311000274,C02,,,
34311000274,C03,,,
34311000314,C01,,,
34311000314,C03,,,
34311000317,C01,,,
34311000317,C02,,,
34311000320,C01,,,
34311000320,C02,,,
34311000335,C01,,,
34311000335,C02,,,
34311000336,C01,,,
34311000336,C02,,,
34311000337,C05,,,
34311000341,C01,,,
34311000341,C02,,,
34311000342,C01,,,
34311000342,C02,,,
34311000342,C03,,,
34311000356,C01,,,
34311000356,C02,,,
34311000356,C03,,,
34311000371,C01,,,
34311000371,C02,,,
34311000372,C01,,,
34311000372,C03,,,
34311000385,C01,,,
34311000385,C02,,,
34311000387,C01,,,
34311000387,C02,,,
34311000398,C03,,,
34311000399,C01,,,
34311000399,C02,,,
34311000400,C03,,,
34311000403,C03,,,
34311000413,C03,,,
34311000415,C01,,,
34311000415,C02,,,
34311000418,C03,,,
34311000420,C01,,,
34311000420,C03,,,
34311000427,C06,,,
34311000432,C01,,,
34311000432,C03,,,
34311000434,C01,,,
34311000434,C02,,,
34311000434,C03,,,
34311000441,C03,,,
34311000449,C01,,,
34311000449,C02,,,
34311000455,C01,,,
34311000455,C02,,,
34311000455,C03,,,
34311000455,C04,,,
34311000458,C01,,,
34311000458,C02,,,
34311000461,C01,,,
34311000461,C02,,,
34311000462,C01,,,
34311000462,C02,,,
34311000465,C01,,,
34311000469,C01,,,
34311000469,C02,,,
34311000470,C03,,,
34311000481,C03,,,
34311000483,C01,,,
34311000483,C03,,,
34311000491,C03,,,
34311000499,C03,,,
34311000500,C01,,,
34311000500,C03,,,
34311000504,C03,,,
34311000506,C01,,,
34311000506,C02,,,
34311000509,C01,,,
34311000509,C03,,,
34311000510,C03,,,
34311000512,C03,,,
34311000513,C01,,,
34311000513,C02,,,
34311000514,C01,,,
34311000514,C02,,,
34311000516,C05,,,
34311000518,C03,,,
34311000520,C01,,,
34311000520,C02,,,
34311000521,C01,,,
34311000521,C02,,,
34311000525,C01,,,
34311000525,C02,,,
34311000526,C03,,,
34311000528,C05,,,
34311000533,C01,,,
34311000540,C01,,,
34311000540,C02,,,
34311000552,C03,,,
34311000555,C01,,,
34311000556,C01,,,
34311000556,C02,,,
34311000556,C03,,,
34311000558,C01,,,
34311000559,C01,,,
34311000559,C02,,,
34311000559,C03,,,
34311000562,C01,,,
34311000564,C03,,,
34311000565,C01,,,
34311000565,C02,,,
34311000565,C03,,,
34311000568,C01,,,
34311000568,C03,,,
34311000570,C01,,,
34311000570,C03,,,
34311000576,C01,,,
34311000578,C03,,,
34311000582,C01,,,
34311000582,C02,,,
34311000584,C01,,,
34311000584,C02,,,
34311000586,C01,,,
34311000586,C02,,,
34311000590,C01,,,
34311000590,C05,,,
34311000592,C03,,,
34311000593,C01,,,
34311000593,C02,,,
34311000593,C03,,,
34311000594,C01,,,
34311000595,C03,,,
34311000596,C01,,,
34311000596,C02,,,
34311000597,C03,,,
34311000600,C03,,,
34311000603,C01,,,
34311000603,C02,,,
34311000605,C01,,,
34311000614,C01,,,
34311000614,C02,,,
34311000618,C01,,,
34311000618,C02,,,
34311000620,C03,,,
34311000624,C03,,,
34311000627,C01,,,
34311000627,C02,,,
34311000629,C03,,,
34311000630,C01,,,
34311000630,C02,,,
34311000630,C03,,,
34311000632,C03,,,
34311000633,C03,,,
34311000635,C01,,,
34311000635,C03,,,
34311000636,C01,,,
34311000636,C02,,,
34311000636,C03,,,
34311000638,C01,,,
34311000638,C03,,,
34311000641,C01,,,
34311000641,C03,,,
34311000642,C01,,,
34311000642,C02,,,
34311000643,C01,,,
34311000644,C01,,,
34311000645,C01,,,
34311000645,C02,,,
34311000649,C01,,,
34311000649,C02,,,
34311000649,C03,,,
34311000656,C03,,,
34311000658,C01,,,
34311000661,C01,,,
34311000661,C02,,,
34311000663,C06,,,
34311000665,C01,,,
34311000668,C01,,,
34311000668,C03,,,
34311000669,C01,,,
34311000669,C03,,,
34311000672,C01,,,
34311000674,C01,,,
34311000674,C02,,,
34311000677,C01,,,
34311000678,C03,,,
34311000679,C01,,,
34311000679,C03,,,
34311000691,C03,,,
34311000692,C01,,,
34311000692,C03,,,
34311000698,C01,,,
34311000698,C02,,,
34311000702,C01,,,
34311000702,C02,,,
34311000705,C01,,,
34311000709,C01,,,
34311000710,C01,,,
34311000713,C01,,,
34311000715,C01,,,
34311000715,C02,,,
34313000078,C01,,,
34313000078,C04,,,
34313000081,C01,,,
34313000083,C02,,,
34313000107,C01,,,
34313000129,C01,,,
34313000129,C06,,,
34313000136,C01,,,
34313000146,C01,,,
34313000150,C01,,,
34313000150,C02,,,
34313000157,C01,,,
34313000157,C02,,,
34313000164,C01,,,
34313000164,C02,,,
34313000171,C01,,,
34313000174,C01,,,
34313000175,C01,,,
34313000194,C03,,,
34313000198,C01,,,
34313000199,C01,,,
34313000199,C02,,,
34313000201,C01,,,
34313000203,C01,,,
34313000203,C03,,,
34313000210,C01,,,
34313000211,C03,,,
34313000212,C01,,,
34313000218,C01,,,
34313000220,C01,,,
34313000222,C03,,,
34313000224,C01,,,
34313000225,C01,,,
34313000229,C01,,,
34313000231,C01,,,
34313000234,C03,,,
34313000235,C01,,,
34313000236,C01,,,
34313000239,C01,,,
34313000241,C01,,,
34313000242,C01,,,
34313000242,C02,,,
34313000242,C03,,,
34315000011,C01,,,
34315000011,C02,,,
34315000011,C06,,,
34315000040,C01,,,
34315000040,C02,,,
34315000051,C01,,,
34315000051,C02,,,
34315000069,C01,,,
34315000069,C02,,,
34315000076,C01,,,
34315000077,C01,,,
34315000107,C01,,,
34315000115,C01,,,
34315000115,C02,,,
34315000115,C03,,,
34315000117,C01,,,
34315000117,C02,,,
34315000119,C03,,,
34315000121,C01,,,
34315000125,C03,,,
34315000128,C01,,,
34315000131,C01,,,
34315000133,C01,,,
34315000133,C02,,,
34315000133,C03,,,
34315000138,C03,,,
34315000140,C01,,,
34315000140,C02,,,
34315000142,C03,,,
34315000148,C03,,,
34315000149,C03,,,
34315000155,C03,,,
34315000156,C02,,,
34315000160,C01,,,
34315000160,C02,,,
34315000164,C05,,,
34371000019,C01,,,
34371000019,C02,,,
34371000075,C01,,,
34371000075,C02,,,
34372000036,C01,,,
34372000037,C01,,,
34372000037,C02,,,
34372000039,C01,,,
34372000040,C01,,,
34372000042,C01,,,
34373000029,C01,,,
34373000029,C02,,,
34373000065,C01,,,
34373000065,C02,,,
34373000074,C01,,,
34373000075,C01,,,
34373000075,C02,,,
34373000076,C01,,,
34373000076,C02,,,
34373000081,C01,,,
34373000081,C02,,,
34373000082,C01,,,
34373000082,C02,,,
34373000083,C01,,,
34373000083,C02,,,
34373000085,C01,,,
34373000089,C01,,,
34373000091,C01,,,
34373000091,C02,,,
34373000093,C01,,,
34373000093,C02,,,
34373000098,C01,,,
34373000098,C02,,,
34373000103,C01,,,
34374000009,C02,,,
34374000038,C03,,,
34374000063,C03,,,
34374000072,C03,,,
34374000073,C01,,,
34374000073,C02,,,
34374000077,C01,,,
34374000085,C01,,,
34374000085,C02,,,
34374000095,C01,,,
34374000095,C02,,,
34374000107,C01,,,
34374000107,C02,,,
34374000112,C03,,,
34374500016,C01,,,
34374500037,C01,,,
34374500051,C01,,,
34374500052,C01,,,
34374500052,C03,,,
34374500053,C01,,,
34374500053,C02,,,
34374500053,C06,,,
34375000026,C01,,,
34375000026,C02,,,
34375000026,C03,,,
34375000040,C01,,,
34375000040,C05,,,
34375000069,C03,,,
34375000070,C03,,,
34375000071,C01,,,
34375000071,C02,,,
34375000072,C01,,,
34375000072,C02,,,
34375000073,C03,,,
34375000074,C03,,,
34375000075,C03,,,
34375000078,C01,,,
34375000078,C02,,,
34375000082,C01,,,
34376000027,C01,,,
34376000027,C02,,,
34376000042,C01,,,
34376000058,C01,,,
34376000080,C01,,,
34376000080,C03,,,
34376000081,C01,,,
34377000019,C01,,,
34377000019,C02,,,
34377000019,C03,,,
34377000024,C01,,,
34377000024,C02,,,
34377000027,C01,,,
34377000035,C01,,,
34377000035,C03,,,
34377000072,C01,,,
34377000080,C01,,,
34377000080,C02,,,
34377000082,C01,,,
34377000082,C03,,,
34377000083,C01,,,
34377000083,C02,,,
34377000084,C01,,,
34377000084,C02,,,
34377000085,C01,,,
34377000085,C02,,,
34377000090,C01,,,
34377000092,C03,,,
34377000093,C03,,,
34377000094,C03,,,
34377000095,C01,,,
34377000095,C02,,,
34377000096,C01,,,
34377000096,C02,,,
34377000098,C01,,,
34377000098,C02,,,
34380000026,C01,,,
34380000026,C02,,,
34380000029,C01,,,
34380000029,C02,,,
34380000032,C01,,,
34380000032,C02,,,
34380000032,C03,,,
34380000038,C01,,,
34380000038,C02,,,
34413000058,C01,,,
34413000058,C02,,,
34413000058,C03,,,
34413000060,C01,,,
34413000060,C02,,,
34413000076,C03,,,
34413000108,C01,,,
34413000108,C02,,,
34413000123,C02,,,
34413000123,C03,,,
34413000164,C01,,,
34413000164,C02,,,
34413000193,C01,,,
34413000194,C01,,,
34413000194,C02,,,
34413000201,C01,,,
34413000201,C02,,,
34413000217,C01,,,
34413000217,C02,,,
34413000237,C01,,,
34413000237,C02,,,
34413000256,C01,,,
34413000256,C02,,,
34413000256,C03,,,
34413000277,C01,,,
34413000277,C02,,,
34413000277,C06,,,
34413000294,C01,,,
34413000296,C01,,,
34413000296,C02,,,
34413000296,C03,,,
34413000297,C01,,,
34413000308,C01,,,
34413000308,C02,,,
34413000308,C06,,,
34413000317,C03,,,
34413000318,C01,,,
34413000318,C03,,,
34413000321,C03,,,
34413000328,C01,,,
34413000328,C03,,,
34413000330,C03,,,
34413000342,C01,,,
34413000342,C02,,,
34413000342,C03,,,
34413000343,C01,,,
34413000346,C03,,,
34413000349,C01,,,
34413000349,C02,,,
34413000354,C01,,,
34413000354,C02,,,
34413000361,C01,,,
34413000361,C02,,,
34413000371,C01,,,
34413000371,C02,,,
34413000375,C01,,,
34413000375,C02,,,
34413000384,C01,,,
34413000387,C01,,,
34413000387,C02,,,
34413000388,C03,,,
34413000396,C01,,,
34413000396,C02,,,
34413000396,C03,,,
34413000397,C03,,,
34413000400,C03,,,
34413000408,C01,,,
34413000408,C03,,,
34413000414,C01,,,
34413000414,C03,,,
34413000416,C01,,,
34413000416,C02,,,
34413000418,C01,,,
34413000419,C01,,,
34413000419,C02,,,
34413000419,C05,,,
34413000420,C01,,,
34413000420,C02,,,
34413000420,C03,,,
34413000421,C01,,,
34413000421,C02,,,
34413000422,C03,,,
34413000424,C03,,,
34413000426,C01,,,
34413000426,C03,,,
34413000427,C01,,,
34413000427,C02,,,
34413000434,C01,,,
34413000434,C02,,,
34413000437,C03,,,
34413000437,C06,,,
34413000442,C01,,,
34413000442,C02,,,
34413000442,C03,,,
34413000464,C01,,,
34413000464,C02,,,
34413000472,C01,,,
34415000017,C01,,,
34415000017,C02,,,
34415000022,C01,,,
34415000022,C02,,,
34415000069,C01,,,
34415000072,C01,,,
34415000072,C02,,,
34415000086,C01,,,
34415000090,C01,,,
34415000090,C02,,,
34415000091,C01,,,
34415000091,C02,,,
34415000118,C01,,,
34415000123,C01,,,
34415000123,C02,,,
34415000124,C03,,,
34415000127,C01,,,
34415000134,C01,,,
34415000136,C01,,,
34415000138,C01,,,
34415000139,C01,,,
34415000140,C01,,,
34415000141,C01,,,
34415000145,C01,,,
34415000145,C02,,,
34415000146,C01,,,
34415000150,C01,,,
34415000151,C01,,,
34415000152,C01,,,
34415000155,C01,,,
34415000157,C01,,,
34415000159,C01,,,
34415000160,C01,,,
34415000161,C01,,,
34415000166,C01,,,
34415000167,C01,,,
34415000167,C02,,,
34415000174,C01,,,
34415000175,C01,,,
34418000063,C01,,,
34418000063,C02,,,
34418000084,C03,,,
34418000089,C01,,,
34418000089,C02,,,
34418000102,C01,,,
34418000102,C02,,,
34418000102,C03,,,
34418000104,C01,,,
34418000104,C02,,,
34418000104,C05,,,
34418000108,C01,,,
34418000108,C02,,,
34418000109,C01,,,
34418000109,C02,,,
34418000109,C05,,,
34418000112,C01,,,
34418000112,C02,,,
34418000124,C06,,,
34418000125,C01,,,
34418000125,C02,,,
34418000126,C01,,,
34418000128,C01,,,
34418000128,C03,,,
34418000136,C01,,,
34418000136,C02,,,
34418000138,C01,,,
34418000143,C03,,,
34418000145,C01,,,
34418000147,C01,,,
34418000147,C02,,,
34418000156,C01,,,
34418000164,C01,,,
34418000164,C02,,,
34418000172,C01,,,
34418000172,C03,,,
34420000142,C01,,,
34420000142,C02,,,
34420000149,C01,,,
34420000149,C02,,,
34420000150,C01,,,
34420000150,C05,,,
34420000157,C01,,,
34420000157,C02,,,
34420000157,C03,,,
34420000161,C01,,,
34420000161,C02,,,
34420000164,C01,,,
34420000164,C02,,,
34420000166,C01,,,
34420000166,C02,,,
34420000170,C01,,,
34420000170,C02,,,
34420000179,C01,,,
34420000179,C02,,,
34420000181,C01,,,
34420000181,C02,,,
34420000183,C01,,,
34420000188,C01,,,
34420000188,C02,,,
34420000195,C01,,,
34420000195,C02,,,
34420000195,C05,,,
34420000200,C01,,,
34420000200,C02,,,
34420000209,C01,,,
34420000209,C02,,,
34420000216,C01,,,
34420000216,C02,,,
34420000220,C01,,,
34420000220,C02,,,
34420000223,C01,,,
34420000223,C02,,,
34420000225,C01,,,
34420000227,C01,,,
34420000227,C02,,,
34420000229,C01,,,
34420000231,C01,,,
34420000231,C03,,,
34420000234,C01,,,
34420000234,C02,,,
34420000236,C01,,,
34420000239,C03,,,
34420000246,C01,,,
34420000246,C02,,,
34420000250,C01,,,
34420000250,C02,,,
34420000252,C01,,,
34420000252,C02,,,
34420000256,C01,,,
34420000256,C02,,,
34421000007,C01,,,
34421000007,C02,,,
34421000022,C01,,,
34421000022,C02,,,
34421000022,C03,,,
34421000029,C01,,,
34421000029,C02,,,
34421000075,C01,,,
34421000075,C02,,,
34421000076,C01,,,
34421000076,C02,,,
34421000077,C01,,,
34421000077,C02,,,
34421000118,C01,,,
34421000118,C02,,,
34421000121,C01,,,
34421000121,C02,,,
34421000124,C01,,,
34421000136,C01,,,
34421000136,C02,,,
34421000136,C06,,,
34421000139,C01,,,
34421000139,C02,,,
34421000146,C06,,,
34421000148,C01,,,
34421000148,C02,,,
34421000150,C01,,,
34421000150,C02,,,
34421000151,C03,,,
34421000155,C01,,,
34421000156,C01,,,
34421000156,C02,,,
34421000157,C03,,,
34421000158,C01,,,
34421000158,C02,,,
34421000161,C01,,,
34421000161,C02,,,
34421000163,C01,,,
34421000163,C02,,,
34421000163,C03,,,
34421000165,C01,,,
34421000165,C02,,,
34421000166,C01,,,
34421000166,C02,,,
34421000166,C05,,,
34421000168,C01,,,
34421000168,C02,,,
34421000170,C01,,,
34421000171,C01,,,
34421000171,C02,,,
34421000174,C01,,,
34421000175,C01,,,
34421000175,C02,,,
34421000187,C01,,,
34421000187,C02,,,
34421000191,C03,,,
34423000021,C03,,,
34423000036,C01,,,
34423000036,C02,,,
34423000042,C03,,,
34423000051,C01,,,
34423000051,C03,,,
34423000066,C01,,,
34423000071,C03,,,
34423000077,C03,,,
34423000093,C01,,,
34423000093,C02,,,
34423000101,C01,,,
34423000101,C02,,,
34423000101,C03,,,
34423000114,C01,,,
34423000114,C02,,,
34423000114,C03,,,
34423000117,C01,,,
34423000117,C02,,,
34423000125,C01,,,
34423000125,C02,,,
34423000127,C03,,,
34423000131,C01,,,
34423000131,C02,,,
34423000133,C01,,,
34423000133,C02,,,
34423000133,C03,,,
34423000136,C03,,,
34423000137,C01,,,
34423000137,C02,,,
34423000137,C03,,,
34423000137,C06,,,
34423000139,C01,,,
34423000139,C02,,,
34423000141,C01,,,
34423000141,C02,,,
34423000142,C03,,,
34423000145,C03,,,
34423000147,C01,,,
34423000147,C02,,,
34423000148,C03,,,
34423000152,C01,,,
34423000152,C02,,,
34423000158,C01,,,
34423000158,C02,,,
34423000160,C01,,,
34423000160,C03,,,
34423000166,C01,,,
34423000166,C02,,,
34423000167,C03,,,
34423000177,C01,,,
34423000180,C03,,,
34423000186,C03,,,
34423000187,C01,,,
34423000187,C03,,,
34423000193,C06,,,
34423000196,C01,,,
34423000198,C01,,,
34423000198,C02,,,
34423000200,C01,,,
34423000200,C02,,,
34423000202,C01,,,
34423000202,C02,,,
34423000205,C01,,,
34423000205,C02,,,
34423000208,C01,,,
34423000208,C02,,,
34423000208,C03,,,
34423000209,C01,,,
34423000209,C03,,,
34423000211,C01,,,
34423000211,C03,,,
34423000214,C01,,,
34423000217,C03,,,
34423000218,C01,,,
34423000218,C02,,,
34423000219,C01,,,
34423000219,C02,,,
34423000222,C03,,,
34423000224,C01,,,
34423000224,C02,,,
34425000001,C03,,,
34425000020,C01,,,
34425000020,C02,,,
34425000020,C06,,,
34425000033,C01,,,
34425000033,C03,,,
34425000053,C01,,,
34425000053,C02,,,
34425000064,C01,,,
34427000077,C01,,,
34427000077,C02,,,
34427000085,C01,,,
34427000085,C02,,,
34427000085,C03,,,
34427000100,C01,,,
34427000100,C02,,,
34427000100,C03,,,
34427000101,C01,,,
34427000101,C02,,,
34427000101,C03,,,
34427000107,C01,,,
34427000108,C01,,,
34427000108,C03,,,
34427000110,C01,,,
34427000110,C02,,,
34427000117,C01,,,
34427000117,C02,,,
34427000118,C01,,,
34427000118,C02,,,
34427000118,C03,,,
34427000122,C01,,,
34427000122,C02,,,
34427000122,C03,,,
34427000125,C01,,,
34427000125,C03,,,
34427000127,C01,,,
34427000127,C02,,,
34427000127,C03,,,
34427000128,C01,,,
34427000129,C01,,,
34427000129,C03,,,
34427000130,C01,,,
34427000131,C01,,,
34427000131,C03,,,
34427000136,C01,,,
34427000141,C03,,,
34427000142,C01,,,
34427000142,C02,,,
34427000142,C03,,,
34427000147,C01,,,
34427000147,C02,,,
34427000147,C03,,,
34427000148,C01,,,
34427000148,C02,,,
34427000148,C03,,,
34427000151,C01,,,
34427000151,C03,,,
34427000152,C01,,,
34427000152,C03,,,
34427000155,C01,,,
34427000155,C03,,,
34427000159,C03,,,
34427000160,C01,,,
34427000162,C01,,,
34427000165,C01,,,
34427000165,C02,,,
34427000165,C03,,,
34427000167,C01,,,
34427000168,C01,,,
34427000168,C03,,,
34427000169,C01,,,
34427000169,C02,,,
34471000054,C01,,,
34471000054,C02,,,
34471000054,C03,,,
34471000056,C01,,,
34471000056,C02,,,
34471000056,C03,,,
34471000057,C01,,,
34471000057,C02,,,
34471000065,C01,,,
34471000065,C02,,,
34471000065,C03,,,
34471000068,C01,,,
34471000068,C02,,,
34471000082,C03,,,
34471000083,C01,,,
34471000083,C02,,,
34471000084,C01,,,
34471000084,C02,,,
34471000085,C01,,,
34471000085,C02,,,
34471000086,C01,,,
34471000086,C03,,,
34471000090,C01,,,
34471000090,C02,,,
34471000090,C03,,,
34471000090,C05,,,
34471000092,C01,,,
34471000092,C02,,,
34471000094,C01,,,
34471000102,C01,,,
34471000102,C02,,,
34471000107,C01,,,
34471000107,C02,,,
34471000108,C03,,,
34471000114,C01,,,
34471000114,C02,,,
34471000114,C03,,,
34473000052,C01,,,
34473000052,C02,,,
34476000009,C01,,,
34476000009,C02,,,
34476000042,C01,,,
34476000042,C02,,,
34476000042,C03,,,
34476000049,C01,,,
34476000049,C02,,,
34476000049,C03,,,
34476000049,I31,,,
34476000049,I32,,,
34476000053,C01,,,
34476000053,C02,,,
34476000061,C01,,,
34476000061,C02,,,
34476000061,C03,,,
34476000063,C01,,,
34476000063,C02,,,
34476000063,C03,,,
34476000070,C01,,,
34476000073,C01,,,
34476000073,C02,,,
34476000073,C03,,,
34476000073,C04,,,
34476000073,I31,,,
34476000078,C01,,,
34476000078,C02,,,
34476000078,C03,,,
34476000084,C03,,,
34476000095,C03,,,
34476000102,C01,,,
34476000103,C05,,,
34476000109,C01,,,
34476000109,C02,,,
34476000111,C05,,,
34476000114,C01,,,
34476000114,C02,,,
34476000115,C03,,,
34476000122,C01,,,
34476000122,C02,,,
34476000122,C03,,,
34476000122,I31,,,
34477000009,C01,,,
34477000009,C02,,,
34477000017,C01,,,
34477000017,C02,,,
34477000020,C03,,,
34477000036,C01,,,
34477000049,C01,,,
34477000049,C03,,,
34477000051,C01,,,
34477000051,C02,,,
34477000059,C01,,,
34477000059,C02,,,
34477000067,C01,,,
34477000067,C02,,,
34477000082,C01,,,
34477000085,C01,,,
34477000085,C02,,,
34477000088,C01,,,
34477000088,C03,,,
34477000090,C01,,,
34477000091,C01,,,
34477000091,C02,,,
34477000094,C01,,,
34477000096,C01,,,
34479000027,C01,,,
34479000027,C02,,,
34479000031,C01,,,
34479000031,C02,,,
34479000046,C01,,,
34479000046,C02,,,
34479000046,C03,,,
34479000049,C01,,,
34479000049,C02,,,
34479000056,C01,,,
34479000056,C02,,,
34479000058,C01,,,
34479000058,C02,,,
34479000066,C01,,,
34479000066,C02,,,
34479000066,C03,,,
34479000068,C01,,,
34479000068,C02,,,
34479000069,C01,,,
34479000070,C01,,,
34479000070,C02,,,
34480000008,C03,,,
34480000024,C01,,,
34480000024,C02,,,
34480000024,C03,,,
34480000024,C06,,,
34480000026,C03,,,
34480000033,C03,,,
34480000041,C01,,,
34480000041,C02,,,
34480000045,C01,,,
34480000045,C02,,,
34480000045,C06,,,
34480000046,C01,,,
34480000046,C03,,,
34480000048,C01,,,
34480000048,C02,,,
34480000054,C01,,,
34480000054,C02,,,
34480000073,C01,,,
34480000073,C02,,,
34480000073,C03,,,
34480000074,C01,,,
34480000074,C02,,,
34480000082,C01,,,
34480000082,C02,,,
34480000082,C06,,,
34480000083,C01,,,
34480000083,C02,,,
34480000085,C01,,,
34480000086,C01,,,
34480000086,C05,,,
34480000087,C01,,,
34480000087,C02,,,
34480000092,C01,,,
34480000092,C03,,,
34480000098,C03,,,
34480000104,C01,,,
34480000104,C02,,,
34480000108,C01,,,
34480000108,C02,,,
34480000111,C01,,,
34480000112,C01,,,
34480000113,C01,,,
34480000113,C05,,,
34480000116,C01,,,
34480000116,C02,,,
34480000117,C03,,,
34480000120,C03,,,
34480000127,C01,,,
34481000003,C03,,,
34481000028,C03,,,
34481000039,C03,,,
34481000052,C01,,,
34481000052,C02,,,
34481000052,C03,,,
34481000052,C06,,,
34481000084,C01,,,
34481000084,C02,,,
34481000091,C01,,,
34481000091,C02,,,
34481000092,C03,,,
34481000108,C03,,,
34481000110,C01,,,
34481000112,C01,,,
34481000112,C02,,,
34481000112,C03,,,
34481000114,C01,,,
34481000114,C02,,,
34481000114,C03,,,
34481000114,I31,,,
34481000115,C01,,,
34481000115,C03,,,
34481000118,C01,,,
34481000118,C02,,,
34481000119,C01,,,
34481000119,C02,,,
34481000120,C01,,,
34481000120,C02,,,
34481000132,C01,,,
34481000132,C02,,,
34481000136,C01,,,
34481000137,C01,,,
34481000143,C03,,,
34481000146,C01,,,
34481000147,C01,,,
34481000153,C01,,,
34481000153,C02,,,
34481000153,C05,,,
34481000153,C06,,,
34481000157,C01,,,
34481000157,C02,,,
34481000158,C01,,,
34481000158,C02,,,
34482500002,C01,,,
34482500002,C02,,,
34482500034,C01,,,
34482500034,C02,,,
34482500034,C05,,,
34482500059,C06,,,
34482500069,C01,,,
34482500071,C02,,,
34482500072,C01,,,
34482500072,C02,,,
34482500072,C05,,,
34482500078,C01,,,
34482500078,C02,,,
34482500085,C01,,,
34482500089,C03,,,
34482500091,C01,,,
34482500091,C02,,,
34482500092,C01,,,
34482500092,C02,,,
34482500094,C01,,,
34482500094,C02,,,
34482500095,C01,,,
34482500095,C02,,,
34482500096,C01,,,
34482500096,C02,,,
34482500097,C01,,,
34482500097,C02,,,
34483000048,C03,,,
34483000052,C05,,,
34483000063,C01,,,
34483000063,C02,,,
34483000063,C03,,,
34511000081,C01,,,
34511000081,C02,,,
34511000127,C03,,,
34511000136,C03,,,
34511000148,C03,,,
34511000193,C01,,,
34511000193,C02,,,
34511000220,C01,,,
34511000220,C02,,,
34511000231,C01,,,
34511000233,C01,,,
34511000233,C02,,,
34511000259,C01,,,
34511000259,C02,,,
34511000267,C01,,,
34511000267,C02,,,
34511000278,C01,,,
34511000278,C02,,,
34511000281,C01,,,
34511000281,C02,,,
34511000294,C01,,,
34511000294,C02,,,
34511000296,C01,,,
34511000296,C02,,,
34511000297,C01,,,
34511000333,C01,,,
34511000333,C02,,,
34511000335,C01,,,
34511000335,C03,,,
34511000345,C01,,,
34511000345,C02,,,
34511000346,C01,,,
34511000346,C02,,,
34511000346,C03,,,
34511000349,C01,,,
34511000349,C02,,,
34511000349,C03,,,
34511000363,C01,,,
34511000363,C03,,,
34511000369,C03,,,
34511000373,C01,,,
34511000373,C02,,,
34511000373,C03,,,
34511000387,C01,,,
34511000392,C01,,,
34511000392,C03,,,
34511000395,C01,,,
34511000395,C02,,,
34511000399,C01,,,
34511000399,C02,,,
34511000399,C03,,,
34511000403,C01,,,
34511000403,C02,,,
34511000406,C01,,,
34511000406,C02,,,
34511000406,C03,,,
34511000407,C01,,,
34511000407,C02,,,
34511000408,C01,,,
34511000408,C02,,,
34511000408,C03,,,
34511000410,C01,,,
34511000410,C02,,,
34511000414,C06,,,
34511000422,C01,,,
34511000422,C02,,,
34511000427,C01,,,
34511000427,C02,,,
34511000429,C01,,,
34511000429,C02,,,
34511000431,C03,,,
34511000434,C01,,,
34511000434,C02,,,
34511000439,C06,,,
34511000441,C03,,,
34511000442,C03,,,
34511000444,C01,,,
34511000444,C02,,,
34511000446,C01,,,
34511000446,C02,,,
34511000446,C03,,,
34511000448,C01,,,
34511000448,C02,,,
34511000448,C03,,,
34511000449,C01,,,
34511000449,C02,,,
34511000450,C01,,,
34511000450,C02,,,
34511000453,C01,,,
34511000453,C02,,,
34511000455,C01,,,
34511000455,C02,,,
34511000455,C03,,,
34511000456,C01,,,
34511000456,C02,,,
34511000458,C01,,,
34511000458,C02,,,
34511000462,C03,,,
34511000466,C01,,,
34511000466,C02,,,
34511000467,C01,,,
34511000467,C02,,,
34511000468,C01,,,
34511000468,C02,,,
34511000469,C06,,,
34511000471,C01,,,
34511000471,C02,,,
34511000476,C01,,,
34511000476,C02,,,
34511000478,C01,,,
34511000478,C03,,,
34511000479,C01,,,
34511000479,C02,,,
34511000480,C01,,,
34511000480,C02,,,
34511000482,C01,,,
34511000482,C02,,,
34511000484,C01,,,
34511000484,C02,,,
34511000492,C06,,,
34511000494,C01,,,
34511000494,C02,,,
34511000498,C01,,,
34511000498,C02,,,
34511000499,C01,,,
34511000499,C02,,,
34511000500,C01,,,
34511000500,C02,,,
34511000501,C01,,,
34511000501,C02,,,
34511000501,C05,,,
34511000507,C03,,,
34511000516,C01,,,
34511000516,C02,,,
34511000516,C03,,,
34511000519,C03,,,
34511000520,C01,,,
34511000522,C01,,,
34511000522,C02,,,
34511000525,C03,,,
34511000526,C01,,,
34511000526,C03,,,
34511000529,C01,,,
34511000529,C03,,,
34511000530,C01,,,
34511000530,C03,,,
34511000532,C01,,,
34511000532,C03,,,
34511000534,C01,,,
34511000534,C02,,,
34511000538,C03,,,
34511000539,C01,,,
34511000539,C02,,,
34511000540,C01,,,
34511000540,C02,,,
34511000541,C01,,,
34511000541,C02,,,
34511000542,C01,,,
34511000542,C02,,,
34511000543,C01,,,
34511000543,C02,,,
34511000544,C01,,,
34511000544,C03,,,
34511000545,C01,,,
34511000545,C02,,,
34511000546,C01,,,
34511000546,C02,,,
34511000549,C03,,,
34511000552,C01,,,
34511000552,C03,,,
34511000557,C03,,,
34511000559,C01,,,
34511000559,C02,,,
34511000560,C01,,,
34511000560,C03,,,
34511000566,C01,,,
34511000566,C02,,,
34511000568,C01,,,
34511000568,C02,,,
34511000569,C01,,,
34511000569,C02,,,
34511000570,C01,,,
34511000570,C02,,,
34511000571,C01,,,
34511000571,C02,,,
34511000572,C01,,,
34511000573,C01,,,
34511000573,C02,,,
34511000574,C01,,,
34511000574,C02,,,
34511000575,C01,,,
34511000575,C02,,,
34511000577,C01,,,
34511000577,C02,,,
34511000581,C03,,,
34511000583,C01,,,
34511000583,C02,,,
34511000586,C01,,,
34511000586,C02,,,
34511000586,C03,,,
34511000587,C01,,,
34511000587,C03,,,
34511000588,C01,,,
34511000588,C03,,,
34511000588,C05,,,
34511000590,C03,,,
34511000594,C01,,,
34511000594,C02,,,
34511000594,C03,,,
34511000596,C01,,,
34511000596,C02,,,
34511000596,C03,,,
34511000598,C01,,,
34511000601,C01,,,
34511000602,C01,,,
34511000602,C02,,,
34511000605,C01,,,
34511000605,C02,,,
34511000605,C03,,,
34511000607,C01,,,
34511000607,C02,,,
34511000611,C01,,,
34511000611,C02,,,
34511000613,C01,,,
34511000613,C02,,,
34511000621,C01,,,
34511000621,C02,,,
34511000624,C01,,,
34511000624,C02,,,
34511000633,C01,,,
34511000633,C02,,,
34511000639,C01,,,
34511000639,C02,,,
34511000640,C01,,,
34511000640,C02,,,
34511000642,C01,,,
34511000642,C02,,,
34513000124,C01,,,
34513000124,C02,,,
34513000124,C03,,,
34513000140,C01,,,
34513000140,C02,,,
34513000141,C01,,,
34513000141,C02,,,
34513000150,C01,,,
34513000150,C02,,,
34513000151,C01,,,
34513000151,C02,,,
34513000153,C06,,,
34513000168,C01,,,
34513000168,C02,,,
34513000168,C06,,,
34513000172,C06,,,
34513000174,C01,,,
34513000182,C01,,,
34513000182,C02,,,
34513000200,C06,,,
34513000204,C01,,,
34513000204,C02,,,
34513000210,C01,,,
34513000210,C02,,,
34513000212,C05,,,
34513000213,C01,,,
34513000213,C02,,,
34513000222,C01,,,
34513000222,C02,,,
34513000227,C01,,,
34513000227,C02,,,
34513000239,C01,,,
34513000239,C02,,,
34513000244,C01,,,
34513000244,C02,,,
34513000245,C01,,,
34513000250,C01,,,
34513000250,C02,,,
34513000254,C01,,,
34513000254,C03,,,
34513000255,C03,,,
34513000256,C01,,,
34513000256,C02,,,
34513000257,C03,,,
34513000258,C05,,,
34513000259,C01,,,
34513000262,C01,,,
34513000264,C01,,,
34513000264,C02,,,
34513000272,C01,,,
34513000272,C02,,,
34513000275,C01,,,
34513000275,C02,,,
34513000280,C01,,,
34513000280,C02,,,
34513000282,C01,,,
34513000283,C01,,,
34513000285,C03,,,
34513000286,C03,,,
34513000288,C01,,,
34513000295,C01,,,
34513000297,C01,,,
34513000301,C01,,,
34513000304,C03,,,
34513000307,C03,,,
34513000309,C01,,,
34513000314,C01,,,
34513000317,C01,,,
34513000317,C03,,,
34513000318,C01,,,
34513000321,C01,,,
34513000321,C02,,,
34513000323,C01,,,
34513000324,C01,,,
34513000324,C02,,,
34513000325,C01,,,
34513000325,C02,,,
34513000328,C01,,,
34513000328,C06,,,
34514000041,C03,,,
34514000043,C03,,,
34514000076,C03,,,
34514000152,C03,,,
34514000202,C01,,,
34514000216,C01,,,
34514000216,C02,,,
34514000223,C01,,,
34514000223,C02,,,
34514000233,C01,,,
34514000233,C03,,,
34514000237,C01,,,
34514000237,C02,,,
34514000250,C01,,,
34514000250,C02,,,
34514000257,C01,,,
34514000257,C02,,,
34514000269,C01,,,
34514000269,C02,,,
34514000269,C06,,,
34514000275,C01,,,
34514000275,C02,,,
34514000276,C01,,,
34514000276,C02,,,
34514000287,C01,,,
34514000287,C02,,,
34514000287,C03,,,
34514000292,C01,,,
34514000292,C02,,,
34514000292,C03,,,
34514000295,C01,,,
34514000295,C02,,,
34514000295,C03,,,
34514000298,C01,,,
34514000298,C02,,,
34514000303,C01,,,
34514000303,C02,,,
34514000311,C01,,,
34514000311,C03,,,
34514000324,C03,,,
34514000328,C01,,,
34514000328,C05,,,
34514000329,C03,,,
34514000330,C01,,,
34514000330,C02,,,
34514000332,C01,,,
34514000334,C01,,,
34514000334,C02,,,
34514000338,C01,,,
34514000338,C02,,,
34514000339,C01,,,
34514000339,C02,,,
34514000339,C03,,,
34514000342,C01,,,
34514000342,C02,,,
34514000345,C01,,,
34514000345,C02,,,
34514000351,C03,,,
34514000352,C01,,,
34514000352,C02,,,
34514000352,C03,,,
34514000360,C03,,,
34514000363,C01,,,
34514000363,C02,,,
34514000365,C01,,,
34514000365,C02,,,
34514000369,C01,,,
34514000369,C02,,,
34514000373,C01,,,
34514000373,C02,,,
34514000375,C01,,,
34514000375,C03,,,
34514000376,C01,,,
34514000376,C02,,,
34514000376,C03,,,
34514000378,C01,,,
34514000378,C02,,,
34514000383,C01,,,
34514000383,C02,,,
34514000383,C05,,,
34514000385,C03,,,
34514000386,C03,,,
34514000387,C01,,,
34514000387,C02,,,
34514000390,C01,,,
34514000390,C02,,,
34514000392,C01,,,
34514000392,C02,,,
34514000396,C01,,,
34514000396,C02,,,
34514000398,C06,,,
34514000400,C01,,,
34514000404,C01,,,
34514000405,C01,,,
34514000405,C02,,,
34514000407,C01,,,
34514000409,C01,,,
34514000409,C02,,,
34514000411,C01,,,
34514000411,C02,,,
34514000413,C03,,,
34514000414,C01,,,
34514000416,C01,,,
34514000416,C02,,,
34514000420,C01,,,
34514000420,C03,,,
34514000421,C01,,,
34514000421,C02,,,
34514000423,C01,,,
34514000425,C01,,,
34514000425,C02,,,
34514000430,C01,,,
34514000430,C03,,,
34514000431,C01,,,
34514000431,C02,,,
34514000440,C03,,,
34514000441,C03,,,
34518000034,C01,,,
34518000034,C02,,,
34518000077,C01,,,
34518000077,C02,,,
34518000080,C01,,,
34518000080,C02,,,
34518000082,C01,,,
34518000082,C02,,,
34518000092,C06,,,
34518000096,C01,,,
34518000096,C02,,,
34518000099,C01,,,
34518000099,C02,,,
34518000101,C01,,,
34518000101,C02,,,
34518000101,C03,,,
34518000101,C06,,,
34518000104,C01,,,
34518000104,C02,,,
34518000104,C03,,,
34518000105,C01,,,
34518000105,C03,,,
34518000107,C01,,,
34518000107,C02,,,
34518000108,C01,,,
34518000108,C02,,,
34518000108,C03,,,
34518000112,C01,,,
34518000112,C05,,,
34518000114,C01,,,
34518000114,C03,,,
34518000117,C01,,,
34518000120,C01,,,
34518000122,C01,,,
34518000122,C02,,,
34518000122,C03,,,
34518000123,C01,,,
34518000123,C02,,,
34518000125,C01,,,
34518000125,C03,,,
34518000129,C01,,,
34518000133,C01,,,
34518000133,C02,,,
34518000137,C01,,,
34518000137,C02,,,
34518000141,C01,,,
34518000141,C03,,,
34518000145,C05,,,
34518000151,C01,,,
34518000158,C03,,,
34518000161,C03,,,
34518000164,C01,,,
34518000164,C03,,,
34518000165,C01,,,
34518000165,C02,,,
34518000165,C03,,,
34518000167,C01,,,
34518000167,C02,,,
34518000169,C01,,,
34518000169,C02,,,
34518000171,C06,,,
34518000172,C01,,,
34518000173,C01,,,
34518000173,C02,,,
34518000173,C05,,,
34518000174,C01,,,
34518000175,C01,,,
34518000175,C02,,,
34518000176,C01,,,
34518000176,C02,,,
34518000177,C01,,,
34518000177,C03,,,
34518000178,C01,,,
34518000178,C06,,,
34518000179,C01,,,
34518000179,C02,,,
34518000180,C01,,,
34518000180,C02,,,
34518000184,C01,,,
34518000184,C02,,,
34518000184,C03,,,
34518000187,C05,,,
34518000189,C01,,,
34518000189,C03,,,
34518000192,C03,,,
34518000193,C01,,,
34518000194,C01,,,
34518000194,C02,,,
34518000195,C01,,,
34518000195,C02,,,
34518000196,C01,,,
34518000196,C02,,,
34518000197,C01,,,
34518000197,C02,,,
34518000198,C01,,,
34518000198,C02,,,
34518000201,C01,,,
34518000201,C02,,,
34518000202,C01,,,
34518000202,C02,,,
34518000203,C03,,,
34519000014,C03,,,
34519000029,C03,,,
34519000046,C01,,,
34519000046,C02,,,
34519000046,C03,,,
34519000060,C01,,,
34519000060,C02,,,
34519000079,C01,,,
34519000079,C02,,,
34519000079,C03,,,
34519000083,C01,,,
34519000083,C02,,,
34519000083,C03,,,
34519000087,C01,,,
34519000087,C02,,,
34519000092,C01,,,
34519000092,C02,,,
34519000094,C01,,,
34519000094,C02,,,
34519000094,C05,,,
34519000096,C01,,,
34519000096,C02,,,
34519000096,C03,,,
34519000097,C06,,,
34519000099,C01,,,
34519000099,C02,,,
34519000099,C03,,,
34519000104,C01,,,
34519000104,C02,,,
34519000105,C01,,,
34519000105,C02,,,
34519000107,C01,,,
34519000107,C02,,,
34519000110,C01,,,
34519000110,C02,,,
34519000110,C03,,,
34519000111,C01,,,
34519000111,C02,,,
34519000112,C01,,,
34519000112,C02,,,
34519000113,C01,,,
34519000113,C02,,,
34519000114,C05,,,
34519000115,C03,,,
34519000115,I31,,,
34519000118,C01,,,
34519000118,C02,,,
34519000118,C03,,,
34519000123,C01,,,
34519000123,C02,,,
34519000124,C01,,,
34519000124,C02,,,
34519000125,C01,,,
34519000125,C02,,,
34519000125,C03,,,
34519000129,C01,,,
34519000129,C02,,,
34521000048,C01,,,
34521000048,C02,,,
34521000048,C03,,,
34521000055,C01,,,
34521000055,C02,,,
34521000055,C03,,,
34521000074,C01,,,
34521000074,C02,,,
34521000074,C05,,,
34521000094,C01,,,
34521000094,C02,,,
34521000098,C01,,,
34521000098,C02,,,
34521000101,C03,,,
34521000107,C01,,,
34521000107,C02,,,
34521000114,C01,,,
34521000114,C02,,,
34521000124,C01,,,
34521000124,C02,,,
34521000131,C01,,,
34521000131,C02,,,
34521000140,C03,,,
34521000152,C01,,,
34521000152,C02,,,
34521000157,C01,,,
34521000157,C02,,,
34521000159,C01,,,
34521000159,C02,,,
34521000163,C01,,,
34521000163,C02,,,
34521000166,C01,,,
34521000169,C01,,,
34521000169,C02,,,
34521000182,C01,,,
34521000182,C02,,,
34521000186,C01,,,
34521000186,C02,,,
34571000047,C01,,,
34571000047,C02,,,
34571000047,C03,,,
34571000050,C01,,,
34571000050,C02,,,
34571000059,C01,,,
34571000059,C02,,,
34571000062,C03,,,
34571000066,C01,,,
34571000066,C02,,,
34571000068,C03,,,
34571000073,C01,,,
34571000073,C02,,,
34571000078,C03,,,
34571000083,C05,,,
34571000088,C01,,,
34571000088,C02,,,
34571000088,C03,,,
34571000089,C01,,,
34571000089,C03,,,
34571000094,C01,,,
34571000094,C02,,,
34571000099,C03,,,
34572000056,C01,,,
34572000056,C02,,,
34572000058,C01,,,
34572000058,C02,,,
34572000062,C01,,,
34572000062,C02,,,
34572000062,C03,,,
34572000063,C01,,,
34572000063,C02,,,
34573000022,C01,,,
34573000022,C02,,,
34573000027,C01,,,
34573000027,C02,,,
34573000034,C03,,,
34573000037,C01,,,
34573000037,C02,,,
34573000042,C03,,,
34573000044,C01,,,
34573000044,C02,,,
34573000049,C01,,,
34573000049,C02,,,
34573000052,C01,,,
34574000025,C01,,,
34574000025,C02,,,
34574000027,C01,,,
34574000027,C02,,,
34574000037,C01,,,
34574000037,C02,,,
34574000043,C01,,,
34574000043,C02,,,
34575000035,C06,,,
34575000048,C01,,,
34575000048,C02,,,
34575000054,C01,,,
34575000054,C02,,,
34575000055,C01,,,
34575000055,C02,,,
34575000056,C01,,,
34575000056,C02,,,
34575000056,C03,,,
34575000062,C01,,,
34575000062,C02,,,
34575000066,C01,,,
34575000066,C02,,,
34577000011,C01,,,
34577000011,C03,,,
34577000031,C01,,,
34577000031,C02,,,
34577000038,C01,,,
34577000038,C02,,,
34577000040,C01,,,
34577000040,C02,,,
34577000044,C01,,,
34577000044,C02,,,
34577000046,C01,,,
34577000046,C02,,,
34577000051,C03,,,
34579000039,C03,,,
34579000039,C05,,,
34579000039,I31,,,
34579000041,C01,,,
34579000041,C02,,,
34579000041,C03,,,
34579000046,C01,,,
34579000046,C02,,,
34579000053,C01,,,
34579000053,C02,,,
34579000056,C01,,,
34579000056,C02,,,
34579000056,C03,,,
34579000064,C01,,,
34579000064,C02,,,
34579000064,C03,,,
34579000077,C01,,,
34579000077,C02,,,
34579000080,C01,,,
34579000080,C02,,,
34579000082,C01,,,
34579000082,C02,,,
34579000083,C01,,,
34579000083,C02,,,
34579000089,C01,,,
34579000089,C02,,,
34579000090,C01,,,
34579000090,C02,,,
34579000091,C01,,,
34579000091,C02,,,
34579000096,C01,,,
34579000096,C02,,,
34579000097,C01,,,
34579000097,C02,,,
34580000033,C01,,,
34580000033,C02,,,
34580000040,C01,,,
34580000040,C02,,,
34580000080,C01,,,
34580000096,C01,,,
34580000096,C02,,,
34580000100,C06,,,
34580000106,C01,,,
34580000106,C02,,,
34580000107,C01,,,
34580000107,C02,,,
34580000107,C03,,,
34580000113,C01,,,
34580000113,C02,,,
34580000114,C01,,,
34580000114,C02,,,
34580000114,C06,,,
34580000118,C01,,,
34580000122,C01,,,
34580000122,C02,,,
34580000127,C01,,,
34580000127,C02,,,
34580000129,C01,,,
34580000129,C02,,,
34580000131,C01,,,
34580000131,C02,,,
34580000133,C05,,,
34580000134,C01,,,
34580000134,C02,,,
34580000134,C06,,,
34580000140,C03,,,
34580000141,C01,,,
34580000141,C02,,,
34580000146,C01,,,
34580000146,C02,,,
34580000146,C03,,,
34580000148,C01,,,
34580000148,C02,,,
34611000046,C03,,,
34611000067,C01,,,
34611000067,C02,,,
34611000097,C01,,,
34611000097,C02,,,
34611000102,C01,,,
34611000117,C03,,,
34611000123,C01,,,
34611000123,C02,,,
34611000141,C01,,,
34611000141,C02,,,
34611000156,C06,,,
34611000160,C01,,,
34611000160,C02,,,
34611000170,C01,,,
34611000170,C02,,,
34611000171,C01,,,
34611000179,C01,,,
34611000185,C01,,,
34611000185,C02,,,
34611000186,C01,,,
34611000186,C02,,,
34611000196,C01,,,
34611000199,C01,,,
34611000201,C01,,,
34611000208,C01,,,
34611000212,C03,,,
34611000215,C01,,,
34611000215,C02,,,
34611000228,C01,,,
34611000238,C01,,,
34611000238,C02,,,
34611000250,C01,,,
34611000250,C02,,,
34611000252,C01,,,
34611000259,C01,,,
34611000259,C02,,,
34611000263,C01,,,
34611000263,C02,,,
34613000046,C01,,,
34613000053,C01,,,
34613000053,C02,,,
34613000053,C03,,,
34613000107,C01,,,
34613000108,C01,,,
34613000108,C02,,,
34613000108,C03,,,
34613000131,C01,,,
34613000131,C02,,,
34613000138,C01,,,
34613000138,C02,,,
34613000148,C01,,,
34613000148,C02,,,
34613000166,C01,,,
34613000166,C03,,,
34613000172,C01,,,
34613000172,C02,,,
34613000172,C03,,,
34613000174,C01,,,
34613000181,C01,,,
34613000181,C02,,,
34613000184,C01,,,
34613000187,C01,,,
34613000192,C01,,,
34613000193,C01,,,
34613000202,C01,,,
34613000202,C05,,,
34613000204,C01,,,
34613000206,C01,,,
34613000214,C01,,,
34613000219,C03,,,
34613000222,C01,,,
34613000222,C03,,,
34613000223,C01,,,
34613000223,C02,,,
34613000223,C03,,,
34613000225,C01,,,
34613000225,C02,,,
34613000231,C01,,,
34613000231,C02,,,
34613000232,C01,,,
34613000255,C01,,,
34613000255,C02,,,
34613000259,C01,,,
34613000259,C03,,,
34613000260,C01,,,
34613000260,C02,,,
34613000260,C03,,,
34613000263,C01,,,
34613000263,C02,,,
34613000266,C01,,,
34613000266,C02,,,
34613000266,C03,,,
34613000273,C03,,,
34613000275,C01,,,
34613000275,C02,,,
34613000276,C01,,,
34613000280,C01,,,
34613000280,C02,,,
34613000280,C03,,,
34613000281,C01,,,
34613000283,C01,,,
34613000283,C03,,,
34613000284,C01,,,
34613000284,C03,,,
34613000285,C01,,,
34613000285,C03,,,
34613000286,C01,,,
34613000286,C02,,,
34613000287,C01,,,
34613000289,C01,,,
34613000289,C02,,,
34613000294,C01,,,
34613000295,C01,,,
34613000295,C03,,,
34613000296,C01,,,
34613000296,C02,,,
34613000300,C01,,,
34613000300,C02,,,
34613000302,C03,,,
34613000303,C01,,,
34615000050,C01,,,
34615000050,C02,,,
34615000050,C03,,,
34615000106,C03,,,
34615000108,C03,,,
34615000119,C01,,,
34615000119,C02,,,
34615000120,C03,,,
34615000131,C03,,,
34615000148,C03,,,
34615000151,C03,,,
34615000168,C01,,,
34615000168,C02,,,
34615000187,C01,,,
34615000201,C03,,,
34615000214,C01,,,
34615000214,C02,,,
34615000233,C01,,,
34615000236,C01,,,
34615000236,C02,,,
34615000237,C01,,,
34615000244,C01,,,
34615000244,C02,,,
34615000245,C01,,,
34615000246,C03,,,
34615000250,C01,,,
34615000250,C02,,,
34615000250,C05,,,
34615000255,C01,,,
34615000255,C02,,,
34615000255,C03,,,
34615000257,C01,,,
34615000267,C01,,,
34615000267,C02,,,
34615000267,C05,,,
34615000269,C01,,,
34615000271,C01,,,
34615000271,C02,,,
34615000271,C03,,,
34615000280,C03,,,
34615000284,C03,,,
34615000288,C01,,,
34615000288,C02,,,
34615000289,C01,,,
34615000289,C02,,,
34615000290,C01,,,
34615000290,C02,,,
34615000296,C03,,,
34615000297,C03,,,
34615000297,C05,,,
34615000298,C01,,,
34615000302,C01,,,
34615000302,C02,,,
34615000306,C01,,,
34615000306,C02,,,
34615000307,C01,,,
34615000307,C02,,,
34615000310,C01,,,
34615000310,C02,,,
34615000312,C03,,,
34615000316,C01,,,
34615000316,C02,,,
34615000317,C01,,,
34615000317,C02,,,
34615000319,C01,,,
34615000322,C03,,,
34615000323,C01,,,
34615000323,C02,,,
34615000325,C01,,,
34615000325,C02,,,
34615000326,C01,,,
34615000326,C02,,,
34615000327,C01,,,
34615000327,C02,,,
34615000328,C01,,,
34615000328,C02,,,
34615000329,C01,,,
34615000329,C02,,,
34615000331,C01,,,
34615000331,C02,,,
34615000332,C01,,,
34615000332,C02,,,
34615000337,C03,,,
34617000022,C03,,,
34617000089,C01,,,
34617000089,C02,,,
34617000097,C01,,,
34617000101,C01,,,
34617000101,C02,,,
34617000109,C03,,,
34617000114,C01,,,
34617000114,C02,,,
34617000118,C03,,,
34617000119,C03,,,
34617000131,C01,,,
34617000131,C02,,,
34617000133,C03,,,
34617000134,C03,,,
34617000136,C01,,,
34617000136,C02,,,
34617000139,C01,,,
34617000139,C02,,,
34617000139,C03,,,
34617000140,C03,,,
34617000141,C03,,,
34617000144,C01,,,
34617000144,C02,,,
34617000149,C01,,,
34617000149,C02,,,
34617000157,C01,,,
34617000157,C03,,,
34617000161,C01,,,
34617000161,C02,,,
34617000162,C01,,,
34617000162,C02,,,
34617000164,C01,,,
34617000164,C02,,,
34617000165,C01,,,
34617000165,C02,,,
34617000167,C01,,,
34617000167,C02,,,
34617000168,C01,,,
34617000168,C03,,,
34617000169,C01,,,
34617000171,C01,,,
34617000171,C02,,,
34617000175,C01,,,
34617000175,C02,,,
34617000177,C03,,,
34617000178,C01,,,
34617000178,C02,,,
34617000181,C01,,,
34617000181,C02,,,
34617000181,C03,,,
34617000186,C01,,,
34617000186,C02,,,
34617000186,C03,,,
34623000005,C01,,,
34623000005,C02,,,
34623000005,C05,,,
34623000005,C06,,,
34623000006,C01,,,
34623000006,C02,,,
34623000025,C03,,,
34623000040,C01,,,
34623000040,C02,,,
34623000055,C01,,,
34623000055,C02,,,
34623000091,C01,,,
34623000091,C02,,,
34623000091,C03,,,
34623000094,C06,,,
34623000101,C03,,,
34623000122,C01,,,
34623000124,C01,,,
34623000124,C02,,,
34623000144,C01,,,
34623000144,C02,,,
34623000148,C01,,,
34623000150,C01,,,
34623000150,C02,,,
34623000153,C01,,,
34623000153,C02,,,
34623000153,C03,,,
34623000154,C01,,,
34623000154,C02,,,
34623000155,C01,,,
34623000155,C02,,,
34623000155,C03,,,
34671000010,C01,,,
34671000010,C02,,,
34671000013,C03,,,
34671000024,C03,,,
34671000066,C01,,,
34671000066,C02,,,
34671000068,C05,,,
34671000075,C06,,,
34671000077,C01,,,
34671000077,C02,,,
34671000081,C01,,,
34671000081,C02,,,
34671000089,C01,,,
34671000089,C02,,,
34671000101,C03,,,
34671000108,C01,,,
34671000108,C02,,,
34671000110,C01,,,
34671000110,C02,,,
34671000112,C01,,,
34671000112,C02,,,
34671000119,C01,,,
34671000119,C02,,,
34672000020,C03,,,
34672000045,C01,,,
34672000045,C02,,,
34672000053,C03,,,
34672000057,C01,,,
34672000057,C02,,,
34672000069,C01,,,
34672000070,C01,,,
34672000070,C02,,,
34673000003,C01,,,
34673000003,C02,,,
34673000003,C03,,,
34673000026,C06,,,
34673000031,C01,,,
34673000031,C02,,,
34673000031,C03,,,
34673000033,C03,,,
34673000042,C01,,,
34673000042,C02,,,
34673000042,C03,,,
34673000051,C01,,,
34673000051,C02,,,
34673000051,C03,,,
34673000060,C03,,,
34677000016,C03,,,
34677000052,C03,,,
34677000080,C01,,,
34677000080,C02,,,
34677000086,C01,,,
34677000086,C02,,,
34677000088,C01,,,
34677000088,C02,,,
34677000090,C01,,,
34677000090,C02,,,
34677000090,C03,,,
34677000093,C01,,,
34677000093,C02,,,
34677000109,C01,,,
34677000109,C02,,,
34677000109,C03,,,
34677000120,C01,,,
34677000120,C02,,,
34677000121,C01,,,
34677000121,C03,,,
34677000123,C01,,,
34677000129,C01,,,
34677000129,C02,,,
34678000038,C01,,,
34678000038,C02,,,
34678000038,C03,,,
34678000048,C01,,,
34678000056,C01,,,
34678000064,C01,,,
34679000122,C01,,,
34679000133,C01,,,
34679000133,C03,,,
34679000147,C01,,,
34679000147,C02,,,
34679000157,C01,,,
34679000157,C02,,,
34679000157,C03,,,
34679000158,C01,,,
34679000158,C02,,,
34679000169,C06,,,
34679000177,C01,,,
34679000177,C02,,,
34679000182,C01,,,
34679000182,C03,,,
34679000185,C01,,,
34679000185,C02,,,
34679000186,C03,,,
34679000189,C01,,,
34679000189,C03,,,
34680000012,C01,,,
34680000038,C03,,,
34680000045,C01,,,
34680000045,C02,,,
34680000046,C01,,,
34680000047,C01,,,
34680000051,C01,,,
34680000051,C02,,,
34680000052,C01,,,
34680000052,C02,,,
34680000056,C01,,,
34680000057,C01,,,
34680000057,C02,,,
34680000058,C01,,,
34680000058,C02,,,
34680000059,C01,,,
34680000061,C01,,,
34680000061,C02,,,
34680000063,C03,,,
34680000064,C01,,,
34680000064,C05,,,
34680000066,C01,,,
34680000066,C02,,,
34681000019,C01,,,
34681000019,C02,,,
34681000021,C01,,,
34681000021,C02,,,
34681000021,C03,,,
34681000023,C01,,,
34681000023,C02,,,
34681000029,C01,,,
34681000029,C02,,,
34681000029,C03,,,
34681000034,C01,,,
34681000034,C02,,,
34681000034,C05,,,
34681000036,C01,,,
34681000036,C02,,,
34681000037,C01,,,
34681000037,C03,,,
34681000042,C01,,,
34681000042,C02,,,
34681000047,C01,,,
34681000049,C01,,,
34682000054,C01,,,
34682000054,C02,,,
34682000057,C01,,,
34682000057,C02,,,
34682000065,C01,,,
34682000065,C02,,,
34682000072,C01,,,
34682000086,C01,,,
34682000087,C01,,,
34682000087,C02,,,
34682000091,C01,,,
34682000091,C02,,,
34682000092,C01,,,
34682000092,C02,,,
34682000093,C01,,,
34682000093,C02,,,
34682000095,C01,,,
34682000097,C01,,,
34682000097,C02,,,
34682000097,C03,,,
34682000112,C06,,,
34682000118,C01,,,
34682000118,C02,,,
34683000010,C01,,,
34683000010,C03,,,
34683000011,C01,,,
34683000011,C02,,,
34683000020,C01,,,
34683000020,C02,,,
34683000020,C03,,,
34683000050,C01,,,
34683000050,C02,,,
34683000054,C01,,,
34683000054,C02,,,
34683000070,C03,,,
34683000074,C01,,,
34683000074,C02,,,
34683000074,C05,,,
34683000076,C01,,,
34683000076,C02,,,
34683000077,C01,,,
34683000077,C02,,,
34683000078,C01,,,
34683000078,C02,,,
34683000081,C01,,,
34683000082,C01,,,
34683000082,C02,,,
34683000083,C01,,,
34683000083,C02,,,
34683000086,C01,,,
34683000086,C02,,,
34683000091,C01,,,
34683000091,C02,,,
34684000019,C01,,,
34684000019,C02,,,
34684000059,C01,,,
34684000059,C02,,,
34684000077,C01,,,
34684000077,C02,,,
34684000077,C03,,,
34684000081,C03,,,
34684000087,C01,,,
34684000087,C02,,,
34684000091,C01,,,
34684000097,C01,,,
34684000097,C02,,,
34684000103,C01,,,
34684000104,C01,,,
34684000104,C02,,,
34684000107,C01,,,
34684000107,C02,,,
34686000015,C01,,,
34686000015,C02,,,
34686000047,C03,,,
34686000070,C01,,,
34686000070,C02,,,
34686000074,C01,,,
34686000074,C02,,,
34686000075,C06,,,
34686000079,C03,,,
34686000081,C01,,,
34686000081,C02,,,
34686000084,C01,,,
34686000085,C01,,,
34686000085,C02,,,
34687000019,C03,,,
34687000021,C03,,,
34687000029,C01,,,
34687000036,C01,,,
34687000037,C01,,,
34687000037,C02,,,
34687000040,C01,,,
34687000040,C02,,,
34687000040,C03,,,
34687000043,C01,,,
34687000043,C02,,,
34687000049,C01,,,
34687000049,C02,,,
34688000039,C01,,,
34688000039,C02,,,
34688000050,C01,,,
34688000054,C01,,,
34688000054,C02,,,
34688000065,C01,,,
34688000065,C02,,,
34688000079,C01,,,
34688000081,C01,,,
34688000081,C02,,,
34688000086,C01,,,
34688000086,C02,,,
34688000091,C01,,,
34688000091,C02,,,
34688000092,C01,,,
34688000092,C02,,,
34689000015,C01,,,
34689000015,C02,,,
34689000017,C01,,,
34689000017,C02,,,
34689000051,C01,,,
34689000053,C01,,,
34689000053,C02,,,
34689000054,C01,,,
34689000054,C02,,,
34689000060,C01,,,
34689000060,C02,,,
34689000066,C01,,,
34689000073,C01,,,
34690000033,C01,,,
34690000033,C02,,,
34690000036,C01,,,
34690000036,C02,,,
34690000037,C01,,,
34690000037,C02,,,
34690000038,C06,,,
34690000044,C01,,,
34690000044,C02,,,
34690000045,C01,,,
34690000045,C02,,,
34690000047,C01,,,
34690000047,C02,,,
34690000047,C03,,,
34690000051,C01,,,
34690000051,C02,,,
34691000016,C03,,,
34691000036,C01,,,
34691000036,C02,,,
34691000050,C01,,,
34691000050,C02,,,
34691000055,C01,,,
34691000057,C01,,,
34691000057,C02,,,
34691000060,C01,,,
34691000060,C02,,,
34691000062,C01,,,
34691000067,C01,,,
34691000070,C01,,,
34691000071,C01,,,
34691000071,C02,,,
34711000132,C03,,,
34711000135,C03,,,
34711000170,C01,,,
34711000170,C02,,,
34711000170,C03,,,
34711000172,C01,,,
34711000172,C02,,,
34711000200,C01,,,
34711000200,C02,,,
34711000200,C03,,,
34711000200,C04,,,
34711000209,C01,,,
34711000209,C02,,,
34711000227,C01,,,
34711000227,C02,,,
34711000227,C05,,,
34711000232,C01,,,
34711000232,C02,,,
34711000234,C01,,,
34711000234,C02,,,
34711000235,C01,,,
34711000235,C02,,,
34711000241,C01,,,
34711000241,C02,,,
34711000243,C01,,,
34711000243,C02,,,
34711000246,C01,,,
34711000246,C02,,,
34711000246,C03,,,
34711000251,C01,,,
34711000251,C02,,,
34711000273,C01,,,
34711000273,C03,,,
34711000275,C01,,,
34711000275,C02,,,
34711000277,C01,,,
34711000282,C02,,,
34711000282,C06,,,
34711000283,C01,,,
34711000283,C02,,,
34711000293,C01,,,
34711000293,C02,,,
34711000297,C01,,,
34711000297,C03,,,
34711000302,C01,,,
34711000304,C01,,,
34711000304,C02,,,
34711000305,C01,,,
34711000307,C01,,,
34711000314,C03,,,
34711000315,C01,,,
34711000322,C01,,,
34711000333,C01,,,
34711000335,C01,,,
34711000335,C02,,,
34711000336,C01,,,
34711000336,C03,,,
34711000338,C01,,,
34711000338,C02,,,
34711000342,C01,,,
34711000342,C02,,,
34711000344,C01,,,
34711000344,C02,,,
34711000346,C01,,,
34711000346,C02,,,
34711000346,C06,,,
34711000347,C01,,,
34711000352,C06,,,
34711000354,C03,,,
34711000355,C03,,,
34711000359,C01,,,
34711000360,C01,,,
34711000360,C02,,,
34711000370,C03,,,
34711000375,C01,,,
34711000381,C01,,,
34711000381,C02,,,
34711000382,C01,,,
34711000382,C02,,,
34711000384,C02,,,
34711000384,C03,,,
34711000387,C01,,,
34711000389,C03,,,
34711000390,C01,,,
34711000390,C02,,,
34711000391,C02,,,
34711000391,C03,,,
34711000392,C01,,,
34711000392,C03,,,
34711000394,C01,,,
34711000394,C02,,,
34711000400,C01,,,
34711000400,C02,,,
34711000401,C01,,,
34711000403,C01,,,
34711000403,C02,,,
34711000403,C03,,,
34711000404,C01,,,
34711000404,C02,,,
34711000405,C01,,,
34711000405,C02,,,
34711000406,C01,,,
34711000406,C02,,,
34711000409,C01,,,
34711000409,C02,,,
34711000412,C01,,,
34711000412,C02,,,
34711000414,C01,,,
34711000414,C02,,,
34711000414,C03,,,
34711000418,C03,,,
34711000429,C03,,,
34711000430,C01,,,
34711000430,C03,,,
34711000431,C01,,,
34711000432,C03,,,
34711000435,C03,,,
34711000436,C01,,,
34711000436,C02,,,
34711000438,C01,,,
34711000438,C02,,,
34711000439,C01,,,
34711000439,C02,,,
34711000441,C01,,,
34711000441,C02,,,
34711000442,C01,,,
34711000443,C01,,,
34711000443,C02,,,
34711000447,C01,,,
34711000447,C02,,,
34711000447,C03,,,
34711000450,C01,,,
34711000450,C03,,,
34711000450,I31,,,
34711000451,C01,,,
34711000455,C01,,,
34711000456,C01,,,
34711000456,C02,,,
34711000459,C01,,,
34711000459,C02,,,
34711000460,C01,,,
34711000460,C02,,,
34711000460,C03,,,
34711000467,C01,,,
34711000467,C02,,,
34711000468,C01,,,
34711000471,C01,,,
34711000473,C01,,,
34711000475,C01,,,
34711000475,C02,,,
34711000485,C01,,,
34711000485,C03,,,
34711000486,C01,,,
34711000486,C02,,,
34711000486,C05,,,
34713000122,C01,,,
34713000122,C02,,,
34713000132,C01,,,
34713000132,C02,,,
34713000132,C03,,,
34713000136,C01,,,
34713000136,C02,,,
34713000144,C01,,,
34713000144,C02,,,
34713000147,C01,,,
34713000147,C02,,,
34713000147,C05,,,
34713000152,C03,,,
34713000159,C01,,,
34713000159,C02,,,
34713000161,C01,,,
34713000161,C02,,,
34713000162,C01,,,
34713000162,C02,,,
34713000163,C01,,,
34713000163,C02,,,
34713000166,C01,,,
34713000166,C02,,,
34713000173,C01,,,
34713000173,C02,,,
34713000175,C01,,,
34713000175,C02,,,
34713000178,C01,,,
34713000178,C02,,,
34713000181,C01,,,
34713000181,C02,,,
34713000183,C01,,,
34713000183,C02,,,
34713000191,C01,,,
34713000191,C02,,,
34713000191,C03,,,
34713000193,C01,,,
34713000193,C02,,,
34713000194,C01,,,
34713000194,C02,,,
34713000195,C01,,,
34713000195,C02,,,
34713000196,C01,,,
34713000196,C02,,,
34713000198,C01,,,
34713000198,C02,,,
34713000199,C01,,,
34713000199,C02,,,
34713000200,C01,,,
34713000200,C02,,,
34713000201,C01,,,
34713000201,C02,,,
34713000202,C01,,,
34713000202,C02,,,
34713000204,C01,,,
34713000204,C02,,,
34713000205,C01,,,
34713000205,C02,,,
34713000212,C01,,,
34713000219,C01,,,
34713000221,C01,,,
34713000221,C02,,,
34713000223,C03,,,
34713000226,C01,,,
34713000226,C02,,,
34713000230,C01,,,
34713000230,C02,,,
34713000234,C01,,,
34713000234,C03,,,
34713000234,C05,,,
34713000236,C01,,,
34713000236,C03,,,
34713000237,C01,,,
34713000237,C02,,,
34713000238,C01,,,
34713000238,C02,,,
34713000239,C01,,,
34713000239,C02,,,
34713000239,C03,,,
34713000239,C05,,,
34713000239,I31,,,
34713000239,I32,,,
34713000241,C01,,,
34713000241,C02,,,
34713000242,C01,,,
34713000242,C02,,,
34713000243,C01,,,
34713000248,C03,,,
34713000251,C01,,,
34713000251,C02,,,
34713000253,C01,,,
34713000253,C03,,,
34713000255,C01,,,
34713000255,C02,,,
34713000255,C03,,,
34713000257,C01,,,
34713000257,C02,,,
34713000258,C01,,,
34713000258,C02,,,
34713000258,C03,,,
34713000260,C01,,,
34713000260,C02,,,
34713000266,C01,,,
34713000266,C02,,,
34713000266,C05,,,
34713000267,C01,,,
34713000267,C02,,,
34713000269,C01,,,
34713000269,C02,,,
34715000005,C01,,,
34715000005,C03,,,
34715000020,C03,,,
34715000023,C03,,,
34715000094,C01,,,
34715000094,C02,,,
34715000095,C01,,,
34715000095,C02,,,
34715000114,C03,,,
34715000132,C01,,,
34715000132,C02,,,
34715000132,C03,,,
34715000134,C01,,,
34715000134,C02,,,
34715000134,C03,,,
34715000140,C01,,,
34715000140,C02,,,
34715000159,C03,,,
34715000166,C03,,,
34715000173,C03,,,
34715000184,C01,,,
34715000184,C03,,,
34715000200,C03,,,
34715000208,C03,,,
34715000210,C03,,,
34715000223,C01,,,
34715000223,C02,,,
34715000226,C01,,,
34715000226,C02,,,
34715000229,C01,,,
34715000229,C02,,,
34715000229,C03,,,
34715000231,C03,,,
34715000233,C03,,,
34715000237,C03,,,
34715000238,C01,,,
34715000238,C02,,,
34715000239,C01,,,
34715000239,C02,,,
34715000241,C03,,,
34715000243,C01,,,
34715000243,C03,,,
34715000244,C01,,,
34715000244,C02,,,
34715000246,C03,,,
34715000249,C01,,,
34715000249,C02,,,
34715000260,C01,,,
34715000273,C01,,,
34715000273,C02,,,
34715000274,C03,,,
34717000013,C03,,,
34717000074,C01,,,
34717000074,C02,,,
34717000075,C01,,,
34717000078,C01,,,
34717000078,C02,,,
34717000078,C03,,,
34717000078,C06,,,
34717000083,C01,,,
34717000083,C02,,,
34717000086,C01,,,
34717000086,C02,,,
34717000086,C03,,,
34717000086,I31,,,
34717000089,C01,,,
34717000089,C02,,,
34717000090,C01,,,
34717000090,C02,,,
34717000090,C03,,,
34717000097,C01,,,
34717000097,C02,,,
34717000114,C01,,,
34717000114,C02,,,
34717000120,C01,,,
34717000123,C01,,,
34717000123,C02,,,
34717000125,C01,,,
34717000125,C02,,,
34717000126,C01,,,
34717000126,C02,,,
34717000128,C01,,,
34717000128,C02,,,
34717000135,C01,,,
34717000138,C01,,,
34717000138,C02,,,
34717000139,C01,,,
34717000139,C02,,,
34717000148,C01,,,
34717000151,C01,,,
34717000151,C02,,,
34717000152,C03,,,
34717000156,C01,,,
34717000156,C02,,,
34719000081,C01,,,
34719000081,C02,,,
34719000081,C03,,,
34719000121,C01,,,
34719000121,C02,,,
34719000121,C03,,,
34719000121,I31,,,
34719000121,I32,,,
34719000127,C01,,,
34719000127,C02,,,
34719000127,C03,,,
34719000170,C01,,,
34719000170,C03,,,
34719000188,C03,,,
34719000188,C04,,,
34719000215,C01,,,
34719000215,C02,,,
34719000215,C03,,,
34719000217,C01,,,
34719000217,C02,,,
34719000217,C05,,,
34719000222,C01,,,
34719000222,C02,,,
34719000222,C03,,,
34719000234,C01,,,
34719000234,C02,,,
34719000234,C03,,,
34719000244,C01,,,
34719000244,C03,,,
34719000247,C01,,,
34719000247,C03,,,
34719000257,C01,,,
34719000257,C02,,,
34719000257,C03,,,
34719000265,C03,,,
34719000267,C01,,,
34719000267,C02,,,
34719000280,C01,,,
34719000280,C02,,,
34719000289,C01,,,
34719000289,C02,,,
34719000289,C03,,,
34719000292,C01,,,
34719000292,C02,,,
34719000293,C01,,,
34719000293,C02,,,
34719000293,C03,,,
34719000300,C01,,,
34719000300,C03,,,
34719000312,C01,,,
34719000313,C01,,,
34719000313,C02,,,
34719000319,C01,,,
34719000319,C03,,,
34719000328,C01,,,
34719000338,C01,,,
34719000338,C03,,,
34719000341,C01,,,
34719000341,C02,,,
34719000350,C01,,,
34719000350,C02,,,
34719000353,C01,,,
34719000353,C02,,,
34719000353,C05,,,
34719000357,C03,,,
34719000362,C01,,,
34719000362,C03,,,
34719000363,C03,,,
34719000373,C01,,,
34719000375,C01,,,
34719000375,C02,,,
34719000376,C01,,,
34719000376,C02,,,
34719000379,C01,,,
34719000379,C02,,,
34719000379,C03,,,
34719000390,C01,,,
34719000390,C02,,,
34719000393,C03,,,
34721000015,C03,,,
34721000088,C01,,,
34721000088,C02,,,
34721000088,C03,,,
34721000111,C01,,,
34721000111,C02,,,
34721000124,C06,,,
34721000133,C05,,,
34721000152,C03,,,
34721000153,C03,,,
34721000170,C01,,,
34721000170,C02,,,
34721000173,C01,,,
34721000177,C01,,,
34721000178,C06,,,
34721000179,C01,,,
34721000179,C02,,,
34721000191,C01,,,
34721000192,C01,,,
34721000196,C01,,,
34721000197,C03,,,
34721000198,C01,,,
34721000198,C03,,,
34723000026,C03,,,
34723000091,C01,,,
34723000101,C01,,,
34723000101,C02,,,
34723000102,C01,,,
34723000102,C02,,,
34723000107,C01,,,
34723000107,C02,,,
34723000109,C01,,,
34723000109,C02,,,
34723000109,C03,,,
34723000114,C01,,,
34723000116,C01,,,
34723000116,C02,,,
34723000117,C01,,,
34723000117,C02,,,
34723000117,C03,,,
34723000118,C01,,,
34723000118,C02,,,
34723000120,C01,,,
34723000120,C03,,,
34723000120,C05,,,
34723000129,C01,,,
34723000129,C02,,,
34723000139,C03,,,
34723000143,C01,,,
34723000148,C01,,,
34723000148,C02,,,
34723000150,C01,,,
34723000150,C02,,,
34723000151,C01,,,
34723000151,C02,,,
34723000152,C01,,,
34723000156,C01,,,
34723000159,C01,,,
34723000159,C02,,,
34723000163,C01,,,
34723000164,C01,,,
34723000165,C01,,,
34723000165,C02,,,
34723000166,C01,,,
34723000166,C02,,,
34723000166,C03,,,
34723000167,C01,,,
34723000168,C03,,,
34723000175,C01,,,
34723000175,C02,,,
34723000175,C03,,,
34723000177,C01,,,
34723000177,C02,,,
34723000179,C01,,,
34723000179,C02,,,
34723000181,C01,,,
34723000181,C02,,,
34723000181,C03,,,
34723000183,C03,,,
34723000184,C01,,,
34723000186,C01,,,
34723000189,C03,,,
34723000192,C01,,,
34723000195,C01,,,
34723000195,C03,,,
34723000195,C05,,,
34723000198,C03,,,
34723000202,C01,,,
34723000203,C01,,,
34723000207,C01,,,
34723000207,C02,,,
34723000208,C01,,,
34723000208,C02,,,
34723000213,C01,,,
34723000213,C03,,,
34723000223,C01,,,
34723000223,C03,,,
34725000027,C01,,,
34725000027,C02,,,
34725000029,C01,,,
34725000054,C01,,,
34725000054,C03,,,
34725000055,C01,,,
34725000055,C02,,,
34725000068,C03,,,
34725000075,C06,,,
34725000081,C01,,,
34725000087,C01,,,
34725000087,C02,,,
34725000087,C03,,,
34725000114,C01,,,
34725000115,C01,,,
34725000126,C01,,,
34725000126,C02,,,
34725000129,C01,,,
34725000129,C02,,,
34725000132,C01,,,
34725000132,C02,,,
34725000133,C01,,,
34725000133,C02,,,
34725000136,C01,,,
34725000136,C02,,,
34725000136,C03,,,
34725000139,C03,,,
34725000140,C03,,,
34725000146,C01,,,
34725000146,C02,,,
34725000147,C01,,,
34725000147,C02,,,
34725000147,C03,,,
34725000151,C01,,,
34725000152,C01,,,
34725000152,C02,,,
34725000154,C01,,,
34725000154,C02,,,
34725000154,C03,,,
34725000160,C01,,,
34725000160,C02,,,
34725000161,C01,,,
34725000162,C03,,,
34725000164,C03,,,
34725000169,C01,,,
34725000169,C02,,,
34725000171,C01,,,
34725000171,C02,,,
34725000174,C01,,,
34725000174,C03,,,
34725000175,C03,,,
34725000176,C03,,,
34725000177,C01,,,
34725000178,C01,,,
34725000178,C03,,,
34725000183,C01,,,
34725000183,C03,,,
34725000184,C01,,,
34725000184,C02,,,
34728000061,C01,,,
34728000061,C02,,,
34728000061,C03,,,
34728000065,C01,,,
34728000065,C02,,,
34728000073,C01,,,
34728000073,C02,,,
34728000077,C01,,,
34728000077,C02,,,
34728000082,C01,,,
34728000084,C01,,,
34728000084,C02,,,
34728000096,C01,,,
34728000099,C01,,,
34728000099,C02,,,
34728000104,C01,,,
34728000108,C01,,,
34728000108,C02,,,
34728000115,C01,,,
34728000117,C01,,,
34728000117,C02,,,
34728000121,C01,,,
34728000121,C02,,,
34728000127,C01,,,
34728000127,C02,,,
34728000128,C01,,,
34728000132,C01,,,
34728000132,C02,,,
34728000137,C01,,,
34728000143,C01,,,
34728000143,C02,,,
34728000145,C01,,,
34728000145,C02,,,
34728000146,C01,,,
34728000146,C02,,,
34728000148,C01,,,
34728000148,C02,,,
34728000149,C01,,,
34728000150,C01,,,
34728000151,C01,,,
34729028637,C03,,,
34729028661,C03,,,
34729028680,C03,,,
34729028700,C03,,,
34729028743,C01,,,
34729028743,C02,,,
34729028761,C01,,,
34729028762,C01,,,
34729028762,C02,,,
34729028762,C03,,,
34729028774,C01,,,
34729028774,C02,,,
34729028774,C03,,,
34729028782,C01,,,
34729028798,C01,,,
34729028806,C01,,,
34729028806,C02,,,
34729028807,C01,,,
34729028807,C02,,,
34729028819,C03,,,
34729028826,C01,,,
34729028826,C02,,,
34729028826,C03,,,
34729028829,C03,,,
34729028832,C01,,,
34729028832,C02,,,
34729028834,C03,,,
34729028837,C03,,,
34729028839,C01,,,
34729028844,C01,,,
34729028844,C02,,,
34729028848,C03,,,
34729028851,C03,,,
34729028852,C03,,,
34729028853,C01,,,
34729028853,C02,,,
34729028854,C06,,,
34729028855,C03,,,
34729028864,C01,,,
34729028864,C03,,,
34729028867,C03,,,
34729028872,C03,,,
34729028873,C01,,,
34729028873,C02,,,
34729028880,C03,,,
34729028886,C01,,,
34729028886,C02,,,
34729028886,C03,,,
34729028894,C01,,,
34729028894,C02,,,
34729028895,C03,,,
34729028898,C01,,,
34729028898,C02,,,
34729028898,C03,,,
34729028901,C01,,,
34729028901,C03,,,
34729028901,C04,,,
34729028903,C01,,,
34729028903,C02,,,
34729028907,C01,,,
34729028907,C02,,,
34729028910,C01,,,
34729028910,C02,,,
34729028915,C01,,,
34729028915,C02,,,
34729028919,C01,,,
34729028919,C02,,,
34729028920,C01,,,
34729028920,C03,,,
34729028921,C01,,,
34729028921,C02,,,
34729028924,C01,,,
34729028924,C03,,,
34729028929,C03,,,
34729028934,C03,,,
34729028935,C03,,,
34729028936,C01,,,
34729028937,C01,,,
34729028937,C02,,,
34729028939,C01,,,
34729028943,C01,,,
34729028943,C02,,,
34729028944,C01,,,
34729028944,C02,,,
34729028945,C01,,,
34729028945,C02,,,
34729028948,C01,,,
34729028949,C01,,,
34729028949,C02,,,
34729028949,C03,,,
34729028952,C01,,,
34729028952,C03,,,
34729028955,C03,,,
34729028956,C01,,,
34729028956,C02,,,
34729028956,C03,,,
34729028957,C01,,,
34729028957,C02,,,
34729028957,C03,,,
34729028958,C01,,,
34729028958,C03,,,
34772000037,C01,,,
34772000037,C02,,,
34772000039,C01,,,
34772000039,C02,,,
34772000042,C01,,,
34772000044,C01,,,
34772000045,C01,,,
34772000047,C01,,,
34772000048,C01,,,
34772000048,C02,,,
34772000049,C03,,,
34772000053,C01,,,
34773000008,C03,,,
34773000020,C01,,,
34773000062,C01,,,
34773000064,C01,,,
34773000064,C02,,,
34773000074,C01,,,
34773000074,C06,,,
34773000088,C01,,,
34773000096,C01,,,
34773000096,C02,,,
34773000101,C01,,,
34773000101,C02,,,
34773000102,C01,,,
34773000102,C02,,,
34773000104,C01,,,
34773000106,C01,,,
34775000012,C01,,,
34775000012,C02,,,
34775000026,C01,,,
34775000026,C02,,,
34775000031,C01,,,
34775000031,C02,,,
34775000031,C03,,,
34776000008,C01,,,
34776000008,C02,,,
34776000025,C01,,,
34776000025,C02,,,
34776000026,C01,,,
34776000026,C02,,,
34776000027,C01,,,
34776000027,C02,,,
34776000031,C01,,,
34777000016,C01,,,
34777000016,C03,,,
34777000026,C01,,,
34777000026,C02,,,
34777000026,C03,,,
34777000034,C01,,,
34777000034,C02,,,
34777000034,C03,,,
34777000037,C01,,,
34777000037,C02,,,
34777000041,C01,,,
34777000041,C02,,,
34777000043,C01,,,
34777000043,C02,,,
34777000044,C01,,,
34777000044,C02,,,
34777000048,C01,,,
34777000048,C03,,,
34777000049,C03,,,
34777000053,C01,,,
34777000053,C03,,,
34777000054,C03,,,
34777000055,C03,,,
34777000059,C01,,,
34777000059,C02,,,
34777000059,C03,,,
34777000060,C01,,,
34777000060,C03,,,
34782000024,C01,,,
34782000024,C02,,,
34782000024,C03,,,
34782000050,C01,,,
34782000050,C02,,,
34782000050,C03,,,
34782000057,C01,,,
34782000057,C02,,,
34782000062,C01,,,
34782000062,C02,,,
34782000068,C01,,,
34782000068,C02,,,
34782000068,C03,,,
34782000070,C01,,,
34782000070,C02,,,
34782000070,C03,,,
34782000076,C01,,,
34782000076,C02,,,
34782000085,C03,,,
34782000086,C01,,,
34782000086,C02,,,
34782000086,C03,,,
34782000090,C01,,,
34782000090,C02,,,
34782000091,C01,,,
34782000091,C02,,,
34782000092,C03,,,
34782000097,C01,,,
34782000097,C03,,,
34782000099,C03,,,
34782000101,C01,,,
34782000101,C02,,,
34782000103,C01,,,
34782000103,C03,,,
34782000107,C03,,,
34783000001,C03,,,
34783000038,C01,,,
34783000038,C02,,,
34783000038,C03,,,
34783000044,C01,,,
34783000044,C02,,,
34783000051,C01,,,
34783000051,C03,,,
34783000056,C01,,,
34784000029,C01,,,
34784000029,C02,,,
34784000034,C01,,,
34784000034,C02,,,
34784000034,C03,,,
34784000041,C01,,,
34784000043,C03,,,
34784000047,C01,,,
34784000053,C01,,,
34784000055,C01,,,
34784000055,C02,,,
34784000055,C03,,,
34784000059,C03,,,
34784000066,C01,,,
34784000066,C02,,,
34784000067,C01,,,
34785000028,C03,,,
34785000029,C01,,,
34785000029,C02,,,
34785000080,C01,,,
34785000080,C02,,,
34785000080,C03,,,
34785000081,C01,,,
34785000081,C02,,,
34785000081,C03,,,
34785000106,C01,,,
34785000106,C02,,,
34785000106,C03,,,
34785000118,C01,,,
34785000121,C01,,,
34785000121,C06,,,
34785000122,C01,,,
34785000122,C03,,,
34785000127,C01,,,
34785000127,C02,,,
34785000127,C03,,,
34785000128,C01,,,
34785000128,C03,,,
34785000135,C01,,,
34785000135,C02,,,
34785000135,C05,,,
34785000139,C01,,,
34785000141,C01,,,
34785000141,C02,,,
34785000141,C03,,,
34785000142,C03,,,
34785000143,C01,,,
34785000143,C03,,,
34785000144,C01,,,
34785000147,C01,,,
34785000147,C02,,,
34785000148,C01,,,
34785000148,C03,,,
34785000159,C01,,,
34785000159,C03,,,
34790000018,C01,,,
34790000022,C01,,,
34790000024,C01,,,
34790000024,C03,,,
34790000024,I31,,,
34790000026,C01,,,
34790000026,C02,,,
34790000042,C01,,,
34790000044,C01,,,
34790000056,C01,,,
34790000056,C02,,,
34790000058,C06,,,
34790000060,C06,,,
34790000330,C01,,,
34790000333,C01,,,
34790000334,C06,,,
34790000335,C01,,,
34790000337,C01,,,
34790000340,C01,,,
34790000340,C02,,,
34790000345,C01,,,
34790000345,C02,,,
34790000346,C01,,,
34790000348,C01,,,
34790000356,C01,,,
34790000356,C02,,,
34790000361,C01,,,
34790000361,C03,,,
34792000039,C03,,,
34792000043,C01,,,
34792000044,C01,,,
34793000019,C01,,,
34793000019,C02,,,
34793000039,C01,,,
34793000039,C02,,,
34793000040,C01,,,
34793000040,C02,,,
34793000040,C03,,,
34793000041,C01,,,
34793000041,C02,,,
34793000047,C01,,,
34793000047,C02,,,
34793000053,C01,,,
34793000061,C01,,,
34793000062,C01,,,
34793000062,C02,,,
34794000004,C01,,,
34811000051,C01,,,
34811000051,C02,,,
34811000073,C01,,,
34811000073,C02,,,
34811000073,C03,,,
34811000073,C05,,,
34811000142,C01,,,
34811000142,C02,,,
34812000150,C01,,,
34812000150,C02,,,
34812000150,C03,,,
34812000161,C01,,,
34812000161,C02,,,
34812000175,C01,,,
34812000175,C02,,,
34812000179,C01,,,
34812000183,C01,,,
34812000183,C02,,,
34812000201,C01,,,
34812000201,C02,,,
34812000206,C01,,,
34812000206,C02,,,
34812000209,C01,,,
34812000209,C02,,,
34812000211,C01,,,
34812000211,C02,,,
34812000228,C01,,,
34812000229,C01,,,
34812000229,C02,,,
34812000233,C01,,,
34812000233,C02,,,
34812000233,C03,,,
34812000234,C01,,,
34812000236,C01,,,
34812000236,C02,,,
34812000240,C01,,,
34812000240,C02,,,
34812000260,C01,,,
34812000260,C02,,,
34812000260,C03,,,
34812000261,C01,,,
34812000261,C02,,,
34812000262,C01,,,
34812000262,C02,,,
34812000268,C01,,,
34812000273,C01,,,
34812000273,C02,,,
34812000276,C01,,,
34812000276,C02,,,
34812000276,C05,,,
34812000277,C01,,,
34812000277,C02,,,
34812000280,C01,,,
34812000280,C02,,,
34812000282,C01,,,
34812000282,C02,,,
34812000289,C01,,,
34812000289,C02,,,
34812000298,C01,,,
34812000298,C02,,,
34812000300,C01,,,
34812000309,C01,,,
34812000309,C02,,,
34812000310,C01,,,
34812000310,C02,,,
34812000311,C01,,,
34812000314,C01,,,
34812000314,C02,,,
34812000320,C01,,,
34812000321,C01,,,
34812000321,C02,,,
34812000322,C01,,,
34812000325,C01,,,
34812000325,C02,,,
34812000330,C01,,,
34812000331,C01,,,
34812000331,C02,,,
34812000331,C03,,,
34812000332,C01,,,
34812000332,C02,,,
34812000334,C01,,,
34812000334,C02,,,
34812000336,C01,,,
34812000341,C01,,,
34812000341,C02,,,
34812000343,C01,,,
34812000343,C02,,,
34812000344,C01,,,
34812000344,C02,,,
34812000353,C01,,,
34812000353,C02,,,
34812000355,C01,,,
34812000357,C01,,,
34812000357,C02,,,
34812000358,C03,,,
34812000366,C01,,,
34812000367,C01,,,
34812000368,C01,,,
34812000368,C02,,,
34812000369,C01,,,
34812000373,C01,,,
34812000375,C01,,,
34812000375,C02,,,
34812000375,C03,,,
34812000377,C01,,,
34812000381,C01,,,
34812000386,C01,,,
34812000392,C01,,,
34812000392,C02,,,
34812000392,C03,,,
34812000397,C01,,,
34812000397,C02,,,
34812000400,C01,,,
34812000400,C02,,,
34812000405,C01,,,
34812000406,C01,,,
34812000406,C02,,,
34812000410,C01,,,
34812000410,C02,,,
34812000411,C01,,,
34812000411,C02,,,
34812000413,C01,,,
34812000413,C03,,,
34812000416,C01,,,
34812000416,C02,,,
34812000416,C03,,,
34812000421,C01,,,
34812000421,C02,,,
34812000423,C01,,,
34812000426,C01,,,
34812000426,C03,,,
34812000427,C01,,,
34812000430,C03,,,
34812000431,C01,,,
34812000434,C01,,,
34812000434,C02,,,
34812000441,C01,,,
34812000441,C02,,,
34812000447,C01,,,
34812000447,C02,,,
34812000449,C01,,,
34812000449,C02,,,
34812000455,C01,,,
34812000455,C02,,,
34812000457,C06,,,
34812000460,C03,,,
34812000461,C01,,,
34812000465,C01,,,
34812000468,C01,,,
34812000469,C01,,,
34812000472,C01,,,
34812000472,C02,,,
34812000473,C01,,,
34812000476,C01,,,
34812000476,C02,,,
34812000479,C01,,,
34812000481,C01,,,
34812000481,C02,,,
34812000482,C01,,,
34812000482,C02,,,
34812000483,C01,,,
34812000483,C02,,,
34812000484,C01,,,
34812000484,C02,,,
34812000485,C01,,,
34812000485,C02,,,
34812000489,C06,,,
34812000490,C01,,,
34812000494,C01,,,
34812000494,C02,,,
34812000497,C01,,,
34812000497,C02,,,
34812000499,C03,,,
34812000500,C01,,,
34812000500,C02,,,
34812000501,C01,,,
34812000501,C02,,,
34812000507,C01,,,
34812000507,C02,,,
34812000508,C01,,,
34812000510,C01,,,
34812000511,C01,,,
34812000511,C02,,,
34812000512,C01,,,
34812000512,C02,,,
34812000513,C01,,,
34812000513,C02,,,
34812000514,C01,,,
34812000515,C01,,,
34812000516,C01,,,
34812000516,C02,,,
34812000518,C01,,,
34812000519,C01,,,
34812000519,C02,,,
34812000520,C01,,,
34812000520,C02,,,
34812000522,C01,,,
34812000522,C02,,,
34812000524,C01,,,
34812000524,C02,,,
34812000525,C01,,,
34812000527,C01,,,
34812000529,C01,,,
34812000531,C01,,,
34812000533,C01,,,
34812000533,C02,,,
34812000538,C01,,,
34812000538,C02,,,
34812000542,C01,,,
34812000542,C02,,,
34812000547,C01,,,
34812000550,C01,,,
34812000551,C01,,,
34812000551,C02,,,
34812000554,C01,,,
34812000556,C03,,,
34812000559,C01,,,
34812000559,C02,,,
34812000563,C01,,,
34812000567,C01,,,
34812000568,C01,,,
34812000569,C03,,,
34812000574,C01,,,
34812000574,C02,,,
34812000576,C01,,,
34812000576,C03,,,
34812000579,C01,,,
34812000579,C02,,,
34812000585,C03,,,
34812000586,C01,,,
34812000586,C02,,,
34816000048,C01,,,
34816000048,C02,,,
34816000088,C01,,,
34816000088,C02,,,
34816000088,C03,,,
34816000127,C01,,,
34816000127,C02,,,
34816000132,C03,,,
34816000145,C01,,,
34816000145,C02,,,
34816000145,C03,,,
34816000145,C05,,,
34816000146,C01,,,
34816000146,C02,,,
34816000146,C03,,,
34817000017,C03,,,
34817000039,C01,,,
34817000039,C02,,,
34817000062,C03,,,
34817000075,C03,,,
34817000097,C03,,,
34817000117,C01,,,
34817000117,C02,,,
34817000132,C01,,,
34817000132,C02,,,
34817000143,C01,,,
34817000143,C02,,,
34817000143,C03,,,
34817000145,C01,,,
34817000145,C02,,,
34817000159,C01,,,
34817000159,C02,,,
34817000163,C01,,,
34817000163,C02,,,
34817000167,C01,,,
34817000167,C02,,,
34817000167,C05,,,
34817000174,C01,,,
34817000174,C02,,,
34817000184,C01,,,
34817000184,C02,,,
34817000184,C03,,,
34817000199,C01,,,
34817000199,C02,,,
34817000200,C01,,,
34817000200,C02,,,
34817000200,C03,,,
34817000204,C01,,,
34817000204,C02,,,
34817000206,C01,,,
34817000206,C02,,,
34817000208,C06,,,
34817000209,C01,,,
34817000209,C02,,,
34817000210,C01,,,
34817000210,C02,,,
34817000213,C01,,,
34817000213,C02,,,
34817000213,C05,,,
34817000215,C01,,,
34817000215,C02,,,
34817000220,C01,,,
34817000220,C02,,,
34817000220,C03,,,
34817000220,I31,,,
34817000221,C01,,,
34817000221,C02,,,
34817000222,C01,,,
34817000222,C02,,,
34817000225,C01,,,
34817000225,C02,,,
34817000228,C01,,,
34817000228,C02,,,
34817000229,C01,,,
34817000229,C02,,,
34817000232,C01,,,
34817000232,C02,,,
34817000234,C01,,,
34817000234,C02,,,
34817000234,C03,,,
34817000235,C01,,,
34817000235,C02,,,
34817000235,C05,,,
34817000235,C06,,,
34817000236,C01,,,
34817000236,C02,,,
34817000236,C03,,,
34817000236,C05,,,
34817000237,C01,,,
34817000237,C02,,,
34817000238,C01,,,
34817000238,C02,,,
34817000242,C01,,,
34817000242,C02,,,
34817000249,C01,,,
34817000249,C02,,,
34817000257,C01,,,
34817000257,C02,,,
34817000257,C03,,,
34817000258,C01,,,
34817000258,C02,,,
34817000259,C01,,,
34817000259,C02,,,
34817000263,C01,,,
34817000263,C02,,,
34817000265,C01,,,
34817000265,C02,,,
34817000266,C01,,,
34817000266,C02,,,
34817000269,C01,,,
34817000269,C02,,,
34817000269,C05,,,
34817000271,C01,,,
34817000272,C01,,,
34817000275,C01,,,
34817000275,C02,,,
34817000279,C01,,,
34817000282,C01,,,
34817000282,C02,,,
34817000285,C01,,,
34817000285,C02,,,
34817000289,C01,,,
34817000289,C02,,,
34817000291,C01,,,
34817000291,C02,,,
34817000298,C01,,,
34817000298,C02,,,
34817000302,C01,,,
34817000302,C03,,,
34817000306,C01,,,
34817000307,C01,,,
34817000307,C03,,,
34817000308,C01,,,
34817000309,C01,,,
34817000309,C02,,,
34817000309,C03,,,
34817000310,C01,,,
34817000310,C02,,,
34817000311,C01,,,
34817000311,C02,,,
34817000312,C01,,,
34817000312,C02,,,
34817000313,C01,,,
34817000313,C02,,,
34817000313,C03,,,
34817000316,C01,,,
34817000316,C02,,,
34817000318,C01,,,
34817000318,C02,,,
34817000319,C01,,,
34817000319,C02,,,
34817000319,C06,,,
34817000322,C01,,,
34817000322,C02,,,
34817000323,C01,,,
34817000323,C02,,,
34817000324,C01,,,
34817000324,C02,,,
34817000325,C01,,,
34817000325,C02,,,
34817000327,C01,,,
34817000327,C03,,,
34817000328,C01,,,
34817000328,C02,,,
34817000328,C05,,,
34817000329,C01,,,
34817000329,C02,,,
34817000330,C01,,,
34817000330,C02,,,
34817000331,C01,,,
34817000331,C02,,,
34817000332,C01,,,
34817000332,C02,,,
34817000332,C03,,,
34817000333,C01,,,
34817000334,C01,,,
34817000334,C02,,,
34817000335,C01,,,
34817000335,C02,,,
34817000335,C03,,,
34817000336,C03,,,
34817000339,C01,,,
34817000340,C01,,,
34817000340,C02,,,
34817000342,C01,,,
34817000342,C02,,,
34817000345,C01,,,
34817000345,C02,,,
34817000347,C01,,,
34817000347,C02,,,
34817000348,C01,,,
34817000348,C02,,,
34817000349,C06,,,
34817000362,C03,,,
34819000025,C06,,,
34822000045,C01,,,
34822000045,C02,,,
34822000046,C01,,,
34822000046,C02,,,
34822000047,C01,,,
34822000047,C02,,,
34822000047,C03,,,
34822000052,C03,,,
34822000055,C01,,,
34822000055,C02,,,
34822000055,C03,,,
34822000061,C01,,,
34822000062,C01,,,
34822000062,C02,,,
34822000067,C01,,,
34822000067,C02,,,
34822000070,C01,,,
34822000070,C02,,,
34824000031,C01,,,
34824000031,C02,,,
34824000031,C03,,,
34824000058,C01,,,
34824000058,C02,,,
34824000078,C01,,,
34824000078,C02,,,
34824000108,C01,,,
34824000108,C02,,,
34824000110,C01,,,
34824000110,C02,,,
34824000113,C01,,,
34824000113,C02,,,
34824000124,C01,,,
34824000124,C02,,,
34824000126,C01,,,
34824000126,C02,,,
34824000128,C03,,,
34824000136,C01,,,
34824000136,C02,,,
34824000137,C01,,,
34824000139,C01,,,
34824000139,C02,,,
34824000142,C01,,,
34824000142,C02,,,
34824000143,C01,,,
34824000143,C02,,,
34824000145,C01,,,
34824000145,C02,,,
34824000152,C01,,,
34824000152,C02,,,
34824000154,C01,,,
34824000154,C02,,,
34824000160,C01,,,
34825000038,C03,,,
34825000158,C01,,,
34825000158,C02,,,
34825000175,C01,,,
34825000175,C02,,,
34825000184,C01,,,
34825000184,C02,,,
34825000191,C01,,,
34825000191,C02,,,
34825000229,C01,,,
34825000231,C06,,,
34825000233,C01,,,
34825000233,C02,,,
34825000238,C01,,,
34825000239,C01,,,
34825000239,C02,,,
34825000240,C01,,,
34825000240,C02,,,
34825000241,C01,,,
34825000241,C02,,,
34825000241,C03,,,
34825000244,C01,,,
34825000244,C02,,,
34825000250,C01,,,
34825000251,C01,,,
34825000251,C02,,,
34825000251,C03,,,
34825000252,C01,,,
34825000252,C03,,,
34825000252,C04,,,
34825000253,C01,,,
34825000257,C01,,,
34825000259,C01,,,
34825000259,C02,,,
34825000262,C01,,,
34825000262,C02,,,
34825000264,C03,,,
34825000266,C01,,,
34825000266,C03,,,
34825000268,C01,,,
34825000268,C03,,,
34825000275,C01,,,
34825000275,C02,,,
34825000276,C01,,,
34825000276,C02,,,
34825000279,C01,,,
34825000279,C02,,,
34825000282,C01,,,
34825000282,C02,,,
34825000286,C01,,,
34825000286,C02,,,
34825000286,C03,,,
34825000287,C03,,,
34825000289,C01,,,
34825000289,C02,,,
34825000290,C01,,,
34825000291,C01,,,
34825000291,C02,,,
34825000293,C01,,,
34825000293,C02,,,
34825000295,C03,,,
34825000297,C01,,,
34825000300,C01,,,
34825000300,C02,,,
34825000302,C01,,,
34825000304,C01,,,
34825000307,C01,,,
34825000307,C02,,,
34825000309,C01,,,
34825000310,C03,,,
34825000311,C01,,,
34825000311,C02,,,
34825000312,C03,,,
34825000314,C01,,,
34825000314,C02,,,
34825000315,C01,,,
34825000315,C03,,,
34825000316,C06,,,
34825000320,C01,,,
34825000320,C02,,,
34825000322,C01,,,
34825000322,C03,,,
34825000324,C01,,,
34825000324,C02,,,
34825000325,C01,,,
34825000327,C01,,,
34825000327,C03,,,
34825000329,C01,,,
34825000329,C03,,,
34825000332,C01,,,
34825000332,C02,,,
34825000336,C01,,,
34825000336,C02,,,
34825000337,C01,,,
34825000338,C01,,,
34825000338,C02,,,
34825000341,C01,,,
34825000341,C02,,,
34825000346,C01,,,
34825000346,C02,,,
34825000347,C01,,,
34825000354,C03,,,
34827000044,C03,,,
34827000045,C03,,,
34827000054,C03,,,
34827000061,C03,,,
34827000083,C01,,,
34827000083,C02,,,
34827000104,C01,,,
34827000104,C02,,,
34827000104,C03,,,
34827000117,C01,,,
34827000117,C02,,,
34827000117,C03,,,
34827000124,C01,,,
34827000130,C01,,,
34827000130,C02,,,
34827000135,C01,,,
34827000135,C02,,,
34827000135,C03,,,
34827000139,C03,,,
34827000140,C01,,,
34827000140,C03,,,
34827000144,C03,,,
34827000146,C01,,,
34827000146,C02,,,
34827000146,C03,,,
34827000153,C01,,,
34827000153,C03,,,
34827000154,C01,,,
34827000154,C02,,,
34827000158,C01,,,
34827000158,C02,,,
34827000160,C01,,,
34827000160,C03,,,
34827000164,C01,,,
34827000164,C03,,,
34827000168,C01,,,
34827000168,C02,,,
34827000169,C01,,,
34827000170,C01,,,
34827000170,C02,,,
34827000171,C01,,,
34827000171,C03,,,
34827000171,I31,,,
34827000172,C01,,,
34827000172,C02,,,
34827000172,C06,,,
34827000173,C01,,,
34827000173,C02,,,
34827000177,C01,,,
34827000177,C02,,,
34827000178,C03,,,
34827000180,C01,,,
34827000180,C02,,,
34831000053,C01,,,
34831000053,C02,,,
34831000053,C06,,,
34831000058,C01,,,
34831000060,C01,,,
34831000060,C02,,,
34831000061,C01,,,
34831000061,C02,,,
34831000062,C01,,,
34831000062,C02,,,
34831000063,C03,,,
34831000064,C01,,,
34831000065,C01,,,
34831000066,C01,,,
34831000066,C02,,,
34831000067,C01,,,
34831000067,C02,,,
34831000068,C01,,,
34831000068,C02,,,
34831000068,C03,,,
34831000074,C01,,,
34831000074,C03,,,
34831000077,C01,,,
34831000077,C02,,,
34831000078,C01,,,
34831000078,C02,,,
34831000079,C01,,,
34831000080,C01,,,
34831000082,C03,,,
34833000012,C01,,,
34833000012,C02,,,
34833000014,C03,,,
34833000015,C03,,,
34833000034,C03,,,
34833000034,C04,,,
34833000083,C03,,,
34833000127,C01,,,
34833000127,C02,,,
34833000140,C01,,,
34833000140,C02,,,
34833000140,C03,,,
34833000142,C01,,,
34833000142,C02,,,
34833000144,C01,,,
34833000144,C03,,,
34833000154,C01,,,
34833000154,C02,,,
34833000154,C03,,,
34833000159,C01,,,
34833000161,C03,,,
34833000162,C01,,,
34833000162,C02,,,
34833000162,C03,,,
34833000167,C01,,,
34833000167,C02,,,
34833000177,C06,,,
34833000183,C01,,,
34833000183,C03,,,
34833000186,C01,,,
34833000186,C02,,,
34833000187,C01,,,
34833000187,C02,,,
34833000189,C01,,,
34833000190,C01,,,
34833000190,C02,,,
34833000193,C01,,,
34833000193,C02,,,
34833000204,C01,,,
34833000204,C03,,,
34833000204,C05,,,
34833000206,C01,,,
34833000206,C02,,,
34833000209,C01,,,
34833000209,C02,,,
34833000212,C03,,,
34833000214,C01,,,
34833000214,C03,,,
34833000216,C01,,,
34833000216,C03,,,
34833000219,C01,,,
34833000221,C01,,,
34833000223,C01,,,
34833000223,C02,,,
34833000224,C05,,,
34833000228,C03,,,
34833000230,C01,,,
34833000230,C02,,,
34833000235,C01,,,
34833000235,C02,,,
34833000236,C01,,,
34833000239,C01,,,
34833000241,C01,,,
34833000244,C01,,,
34833000246,C01,,,
34833000246,C02,,,
34833000247,C01,,,
34833000247,C02,,,
34833000250,C01,,,
34833000251,C01,,,
34833000251,C03,,,
34833000253,C01,,,
34833000253,C02,,,
34833000254,C01,,,
34833000254,C03,,,
34833000256,C01,,,
34833000256,C03,,,
34833000259,C01,,,
34833000259,C03,,,
34833000260,C01,,,
34833000264,C03,,,
34872000008,C03,,,
34872000039,C01,,,
34872000039,C02,,,
34872000042,C01,,,
34872000042,C02,,,
34872000044,C01,,,
34872000044,C02,,,
34872000051,C01,,,
34872000056,C01,,,
34872000056,C02,,,
34872000057,C01,,,
34872000062,C01,,,
34872000062,C02,,,
34872000065,C01,,,
34872000065,C02,,,
34873000023,C01,,,
34873000027,C03,,,
34873000032,C01,,,
34873000032,C02,,,
34873000041,C01,,,
34873000041,C02,,,
34873000044,C03,,,
34873000055,C01,,,
34873000055,C02,,,
34873000061,C01,,,
34873000061,C02,,,
34873000062,C01,,,
34873000064,C01,,,
34873000064,C02,,,
34873000069,C01,,,
34873000074,C01,,,
34873000074,C02,,,
34873000075,C01,,,
34873000075,C02,,,
34873000078,C01,,,
34873000078,C02,,,
34873000079,C01,,,
34873000079,C02,,,
34873000080,C01,,,
34873000081,C01,,,
34873000087,C01,,,
34873000089,C01,,,
34873000091,C01,,,
34873000091,C02,,,
34873000092,C01,,,
34873000093,C01,,,
34873000093,C02,,,
34873000097,C01,,,
34873000098,C01,,,
34873000098,C02,,,
34873000101,C02,,,
34873000102,C01,,,
34873000102,C02,,,
34873000107,C01,,,
34873000110,C01,,,
34873000111,C01,,,
34873000111,C03,,,
34874000046,C01,,,
34874000046,C02,,,
34874000046,C03,,,
34874000050,C01,,,
34874000050,C02,,,
34874000051,C06,,,
34874000062,C01,,,
34874000062,C02,,,
34874000072,C01,,,
34874000072,C02,,,
34874000073,C01,,,
34874000073,C02,,,
34874000076,C01,,,
34874000076,C02,,,
34874000077,C01,,,
34874000077,C02,,,
34874000077,C03,,,
34874000083,C01,,,
34874000084,C01,,,
34874000084,C02,,,
34874000086,C01,,,
34874000086,C02,,,
34874000088,C01,,,
34874000088,C03,,,
34874000090,C01,,,
34874000090,C02,,,
34874000092,C01,,,
34874000092,C02,,,
34874000101,C01,,,
34874000101,C02,,,
34874000102,C01,,,
34874000102,C02,,,
34874000103,C01,,,
34874000103,C03,,,
34882000017,C01,,,
34882000017,C03,,,
34882000029,C01,,,
34882000029,C02,,,
34882000045,C03,,,
34882000048,C01,,,
34882000048,C02,,,
34882000049,C01,,,
34882000049,C02,,,
34882000056,C01,,,
34882000056,C02,,,
34882000058,C02,,,
34882000059,C01,,,
34882000062,C01,,,
34882000063,C01,,,
34882000063,C02,,,
34884000027,C01,,,
34884000027,C02,,,
34884000030,C01,,,
34884000030,C02,,,
34884000033,C01,,,
34884000033,C02,,,
34884000034,C01,,,
34884000034,C02,,,
34884000036,C01,,,
34884000040,C01,,,
34884000040,C02,,,
34884000041,C01,,,
34884000041,C02,,,
34884000042,C01,,,
34884000042,C02,,,
34884000045,C01,,,
34884000045,C02,,,
34884000045,C03,,,
34884000047,C01,,,
34884000047,C02,,,
34884000047,C03,,,
34884000050,C01,,,
34884000050,C02,,,
34884000058,C01,,,
34884000058,C02,,,
34884000061,C01,,,
34884000061,C02,,,
34884000062,C01,,,
34884000062,C02,,,
34884000064,C01,,,
34884000064,C02,,,
34884000066,C01,,,
34884000066,C02,,,
34884000068,C03,,,
34884000069,C03,,,
34885000005,C01,,,
34885000005,C02,,,
34885000005,C03,,,
34885000014,C01,,,
34885000014,C02,,,
34885000014,C03,,,
34885000017,C01,,,
34885000017,C03,,,
34885000035,C01,,,
34885000035,C02,,,
34885000036,C01,,,
34885000039,C01,,,
34885000039,C02,,,
34885000039,C03,,,
34885000046,C01,,,
34885000050,C01,,,
34885000050,C02,,,
34885000053,C01,,,
34885000053,C02,,,
34885000064,C01,,,
34885000064,C02,,,
34885000067,C01,,,
34885000067,C02,,,
34885000073,C01,,,
34885000073,C02,,,
34885000073,C05,,,
34885000076,C01,,,
34885000076,C02,,,
34885000079,C01,,,
34885000079,C02,,,
34885000080,C01,,,
34885000080,C02,,,
34885000084,C01,,,
34885000084,C02,,,
34885000085,C01,,,
34885000085,C02,,,
34885000088,C01,,,
34885000090,C01,,,
34885000090,C02,,,
34885000092,C01,,,
34885000092,C02,,,
34885000093,C01,,,
34885000093,C02,,,
34885000095,C01,,,
34885000095,C03,,,
34885000097,C01,,,
34885000097,C02,,,
34886000021,C03,,,
34886000044,C06,,,
34886000055,C01,,,
34886000055,C02,,,
34886000064,C01,,,
34886000064,C02,,,
34886000064,C03,,,
34886000068,C01,,,
34886000068,C02,,,
34886000068,C03,,,
34886000068,C05,,,
34886000071,C03,,,
34886000072,C01,,,
34886000072,C02,,,
34886000072,C05,,,
34886000075,C06,,,
34886000076,C01,,,
34886000076,C02,,,
34886000076,C03,,,
34886000077,C01,,,
34886000079,C01,,,
34886000079,C02,,,
34886000080,C01,,,
34886000080,C03,,,
34886000081,C01,,,
34886000083,C01,,,
34886000083,C03,,,
34886000084,C01,,,
34886000084,C02,,,
34886000085,C01,,,
34886000085,C02,,,
34886000087,C01,,,
34887000009,C03,,,
34887000010,C03,,,
34887000043,C01,,,
34887000049,C01,,,
34887000049,C02,,,
34887000049,C03,,,
34887000050,C01,,,
34887000050,C02,,,
34887000050,C03,,,
34887000051,C01,,,
34887000051,C02,,,
34887000051,C03,,,
34887000054,C01,,,
34887000054,C02,,,
34887000057,C01,,,
34887000057,C02,,,
34887000065,C01,,,
34887000065,C02,,,
34887000068,C01,,,
34887000068,C02,,,
34887000068,C03,,,
34888000006,C01,,,
34888000006,C02,,,
34888000012,C01,,,
34888000012,C02,,,
34888000012,C03,,,
34888000020,C01,,,
34888000020,C02,,,
34888000039,C01,,,
34888000039,C02,,,
34888000051,C01,,,
34888000051,C02,,,
34888000055,C01,,,
34888000055,C02,,,
34888000055,C03,,,
34888000058,C01,,,
34888000058,C03,,,
34888000059,C01,,,
34888000059,C03,,,
34888000059,C05,,,
34888000060,C03,,,
34888000063,C03,,,
34888000064,C01,,,
34888000064,C03,,,
34888000069,C03,,,
34888000070,C03,,,
34888000073,C03,,,
34888000074,C01,,,
34888000074,C02,,,
34889000038,C02,,,
34889000071,C01,,,
34889000071,C02,,,
34889000071,C03,,,
34889000075,C03,,,
34889000084,C01,,,
34889000085,C03,,,
34889000086,C01,,,
34889000086,C02,,,
34889000089,C01,,,
34889000089,C02,,,
34889000092,C01,,,
35011000096,C03,,,
35011000098,C03,,,
35011000114,C03,,,
35011000136,C01,,,
35011000136,C02,,,
35011000136,C03,,,
35011000142,C01,,,
35011000142,C02,,,
35011000149,C01,,,
35011000149,C02,,,
35011000149,C06,,,
35011000153,C01,,,
35011000153,C02,,,
35011000161,C01,,,
35011000161,C02,,,
35011000161,C05,,,
35011000161,C06,,,
35011000174,C01,,,
35011000174,C02,,,
35011000177,C01,,,
35011000177,C02,,,
35011000185,C01,,,
35011000185,C02,,,
35011000185,C06,,,
35011000188,C01,,,
35011000188,C02,,,
35011000188,C03,,,
35011000191,C01,,,
35011000191,C02,,,
35011000191,C03,,,
35011000201,C01,,,
35011000201,C02,,,
35011000218,C03,,,
35011000219,C01,,,
35011000219,C02,,,
35011000230,C01,,,
35011000230,C03,,,
35011000234,C03,,,
35011000236,C01,,,
35011000236,C02,,,
35011000255,C03,,,
35011000259,C01,,,
35011000259,C02,,,
35011000259,C03,,,
35011000265,C01,,,
35011000265,C02,,,
35011000266,C03,,,
35011000270,C01,,,
35011000270,C02,,,
35011000271,C03,,,
35011000272,C01,,,
35011000273,C01,,,
35011000273,C02,,,
35011000274,C03,,,
35011000275,C01,,,
35011000275,C02,,,
35011000275,C03,,,
35011000276,C01,,,
35011000276,C03,,,
35011000277,C01,,,
35011000285,C01,,,
35011000285,C02,,,
35011000291,C03,,,
35011000293,C03,,,
35011000295,C03,,,
35011000296,C01,,,
35011000296,C02,,,
35011000296,C03,,,
35011000296,C05,,,
35011000299,C03,,,
35011000300,C03,,,
35011000301,C01,,,
35011000302,C06,,,
35011000304,C01,,,
35011000304,C02,,,
35011000304,C03,,,
35011000307,C01,,,
35011000307,C02,,,
35011000308,C01,,,
35011000308,C03,,,
35011000312,C03,,,
35013000010,C01,,,
35013000010,C02,,,
35013000010,C03,,,
35013000041,C01,,,
35013000041,C02,,,
35013000056,C01,,,
35013000056,C02,,,
35013000056,C03,,,
35013000057,C01,,,
35013000057,C02,,,
35013000057,C03,,,
35013000068,C01,,,
35013000068,C02,,,
35013000073,C01,,,
35013000073,C02,,,
35013000073,C03,,,
35013000087,C01,,,
35013000087,C02,,,
35013000090,C03,,,
35013000092,C01,,,
35013000092,C02,,,
35013000092,C03,,,
35013000095,C01,,,
35013000095,C03,,,
35013000103,C03,,,
35013000105,C01,,,
35013000105,C03,,,
35013000114,C03,,,
35013000118,C01,,,
35013000118,C02,,,
35013000119,C03,,,
35013000121,C01,,,
35013000121,C02,,,
